timestamp,timestamp_sample,gps_hvel[0],gps_hvel[1],gps_vvel,gps_hpos[0],gps_hpos[1],gps_vpos,ev_hvel[0],ev_hvel[1],ev_vvel,ev_hpos[0],ev_hpos[1],ev_vpos,rng_vpos,baro_vpos,aux_hvel[0],aux_hvel[1],aux_vvel,flow[0],flow[1],heading,mag_field[0],mag_field[1],mag_field[2],drag[0],drag[1],airspeed,beta,hagl
27198149,27197105,0.0,0.0,0.0,100.25,100.25,0.0,0.0,0.0,0.0,0.0,0.0,0.0,0.0,0.0,0.0,0.0,nan,0.0,0.0,0.27000105,0.0,0.0,0.0,0.0,0.0,0.0,0.0,0.0
27209580,27208827,0.0,0.0,0.0,100.25,100.25,0.0,0.0,0.0,0.0,0.0,0.0,0.0,0.0,0.0,0.0,0.0,nan,0.0,0.0,0.2685223,0.0,0.0,0.0,0.0,0.0,0.0,0.0,0.0
27695133,27694314,0.0,0.0,0.0,1.1254237,1.1254237,0.0,0.0,0.0,0.0,0.0,0.0,0.0,0.0,13.488596,0.0,0.0,nan,0.0,0.0,0.25504577,0.0,0.0,0.0,0.0,0.0,0.0,0.0,0.0
28198327,28197568,0.0,0.0,0.0,0.640235,0.64023477,0.0,0.0,0.0,0.0,0.0,0.0,0.0,0.0,12.949365,0.0,0.0,nan,0.0,0.0,0.25439602,0.0,0.0,0.0,0.0,0.0,0.0,0.0,0.0
28694114,28693368,0.0,0.0,0.0,0.515848,0.51584584,0.0,0.0,0.0,0.0,0.0,0.0,0.0,0.0,12.812847,0.0,0.0,nan,0.0,0.0,0.2543334,0.0,0.0,0.0,0.0,0.0,0.0,0.0,0.0
29202034,29201270,0.0,0.0,0.0,0.53283167,0.53283685,0.0,0.0,0.0,0.0,0.0,0.0,0.0,0.0,12.79305,0.0,0.0,nan,0.0,0.0,0.25394827,0.0,0.0,0.0,0.0,0.0,0.0,0.0,0.0
29690122,29689389,0.0,0.0,0.0,0.5330473,0.5330536,0.0,0.0,0.0,0.0,0.0,0.0,0.0,0.0,12.834433,0.0,0.0,nan,0.0,0.0,0.2535023,0.0,0.0,0.0,0.0,0.0,0.0,0.0,0.0
30194947,30194144,0.0,0.0,0.0,0.48269355,0.48269868,0.0,0.0,0.0,0.0,0.0,0.0,0.0,0.0,12.859587,0.0,0.0,nan,0.0,0.0,0.2531396,0.0,0.0,0.0,0.0,0.0,0.0,0.0,0.0
30699797,30699040,0.0,0.0,0.0,0.55041707,0.5504236,0.0,0.0,0.0,0.0,0.0,0.0,0.0,0.0,12.900087,0.0,0.0,nan,0.0,0.0,0.25274113,0.0,0.0,0.0,0.0,0.0,0.0,0.0,0.0
31202397,31201609,0.0,0.0,0.0,0.5242597,0.5242636,0.0,0.0,0.0,0.0,0.0,0.0,0.0,0.0,12.960872,0.0,0.0,nan,0.0,0.0,0.25239122,0.0,0.0,0.0,0.0,0.0,0.0,0.0,0.0
31694129,31693266,0.0,0.0,0.0,0.45117068,0.45117337,0.0,0.0,0.0,0.0,0.0,0.0,0.0,0.0,12.91671,0.0,0.0,nan,0.0,0.0,0.2521494,0.0,0.0,0.0,0.0,0.0,0.0,0.0,0.0
32202513,32201716,0.0,0.0,0.0,0.4447868,0.44478577,0.0,0.0,0.0,0.0,0.0,0.0,0.0,0.0,12.862201,0.0,0.0,nan,0.0,0.0,0.25194803,0.0,0.0,0.0,0.0,0.0,0.0,0.0,0.0
32694180,32693442,0.0,0.0,0.0,0.43947276,0.4394716,0.0,0.0,0.0,0.0,0.0,0.0,0.0,0.0,12.82433,0.0,0.0,nan,0.0,0.0,0.25177974,0.0,0.0,0.0,0.0,0.0,0.0,0.0,0.0
33194311,33193572,0.0,0.0,0.0,0.42027223,0.42027384,0.0,0.0,0.0,0.0,0.0,0.0,0.0,0.0,12.804356,0.0,0.0,nan,0.0,0.0,0.2516378,0.0,0.0,0.0,0.0,0.0,0.0,0.0,0.0
33698292,33697600,0.0,0.0,0.0,0.40310228,0.40310454,0.0,0.0,0.0,0.0,0.0,0.0,0.0,0.0,12.782053,0.0,0.0,nan,0.0,0.0,0.093800075,0.0,0.0,0.0,0.0,0.0,0.0,0.0,0.0
34194823,34194011,0.0,0.0,0.0,0.3824969,0.38249868,0.0,0.0,0.0,0.0,0.0,0.0,0.0,0.0,12.794321,0.0,0.0,nan,0.0,0.0,0.09200796,0.0,0.0,0.0,0.0,0.0,0.0,0.0,0.0
34694818,34693937,0.0,0.0,0.0,0.37433803,0.37433982,0.0,0.0,0.0,0.0,0.0,0.0,0.0,0.0,12.777703,0.0,0.0,nan,0.0,0.0,0.091411196,0.0,0.0,0.0,0.0,0.0,0.0,0.0,0.0
35195004,35194016,0.0,0.0,0.0,0.38050285,0.38050508,0.0,0.0,0.0,0.0,0.0,0.0,0.0,0.0,12.768642,0.0,0.0,nan,0.0,0.0,0.091139145,0.0,0.0,0.0,0.0,0.0,0.0,0.0,0.0
35702537,35701718,0.0,0.0,0.0,0.37899208,0.3789935,0.0,0.0,0.0,0.0,0.0,0.0,0.0,0.0,12.7611,0.0,0.0,nan,0.0,0.0,0.09099697,0.0,0.0,0.0,0.0,0.0,0.0,0.0,0.0
36198433,36197740,0.0,0.0,0.0,0.37726465,0.37726733,0.0,0.0,0.0,0.0,0.0,0.0,0.0,0.0,12.775036,0.0,0.0,nan,0.0,0.0,0.09093449,0.0,0.0,0.0,0.0,0.0,0.0,0.0,0.0
36698273,36697451,0.0,0.0,0.0,0.36377856,0.36378303,0.0,0.0,0.0,0.0,0.0,0.0,0.0,0.0,12.790551,0.0,0.0,nan,0.0,0.0,0.09090111,0.0,0.0,0.0,0.0,0.0,0.0,0.0,0.0
37198642,37197803,0.108718246,0.10871849,0.23276727,0.28824466,0.28824466,0.0,0.0,0.0,0.0,0.0,0.0,0.0,0.0,12.667783,0.0,0.0,nan,0.0,0.0,0.0908911,0.0,0.0,0.0,0.0,0.0,0.0,0.0,0.0
37694084,37693241,0.10589716,0.10589876,0.22572993,0.27401295,0.27401298,0.0,0.0,0.0,0.0,0.0,0.0,0.0,0.0,12.566492,0.0,0.0,nan,0.0,0.0,0.09088888,0.0,0.0,0.0,0.0,0.0,0.0,0.0,0.0
38202402,38201668,0.10789054,0.10789105,0.22520173,0.26911378,0.2691138,0.0,0.0,0.0,0.0,0.0,0.0,0.0,0.0,12.508248,0.0,0.0,nan,0.0,0.0,0.09088655,0.0,0.0,0.0,0.0,0.0,0.0,0.0,0.0
38694820,38693961,0.10784278,0.10784271,0.22535874,0.2670219,0.26702192,0.0,0.0,0.0,0.0,0.0,0.0,0.0,0.0,12.471998,0.0,0.0,nan,0.0,0.0,0.09088591,0.0,0.0,0.0,0.0,0.0,0.0,0.0,0.0
39202540,39201794,0.10647139,0.10647106,0.22472423,0.26603714,0.26603717,0.0,0.0,0.0,0.0,0.0,0.0,0.0,0.0,12.446095,0.0,0.0,nan,0.0,0.0,0.09088029,0.0,0.0,0.0,0.0,0.0,0.0,0.0,0.0
39702554,39701826,0.105158776,0.105157994,0.22348648,0.26554194,0.26554194,0.0,0.0,0.0,0.0,0.0,0.0,0.0,0.0,12.427492,0.0,0.0,nan,0.0,0.0,0.090866014,0.0,0.0,0.0,0.0,0.0,0.0,0.0,0.0
40195189,40194450,0.10373854,0.10373563,0.22205685,0.2652935,0.2652935,0.0,0.0,0.0,0.0,0.0,0.0,0.0,0.0,12.414306,0.0,0.0,nan,0.0,0.0,0.09084858,0.0,0.0,0.0,0.0,0.0,0.0,0.0,0.0
40695070,40694209,0.10270269,0.10270117,0.2206667,0.26527724,0.26527724,0.0,0.0,0.0,0.0,0.0,0.0,0.0,0.0,12.404759,0.0,0.0,nan,0.0,0.0,0.090832524,0.0,0.0,0.0,0.0,0.0,0.0,0.0,0.0
41195150,41194221,0.10203024,0.10202843,0.21910197,0.26499495,0.26499495,0.0,0.0,0.0,0.0,0.0,0.0,0.0,0.0,12.396695,0.0,0.0,nan,0.0,0.0,0.090809405,0.0,0.0,0.0,0.0,0.0,0.0,0.0,0.0
41694583,41693760,0.10153087,0.10152975,0.21806754,0.26519167,0.26519164,0.0,0.0,0.0,0.0,0.0,0.0,0.0,0.0,12.39115,0.0,0.0,nan,0.0,0.0,0.09078572,0.0,0.0,0.0,0.0,0.0,0.0,0.0,0.0
42191166,42190309,0.1011036,0.10110568,0.21690722,0.26508278,0.26508275,0.0,0.0,0.0,0.0,0.0,0.0,0.0,0.0,12.386002,0.0,0.0,nan,0.0,0.0,0.09076192,0.0,0.0,0.0,0.0,0.0,0.0,0.0,0.0
42695207,42694344,0.10068756,0.1006891,0.21585838,0.26490954,0.2649095,0.0,0.0,0.0,0.0,0.0,0.0,0.0,0.0,12.383366,0.0,0.0,nan,0.0,0.0,0.09073766,0.0,0.0,0.0,0.0,0.0,0.0,0.0,0.0
43194988,43194141,0.10028717,0.10028795,0.2150579,0.2649044,0.2649044,0.0,0.0,0.0,0.0,0.0,0.0,0.0,0.0,12.378439,0.0,0.0,nan,0.0,0.0,0.090710364,0.0,0.0,0.0,0.0,0.0,0.0,0.0,0.0
43703553,43702587,0.09990238,0.099903546,0.2143238,0.26489562,0.26489562,0.0,0.0,0.0,0.0,0.0,0.0,0.0,0.0,12.376117,0.0,0.0,nan,0.0,0.0,0.090686426,0.0,0.0,0.0,0.0,0.0,0.0,0.0,0.0
44202155,44201297,0.09951905,0.09952062,0.21370403,0.26487267,0.26487267,0.0,0.0,0.0,0.0,0.0,0.0,0.0,0.0,12.373613,0.0,0.0,nan,0.0,0.0,0.09066612,0.0,0.0,0.0,0.0,0.0,0.0,0.0,0.0
44698966,44698097,0.09917755,0.099179745,0.213128,0.2648485,0.26484853,0.0,0.0,0.0,0.0,0.0,0.0,0.0,0.0,12.372098,0.0,0.0,nan,0.0,0.0,0.09064624,0.0,0.0,0.0,0.0,0.0,0.0,0.0,0.0
45195149,45194400,0.105161496,0.10516339,0.21265504,0.26493156,0.26493165,0.0,0.0,0.0,0.0,0.0,0.0,0.0,0.0,12.372297,0.0,0.0,nan,0.0,0.0,0.09062547,0.0,0.0,0.0,0.0,0.0,0.0,0.0,0.0
45695260,45694388,0.10820679,0.108207375,0.21221963,0.26490098,0.26490107,0.0,0.0,0.0,0.0,0.0,0.0,0.0,0.0,12.369559,0.0,0.0,nan,0.0,0.0,0.090603225,0.0,0.0,0.0,0.0,0.0,0.0,0.0,0.0
46199112,46198290,0.1062268,0.10622954,0.21183516,0.26495656,0.26495662,0.0,0.0,0.0,0.0,0.0,0.0,0.0,0.0,12.368774,0.0,0.0,nan,0.0,0.0,0.09058627,0.0,0.0,0.0,0.0,0.0,0.0,0.0,0.0
46702659,46701784,0.1033279,0.10332969,0.2115092,0.26486036,0.2648604,0.0,0.0,0.0,0.0,0.0,0.0,0.0,0.0,12.367136,0.0,0.0,nan,0.0,0.0,0.09056627,0.0,0.0,0.0,0.0,0.0,0.0,0.0,0.0
47195321,47194567,0.10115667,0.10115771,0.21126404,0.26490682,0.26490685,0.0,0.0,0.0,0.0,0.0,0.0,0.0,0.0,12.366648,0.0,0.0,nan,0.0,0.0,0.09054964,0.0,0.0,0.0,0.0,0.0,0.0,0.0,0.0
47703144,47702311,0.099424675,0.09942481,0.21103512,0.26477605,0.26477608,0.0,0.0,0.0,0.0,0.0,0.0,0.0,0.0,12.365576,0.0,0.0,nan,0.0,0.0,0.09053181,0.0,0.0,0.0,0.0,0.0,0.0,0.0,0.0
48199113,48198353,0.09837304,0.09837328,0.2109553,0.26491225,0.26491228,0.0,0.0,0.0,0.0,0.0,0.0,0.0,0.0,12.365015,0.0,0.0,nan,0.0,0.0,0.090518065,0.0,0.0,0.0,0.0,0.0,0.0,0.0,0.0
48703102,48702136,0.097553164,0.09755367,0.21084403,0.26485643,0.26485646,0.0,0.0,0.0,0.0,0.0,0.0,0.0,0.0,12.365136,0.0,0.0,nan,0.0,0.0,0.09050134,0.0,0.0,0.0,0.0,0.0,0.0,0.0,0.0
49198969,49198103,0.0969718,0.09696977,0.2107975,0.26491103,0.26491106,0.0,0.0,0.0,0.0,0.0,0.0,0.0,0.0,12.365438,0.0,0.0,nan,0.0,0.0,0.09577743,0.0,0.0,0.0,0.0,0.0,0.0,0.0,0.0
49695397,49694515,0.09928526,0.099283054,0.21075332,0.2647562,0.2647562,0.0,0.0,0.0,0.0,0.0,0.0,0.0,0.0,12.3642,0.0,0.0,nan,0.0,0.0,0.09239609,0.0,0.0,0.0,0.0,0.0,0.0,0.0,0.0
50195353,50194577,0.10187651,0.10187838,0.21076614,0.26487666,0.2648766,0.0,0.0,0.0,0.0,0.0,0.0,0.0,0.0,12.364877,0.0,0.0,nan,0.0,0.0,0.09151385,0.0,0.0,0.0,0.0,0.0,0.0,0.0,0.0
50695334,50694548,0.10184611,0.10184652,0.21071292,0.26481733,0.26481733,0.0,0.0,0.0,0.0,0.0,0.0,0.0,0.0,12.364773,0.0,0.0,nan,0.0,0.0,0.091095895,0.0,0.0,0.0,0.0,0.0,0.0,0.0,0.0
51195897,51195116,0.100772515,0.10077309,0.21070066,0.2648264,0.26482642,0.0,0.0,0.0,0.0,0.0,0.0,0.0,0.0,12.363332,0.0,0.0,nan,0.0,0.0,0.09087025,0.0,0.0,0.0,0.0,0.0,0.0,0.0,0.0
51694900,51693960,0.09939532,0.09939422,0.21063767,0.26470095,0.264701,0.0,0.0,0.0,0.0,0.0,0.0,0.0,0.0,12.364055,0.0,0.0,nan,0.0,0.0,0.090719275,0.0,0.0,0.0,0.0,0.0,0.0,0.0,0.0
52195180,52194400,0.09836507,0.098360546,0.21064782,0.26471764,0.26471773,0.0,0.0,0.0,0.0,0.0,0.0,0.0,0.0,12.362716,0.0,0.0,nan,0.0,0.0,0.09062032,0.0,0.0,0.0,0.0,0.0,0.0,0.0,0.0
52694911,52694112,0.097564064,0.097559065,0.21064134,0.26470855,0.2647086,0.0,0.0,0.0,0.0,0.0,0.0,0.0,0.0,12.363183,0.0,0.0,nan,0.0,0.0,0.09054854,0.0,0.0,0.0,0.0,0.0,0.0,0.0,0.0
53195561,53194654,0.09695113,0.09694395,0.21062793,0.26463225,0.2646322,0.0,0.0,0.0,0.0,0.0,0.0,0.0,0.0,12.363574,0.0,0.0,nan,0.0,0.0,0.09049296,0.0,0.0,0.0,0.0,0.0,0.0,0.0,0.0
53699187,53698291,0.09666792,0.09666347,0.21067904,0.26467624,0.26467595,0.0,0.0,0.0,0.0,0.0,0.0,0.0,0.0,12.3623295,0.0,0.0,nan,0.0,0.0,0.09045315,0.0,0.0,0.0,0.0,0.0,0.0,0.0,0.0
54195496,54194603,0.09645544,0.09645354,0.21066502,0.26456738,0.26456696,0.0,0.0,0.0,0.0,0.0,0.0,0.0,0.0,12.363141,0.0,0.0,nan,0.0,0.0,0.090422295,0.0,0.0,0.0,0.0,0.0,0.0,0.0,0.0
54699396,54698310,0.096507296,0.09650428,0.21065797,0.2644912,0.26449075,0.0,0.0,0.0,0.0,0.0,0.0,0.0,0.0,12.363267,0.0,0.0,nan,0.0,0.0,0.09039773,0.0,0.0,0.0,0.0,0.0,0.0,0.0,0.0
55203219,55202386,0.09662358,0.09661874,0.21063878,0.26431912,0.26431856,0.0,0.0,0.0,0.0,0.0,0.0,0.0,0.0,12.361767,0.0,0.0,nan,0.0,0.0,0.09037785,0.0,0.0,0.0,0.0,0.0,0.0,0.0,0.0
55704118,55703123,0.09750202,0.09749731,0.21066868,0.2644228,0.26442212,0.0,0.0,0.0,0.0,0.0,0.0,0.0,0.0,12.362629,0.0,0.0,nan,0.0,0.0,0.09036414,0.0,0.0,0.0,0.0,0.0,0.0,0.0,0.0
56195992,56194646,0.09730278,0.097298376,0.2106796,0.26443398,0.26443323,0.0,0.0,0.0,0.0,0.0,0.0,0.0,0.0,12.3618,0.0,0.0,nan,0.0,0.0,0.090354204,0.0,0.0,0.0,0.0,0.0,0.0,0.0,0.0
56695831,56694618,0.09719495,0.097190574,0.21070737,0.26457024,0.2645694,0.0,0.0,0.0,0.0,0.0,0.0,0.0,0.0,12.362357,0.0,0.0,nan,0.0,0.0,0.09034511,0.0,0.0,0.0,0.0,0.0,0.0,0.0,0.0
57196010,57194821,0.09708625,0.09708334,0.21069178,0.26455665,0.2645558,0.0,0.0,0.0,0.0,0.0,0.0,0.0,0.0,12.3628645,0.0,0.0,nan,0.0,0.0,0.09033915,0.0,0.0,0.0,0.0,0.0,0.0,0.0,0.0
57703702,57702751,0.097027384,0.09702995,0.21066016,0.26440865,0.26440778,0.0,0.0,0.0,0.0,0.0,0.0,0.0,0.0,12.361703,0.0,0.0,nan,0.0,0.0,0.090334244,0.0,0.0,0.0,0.0,0.0,0.0,0.0,0.0
58203601,58202754,0.09698043,0.09699174,0.2106547,0.26443726,0.2644364,0.0,0.0,0.0,0.0,0.0,0.0,0.0,0.0,12.362612,0.0,0.0,nan,0.0,0.0,0.09033104,0.0,0.0,0.0,0.0,0.0,0.0,0.0,0.0
58703436,58702222,0.09686403,0.09688633,0.2107059,0.26457006,0.2645697,0.0,0.0,0.0,0.0,0.0,0.0,0.0,0.0,12.361828,0.0,0.0,nan,0.0,0.0,0.09032845,0.0,0.0,0.0,0.0,0.0,0.0,0.0,0.0
59203580,59202419,0.09678985,0.09683118,0.21069698,0.26456288,0.26456344,0.0,0.0,0.0,0.0,0.0,0.0,0.0,0.0,12.362084,0.0,0.0,nan,0.0,0.0,0.09032627,0.0,0.0,0.0,0.0,0.0,0.0,0.0,0.0
59699527,59698623,0.09669923,0.096747406,0.21072173,0.2646557,0.26465762,0.0,0.0,0.0,0.0,0.0,0.0,0.0,0.0,12.362957,0.0,0.0,nan,0.0,0.0,0.09032565,0.0,0.0,0.0,0.0,0.0,0.0,0.0,0.0
60195808,60194929,0.09650956,0.096559696,0.21069868,0.26457998,0.26458347,0.0,0.0,0.0,0.0,0.0,0.0,0.0,0.0,12.362512,0.0,0.0,nan,0.0,0.0,0.09032386,0.0,0.0,0.0,0.0,0.0,0.0,0.0,0.0
60700030,60698929,0.09635376,0.09638838,0.21066186,0.26438916,0.26439413,0.0,0.0,0.0,0.0,0.0,0.0,0.0,0.0,12.362703,0.0,0.0,nan,0.0,0.0,0.09032326,0.0,0.0,0.0,0.0,0.0,0.0,0.0,0.0
61195094,61194217,0.09634181,0.09636499,0.21069062,0.26449677,0.26450256,0.0,0.0,0.0,0.0,0.0,0.0,0.0,0.0,12.362291,0.0,0.0,nan,0.0,0.0,0.09032357,0.0,0.0,0.0,0.0,0.0,0.0,0.0,0.0
61699650,61698712,0.09624314,0.096254654,0.21066076,0.26433393,0.26433924,0.0,0.0,0.0,0.0,0.0,0.0,0.0,0.0,12.362472,0.0,0.0,nan,0.0,0.0,0.090323545,0.0,0.0,0.0,0.0,0.0,0.0,0.0,0.0
62203503,62202742,0.09624224,0.0962463,0.21054934,0.2639901,0.2639943,0.0,0.0,0.0,0.0,0.0,0.0,0.0,0.0,12.360501,0.0,0.0,nan,0.0,0.0,0.09032334,0.0,0.0,0.0,0.0,0.0,0.0,0.0,0.0
62703398,62702564,0.096206896,0.096205495,0.21066537,0.26439604,0.2643995,0.0,0.0,0.0,0.0,0.0,0.0,0.0,0.0,12.362776,0.0,0.0,nan,0.0,0.0,0.090326674,0.0,0.0,0.0,0.0,0.0,0.0,0.0,0.0
63195620,63194868,0.096101314,0.0960914,0.21073867,0.26456368,0.26456577,0.0,0.0,0.0,0.0,0.0,0.0,0.0,0.0,12.362664,0.0,0.0,nan,0.0,0.0,0.09032808,0.0,0.0,0.0,0.0,0.0,0.0,0.0,0.0
63695281,63694426,0.09600758,0.09599888,0.21071087,0.26447365,0.26447427,0.0,0.0,0.0,0.0,0.0,0.0,0.0,0.0,12.362218,0.0,0.0,nan,0.0,0.0,0.09032718,0.0,0.0,0.0,0.0,0.0,0.0,0.0,0.0
64199818,64198944,0.09597702,0.095970914,0.21070945,0.26440722,0.26440668,0.0,0.0,0.0,0.0,0.0,0.0,0.0,0.0,12.362393,0.0,0.0,nan,0.0,0.0,0.09032659,0.0,0.0,0.0,0.0,0.0,0.0,0.0,0.0
64699962,64698973,0.09592124,0.095910266,0.21072346,0.2644601,0.26445854,0.0,0.0,0.0,0.0,0.0,0.0,0.0,0.0,12.362911,0.0,0.0,nan,0.0,0.0,0.09032553,0.0,0.0,0.0,0.0,0.0,0.0,0.0,0.0
65202936,65202179,0.095856294,0.0958425,0.21066768,0.26429227,0.26429015,0.0,0.0,0.0,0.0,0.0,0.0,0.0,0.0,12.362146,0.0,0.0,nan,0.0,0.0,0.090322904,0.0,0.0,0.0,0.0,0.0,0.0,0.0,0.0
65703681,65702777,0.09587762,0.095858894,0.21069032,0.264378,0.2643751,0.0,0.0,0.0,0.0,0.0,0.0,0.0,0.0,12.362351,0.0,0.0,nan,0.0,0.0,0.0903225,0.0,0.0,0.0,0.0,0.0,0.0,0.0,0.0
66203189,66202436,0.095829144,0.09581272,0.2106594,0.26422003,0.26421666,0.0,0.0,0.0,0.0,0.0,0.0,0.0,0.0,12.361619,0.0,0.0,nan,0.0,0.0,0.09032009,0.0,0.0,0.0,0.0,0.0,0.0,0.0,0.0
66695598,66694839,0.0958558,0.09583876,0.21068308,0.2643113,0.26430744,0.0,0.0,0.0,0.0,0.0,0.0,0.0,0.0,12.362166,0.0,0.0,nan,0.0,0.0,0.09031853,0.0,0.0,0.0,0.0,0.0,0.0,0.0,0.0
67199570,67198819,0.0957747,0.09576088,0.21068956,0.26428065,0.2642766,0.0,0.0,0.0,0.0,0.0,0.0,0.0,0.0,12.362058,0.0,0.0,nan,0.0,0.0,0.09031569,0.0,0.0,0.0,0.0,0.0,0.0,0.0,0.0
67699588,67698707,0.09558542,0.09556955,0.21063918,0.26413,0.2641259,0.0,0.0,0.0,0.0,0.0,0.0,0.0,0.0,12.361657,0.0,0.0,nan,0.0,0.0,0.09031313,0.0,0.0,0.0,0.0,0.0,0.0,0.0,0.0
68203494,68202570,0.09556237,0.095543616,0.21068698,0.2642168,0.2642124,0.0,0.0,0.0,0.0,0.0,0.0,0.0,0.0,12.362208,0.0,0.0,nan,0.0,0.0,0.09031153,0.0,0.0,0.0,0.0,0.0,0.0,0.0,0.0
68704063,68703118,0.09556451,0.095542714,0.21067442,0.2641899,0.26418513,0.0,0.0,0.0,0.0,0.0,0.0,0.0,0.0,12.362422,0.0,0.0,nan,0.0,0.0,0.090308264,0.0,0.0,0.0,0.0,0.0,0.0,0.0,0.0
69203045,69202291,0.0955637,0.09554288,0.21066248,0.26417038,0.26416513,0.0,0.0,0.0,0.0,0.0,0.0,0.0,0.0,12.362019,0.0,0.0,nan,0.0,0.0,0.090305544,0.0,0.0,0.0,0.0,0.0,0.0,0.0,0.0
69703209,69702448,0.09558271,0.09556309,0.21067193,0.26414979,0.26414427,0.0,0.0,0.0,0.0,0.0,0.0,0.0,0.0,12.361619,0.0,0.0,nan,0.0,0.0,0.090302736,0.0,0.0,0.0,0.0,0.0,0.0,0.0,0.0
70195953,70194962,0.09566499,0.09565265,0.21066181,0.2641464,0.264141,0.0,0.0,0.0,0.0,0.0,0.0,0.0,0.0,12.362142,0.0,0.0,nan,0.0,0.0,0.09030015,0.0,0.0,0.0,0.0,0.0,0.0,0.0,0.0
70695724,70694958,0.09565486,0.09565,0.2106803,0.26423153,0.26422653,0.0,0.0,0.0,0.0,0.0,0.0,0.0,0.0,12.362061,0.0,0.0,nan,0.0,0.0,0.09029785,0.0,0.0,0.0,0.0,0.0,0.0,0.0,0.0
71192735,71191766,0.09564176,0.09564547,0.21064782,0.2640948,0.2640911,0.0,0.0,0.0,0.0,0.0,0.0,0.0,0.0,12.361975,0.0,0.0,nan,0.0,0.0,0.0902954,0.0,0.0,0.0,0.0,0.0,0.0,0.0,0.0
71696110,71695233,0.095706955,0.09571801,0.21067387,0.2642231,0.2642213,0.0,0.0,0.0,0.0,0.0,0.0,0.0,0.0,12.362518,0.0,0.0,nan,0.0,0.0,0.0902927,0.0,0.0,0.0,0.0,0.0,0.0,0.0,0.0
72203746,72202976,0.095690176,0.095690995,0.21064265,0.2640998,0.26409906,0.0,0.0,0.0,0.0,0.0,0.0,0.0,0.0,12.362046,0.0,0.0,nan,0.0,0.0,0.090292,0.0026479957,0.0026510388,0.0026495506,0.0,0.0,0.0,0.0,0.0
72705122,72703027,0.095750995,0.095929876,0.21062064,0.2641251,0.26412404,0.0,0.0,0.0,0.0,0.0,0.0,0.0,0.0,12.36197,0.0,0.0,nan,0.0,0.0,0.090292,0.0025895385,0.0025635918,0.0025884851,0.0,0.0,0.0,0.0,0.0
73204128,73203298,0.09578939,0.09668671,0.21062872,0.26414648,0.26415178,0.0,0.0,0.0,0.0,0.0,0.0,0.0,0.0,12.362506,0.0,0.0,nan,0.0,0.0,0.090292,0.0025517212,0.002541202,0.0025508723,0.0,0.0,0.0,0.0,0.0
73696892,73694839,0.095814504,0.09719223,0.21066089,0.26426998,0.26431677,0.0,0.0,0.0,0.0,0.0,0.0,0.0,0.0,12.362083,0.0,0.0,nan,0.0,0.0,0.090292,0.0025312083,0.0025302377,0.0025310388,0.0,0.0,0.0,0.0,0.0
74195945,74195082,0.095797665,0.09656453,0.21061103,0.26415613,0.26425424,0.0,0.0,0.0,0.0,0.0,0.0,0.0,0.0,12.361956,0.0,0.0,nan,0.0,0.0,0.090292,0.0025360791,0.0025247554,0.0025355723,0.0,0.0,0.0,0.0,0.0
74699757,74698985,0.09575525,0.095850386,0.21061628,0.2641714,0.26428488,0.0,0.0,0.0,0.0,0.0,0.0,0.0,0.0,12.361883,0.0,0.0,nan,0.0,0.0,0.090292,0.0025283536,0.0025205829,0.0025272174,0.0,0.0,0.0,0.0,0.0
75196258,75195378,0.09574685,0.09572012,0.21060754,0.26416567,0.26424506,0.0,0.0,0.0,0.0,0.0,0.0,0.0,0.0,12.362087,0.0,0.0,nan,0.0,0.0,0.090292,0.0025211198,0.002517899,0.0025203968,0.0,0.0,0.0,0.0,0.0
75696347,75695509,0.095810786,0.09588571,0.2106606,0.26425764,0.26429114,0.0,0.0,0.0,0.0,0.0,0.0,0.0,0.0,12.361975,0.0,0.0,nan,0.0,0.0,0.090292,0.0025180047,0.0025159707,0.0025172988,0.0,0.0,0.0,0.0,0.0
76205263,76203205,0.095733695,0.09595804,0.21065591,0.26423457,0.26423612,0.0,0.0,0.0,0.0,0.0,0.0,0.0,0.0,12.361899,0.0,0.0,nan,0.0,0.0,0.090292,0.002516002,0.002514633,0.0025152531,0.0,0.0,0.0,0.0,0.0
76697476,76695430,0.09577367,0.09613017,0.21068864,0.264327,0.26431862,0.0,0.0,0.0,0.0,0.0,0.0,0.0,0.0,12.362118,0.0,0.0,nan,0.0,0.0,0.090292,0.0025144792,0.0025133442,0.0025138208,0.0,0.0,0.0,0.0,0.0
77195819,77194943,0.0957426,0.09620555,0.21070094,0.26428348,0.2642849,0.0,0.0,0.0,0.0,0.0,0.0,0.0,0.0,12.361715,0.0,0.0,nan,0.0,0.0,0.09038401,0.002513451,0.002512761,0.0025128012,0.0,0.0,0.0,0.0,0.0
77699983,77699200,0.09571533,0.09619776,0.21068786,0.26424098,0.26426247,0.0,0.0,0.0,0.0,0.0,0.0,0.0,0.0,12.361918,0.0,0.0,nan,0.0,0.0,0.090356626,0.002513451,0.002512761,0.0025128012,0.0,0.0,0.0,0.0,0.0
78196445,78195488,0.095718145,0.09618085,0.21068342,0.26424024,0.26428404,0.0,0.0,0.0,0.0,0.0,0.0,0.0,0.0,12.362161,0.0,0.0,nan,0.0,0.0,0.09033581,0.002513451,0.002512761,0.0025128012,0.0,0.0,0.0,0.0,0.0
78696122,78695278,0.09566728,0.09607647,0.21066053,0.2641146,0.2641734,0.0,0.0,0.0,0.0,0.0,0.0,0.0,0.0,12.361465,0.0,0.0,nan,0.0,0.0,0.09031362,0.002513451,0.002512761,0.0025128012,0.0,0.0,0.0,0.0,0.0
79203534,79202669,0.09564733,0.09598181,0.2106536,0.26412535,0.26419637,0.0,0.0,0.0,0.0,0.0,0.0,0.0,0.0,12.361724,0.0,0.0,nan,0.0,0.0,0.090297714,0.002513451,0.002512761,0.0025128012,0.0,0.0,0.0,0.0,0.0
79703617,79702860,0.095677674,0.09595259,0.210698,0.26422936,0.2643078,0.0,0.0,0.0,0.0,0.0,0.0,0.0,0.0,12.361973,0.0,0.0,nan,0.0,0.0,0.09028494,0.002513451,0.002512761,0.0025128012,0.0,0.0,0.0,0.0,0.0
80196306,80195427,0.095619425,0.09583349,0.21067564,0.26419994,0.26427704,0.0,0.0,0.0,0.0,0.0,0.0,0.0,0.0,12.361908,0.0,0.0,nan,0.0,0.0,0.090275355,0.002513451,0.002512761,0.0025128012,0.0,0.0,0.0,0.0,0.0
80692303,80691456,0.0956159,0.09576692,0.21065341,0.2641793,0.2642511,0.0,0.0,0.0,0.0,0.0,0.0,0.0,0.0,12.362523,0.0,0.0,nan,0.0,0.0,0.0902674,0.002513451,0.002512761,0.0025128012,0.0,0.0,0.0,0.0,0.0
81196300,81195419,0.09562119,0.09569003,0.21065067,0.26415125,0.2642113,0.0,0.0,0.0,0.0,0.0,0.0,0.0,0.0,12.361747,0.0,0.0,nan,0.0,0.0,0.09026079,0.002513451,0.002512761,0.0025128012,0.0,0.0,0.0,0.0,0.0
81696424,81695539,0.09566891,0.09572436,0.21066014,0.2642438,0.26429182,0.0,0.0,0.0,0.0,0.0,0.0,0.0,0.0,12.361966,0.0,0.0,nan,0.0,0.0,0.09025493,0.002513451,0.002512761,0.0025128012,0.0,0.0,0.0,0.0,0.0
82196267,82195498,0.0956464,0.095671706,0.2106524,0.26420912,0.26424658,0.0,0.0,0.0,0.0,0.0,0.0,0.0,0.0,12.361562,0.0,0.0,nan,0.0,0.0,0.09025097,0.002513451,0.002512761,0.0025128012,0.0,0.0,0.0,0.0,0.0
82699774,82698961,0.095632166,0.09563358,0.21062668,0.26418424,0.26421207,0.0,0.0,0.0,0.0,0.0,0.0,0.0,0.0,12.361772,0.0,0.0,nan,0.0,0.0,0.090246774,0.002513451,0.002512761,0.0025128012,0.0,0.0,0.0,0.0,0.0
83204556,83203589,0.09564913,0.09563532,0.21060379,0.26416785,0.26418668,0.0,0.0,0.0,0.0,0.0,0.0,0.0,0.0,12.361994,0.0,0.0,nan,0.0,0.0,0.09024292,0.002513451,0.002512761,0.0025128012,0.0,0.0,0.0,0.0,0.0
83696528,83695692,0.09565434,0.09563585,0.210608,0.26416647,0.26417774,0.0,0.0,0.0,0.0,0.0,0.0,0.0,0.0,12.361617,0.0,0.0,nan,0.0,0.0,0.09023931,0.002513451,0.002512761,0.0025128012,0.0,0.0,0.0,0.0,0.0
84196406,84195557,0.09562653,0.095611624,0.2105882,0.26415682,0.2641623,0.0,0.0,0.0,0.0,0.0,0.0,0.0,0.0,12.361829,0.0,0.0,nan,0.0,0.0,0.09023653,0.002513451,0.002512761,0.0025128012,0.0,0.0,0.0,0.0,0.0
84699798,84698930,0.09562874,0.09561843,0.21059299,0.2641491,0.26415077,0.0,0.0,0.0,0.0,0.0,0.0,0.0,0.0,12.361444,0.0,0.0,nan,0.0,0.0,0.09023333,0.002513451,0.002512761,0.0025128012,0.0,0.0,0.0,0.0,0.0
85196508,85195565,0.095609665,0.09560145,0.21057633,0.26414362,0.26414323,0.0,0.0,0.0,0.0,0.0,0.0,0.0,0.0,12.361664,0.0,0.0,nan,0.0,0.0,0.09023048,0.002513451,0.002512761,0.0025128012,0.0,0.0,0.0,0.0,0.0
85696035,85695097,0.09557278,0.09556875,0.21052854,0.2640367,0.26403555,0.0,0.0,0.0,0.0,0.0,0.0,0.0,0.0,12.361587,0.0,0.0,nan,0.0,0.0,0.09022799,0.002513451,0.002512761,0.0025128012,0.0,0.0,0.0,0.0,0.0
86200678,86199911,0.09559741,0.095595255,0.21054515,0.26406622,0.2640651,0.0,0.0,0.0,0.0,0.0,0.0,0.0,0.0,12.361242,0.0,0.0,nan,0.0,0.0,0.09022561,0.002513451,0.002512761,0.0025128012,0.0,0.0,0.0,0.0,0.0
86696409,86695535,0.09561135,0.095608845,0.2105658,0.26417118,0.2641704,0.0,0.0,0.0,0.0,0.0,0.0,0.0,0.0,12.361482,0.0,0.0,nan,0.0,0.0,0.09022351,0.002513451,0.002512761,0.0025128012,0.0,0.0,0.0,0.0,0.0
87196618,87195768,0.095587954,0.09558198,0.21053883,0.26405403,0.2640537,0.0,0.0,0.0,0.0,0.0,0.0,0.0,0.0,12.36112,0.0,0.0,nan,0.0,0.0,0.09022122,0.002513451,0.002512761,0.0025128012,0.0,0.0,0.0,0.0,0.0
87692528,87691670,0.09561105,0.09560632,0.21056436,0.26417652,0.26417625,0.0,0.0,0.0,0.0,0.0,0.0,0.0,0.0,12.36138,0.0,0.0,nan,0.0,0.0,0.09021866,0.002513451,0.002512761,0.0025128012,0.0,0.0,0.0,0.0,0.0
88196116,88195027,0.0955913,0.09558769,0.21054637,0.264155,0.2641547,0.0,0.0,0.0,0.0,0.0,0.0,0.0,0.0,12.361616,0.0,0.0,nan,0.0,0.0,0.0902157,0.002513451,0.002512761,0.0025128012,0.0,0.0,0.0,0.0,0.0
88700522,88699761,0.09560959,0.09560518,0.21056099,0.26423758,0.2642372,0.0,0.0,0.0,0.0,0.0,0.0,0.0,0.0,12.362561,0.0,0.0,nan,0.0,0.0,0.09021368,0.002513451,0.002512761,0.0025128012,0.0,0.0,0.0,0.0,0.0
89200804,89199902,0.095610596,0.0956062,0.21056189,0.264201,0.2642004,0.0,0.0,0.0,0.0,0.0,0.0,0.0,0.0,12.361469,0.0,0.0,nan,0.0,0.0,0.09021143,0.002513451,0.002512761,0.0025128012,0.0,0.0,0.0,0.0,0.0
89695871,89695112,0.09560722,0.09560334,0.21056965,0.26425853,0.26425776,0.0,0.0,0.0,0.0,0.0,0.0,0.0,0.0,12.362712,0.0,0.0,nan,0.0,0.0,0.09020944,0.002513451,0.002512761,0.0025128012,0.0,0.0,0.0,0.0,0.0
90200643,90199758,0.095623605,0.095619746,0.21059771,0.2643095,0.26430863,0.0,0.0,0.0,0.0,0.0,0.0,0.0,0.0,12.361901,0.0,0.0,nan,0.0,0.0,0.09020788,0.002513451,0.002512761,0.0025128012,0.0,0.0,0.0,0.0,0.0
90696651,90695784,0.09557503,0.09557109,0.21053272,0.26413462,0.2641337,0.0,0.0,0.0,0.0,0.0,0.0,0.0,0.0,12.362464,0.0,0.0,nan,0.0,0.0,0.09020585,0.002513451,0.002512761,0.0025128012,0.0,0.0,0.0,0.0,0.0
91196620,91195328,0.095592596,0.095588915,0.21054816,0.26422313,0.26422215,0.0,0.0,0.0,0.0,0.0,0.0,0.0,0.0,12.363005,0.0,0.0,nan,0.0,0.0,0.090203956,0.002513451,0.002512761,0.0025128012,0.0,0.0,0.0,0.0,0.0
91697073,91696292,0.095596336,0.09559271,0.21054849,0.26418772,0.26418674,0.0,0.0,0.0,0.0,0.0,0.0,0.0,0.0,12.361545,0.0,0.0,nan,0.0,0.0,0.09020269,0.002513451,0.002512761,0.0025128012,0.0,0.0,0.0,0.0,0.0
92193363,92192385,0.09563372,0.095629685,0.21056798,0.26427963,0.2642786,0.0,0.0,0.0,0.0,0.0,0.0,0.0,0.0,12.3624325,0.0,0.0,nan,0.0,0.0,0.09020132,0.002513451,0.002512761,0.0025128012,0.0,0.0,0.0,0.0,0.0
92700355,92699283,0.09558156,0.09557744,0.21054164,0.26423407,0.26423296,0.0,0.0,0.0,0.0,0.0,0.0,0.0,0.0,12.362638,0.0,0.0,nan,0.0,0.0,0.090199396,0.002513451,0.002512761,0.0025128012,0.0,0.0,0.0,0.0,0.0
93200524,93199392,0.095600225,0.09559601,0.21054478,0.2642036,0.26420242,0.0,0.0,0.0,0.0,0.0,0.0,0.0,0.0,12.361528,0.0,0.0,nan,0.0,0.0,0.09019755,0.002513451,0.002512761,0.0025128012,0.0,0.0,0.0,0.0,0.0
93697146,93696060,0.095588356,0.0955843,0.21052614,0.26417685,0.26417565,0.0,0.0,0.0,0.0,0.0,0.0,0.0,0.0,12.362764,0.0,0.0,nan,0.0,0.0,0.09019618,0.002513451,0.002512761,0.0025128012,0.0,0.0,0.0,0.0,0.0
94204977,94203897,0.09562856,0.09562454,0.21051449,0.264179,0.2641778,0.0,0.0,0.0,0.0,0.0,0.0,0.0,0.0,12.362648,0.0,0.0,nan,0.0,0.0,0.09019444,0.002513451,0.002512761,0.0025128012,0.0,0.0,0.0,0.0,0.0
94696498,94695637,0.09557967,0.09557571,0.21052384,0.26416576,0.2641646,0.0,0.0,0.0,0.0,0.0,0.0,0.0,0.0,12.362562,0.0,0.0,nan,0.0,0.0,0.09019342,0.002513451,0.002512761,0.0025128012,0.0,0.0,0.0,0.0,0.0
95201369,95200182,0.09559006,0.09558621,0.21050759,0.2641555,0.26415443,0.0,0.0,0.0,0.0,0.0,0.0,0.0,0.0,12.362441,0.0,0.0,nan,0.0,0.0,0.090191685,0.002513451,0.002512761,0.0025128012,0.0,0.0,0.0,0.0,0.0
95701227,95700156,0.095598735,0.09559472,0.21052164,0.26416662,0.26416555,0.0,0.0,0.0,0.0,0.0,0.0,0.0,0.0,12.362046,0.0,0.0,nan,0.0,0.0,0.09019034,0.002513451,0.002512761,0.0025128012,0.0,0.0,0.0,0.0,0.0
96197627,96196339,0.095562436,0.09556014,0.21050426,0.26414692,0.26414588,0.0,0.0,0.0,0.0,0.0,0.0,0.0,0.0,12.362889,0.0,0.0,nan,0.0,0.0,0.09018935,0.002513451,0.002512761,0.0025128012,0.0,0.0,0.0,0.0,0.0
96697565,96696267,0.09557948,0.09564752,0.21051113,0.2641389,0.26413843,0.0,0.0,0.0,0.0,0.0,0.0,0.0,0.0,12.362128,0.0,0.0,nan,0.0,0.0,0.09018758,0.002513451,0.002512761,0.0025128012,0.0,0.0,0.0,0.0,0.0
97197282,97196194,0.09561793,0.09579989,0.21050768,0.26414934,0.26415324,0.0,0.0,0.0,0.0,0.0,0.0,0.0,0.0,12.362334,0.0,0.0,nan,0.0,0.0,0.090185106,0.002513451,0.002512761,0.0025128012,0.0,0.0,0.0,0.0,0.0
97701002,97700152,0.09557536,0.095761,0.21049958,0.26411846,0.26412097,0.0,0.0,0.0,0.0,0.0,0.0,0.0,0.0,12.362521,0.0,0.0,nan,0.0,0.0,0.09018401,0.002665299,0.00258374,0.0026666836,0.0,0.0,0.0,0.0,0.0
98197837,98195749,0.09562649,0.09578753,0.2105282,0.26413262,0.26413637,0.0,0.0,0.0,0.0,0.0,0.0,0.0,0.0,12.362129,0.0,0.0,nan,0.0,0.0,0.09018401,0.0025657988,0.002547391,0.0025659713,0.0,0.0,0.0,0.0,0.0
98693355,98692494,0.0956375,0.09566125,0.21052809,0.2641316,0.26414,0.0,0.0,0.0,0.0,0.0,0.0,0.0,0.0,12.3623495,0.0,0.0,nan,0.0,0.0,0.09018401,0.002541923,0.0025390354,0.0025420696,0.0,0.0,0.0,0.0,0.0
99196557,99195794,0.095685095,0.0956442,0.21056794,0.26422054,0.26422536,0.0,0.0,0.0,0.0,0.0,0.0,0.0,0.0,12.362571,0.0,0.0,nan,0.0,0.0,0.09018401,0.0025428894,0.0025872225,0.0025323036,0.0,0.0,0.0,0.0,0.0
99697122,99696347,0.096147195,0.09595789,0.21054357,0.26419872,0.26419508,0.0,0.0,0.0,0.0,0.0,0.0,0.0,0.0,12.362756,0.0,0.0,nan,0.0,0.0,0.09018401,0.0025549182,0.0025744715,0.0025242919,0.0,0.0,0.0,0.0,0.0
100201854,100199796,0.09686984,0.09662424,0.2105485,0.2641962,0.26417723,0.0,0.0,0.0,0.0,0.0,0.0,0.0,0.0,12.362294,0.0,0.0,nan,0.0,0.0,0.09018401,0.002560799,0.0025598493,0.002522194,0.0,0.0,0.0,0.0,0.0
100698410,100696287,0.097660184,0.097450934,0.21055438,0.26423895,0.2641984,0.0,0.0,0.0,0.0,0.0,0.0,0.0,0.0,12.36277,0.0,0.0,nan,0.0,0.0,0.09018401,0.0025342978,0.0025353625,0.0025179994,0.0,0.0,0.0,0.0,0.0
101198257,101196195,0.09763808,0.09787684,0.21057245,0.2643228,0.26427075,0.0,0.0,0.0,0.0,0.0,0.0,0.0,0.0,12.362334,0.0,0.0,nan,0.0,0.0,0.09018401,0.0025239189,0.0025268751,0.0025151786,0.0,0.0,0.0,0.0,0.0
101693415,101692546,0.09738661,0.09774949,0.21053007,0.26438266,0.26435122,0.0,0.0,0.0,0.0,0.0,0.0,0.0,0.0,12.3625,0.0,0.0,nan,0.0,0.0,0.09018401,0.0025208227,0.0025211296,0.0025133803,0.0,0.0,0.0,0.0,0.0
102197175,102196408,0.09724951,0.09742115,0.21051455,0.2644174,0.26441973,0.0,0.0,0.0,0.0,0.0,0.0,0.0,0.0,12.362064,0.0,0.0,nan,0.0,0.0,0.09018401,0.0025176518,0.0025178979,0.002512072,0.0,0.0,0.0,0.0,0.0
102694701,102692550,0.09699113,0.096976385,0.2105327,0.2644346,0.26446018,0.0,0.0,0.0,0.0,0.0,0.0,0.0,0.0,12.3625555,0.0,0.0,nan,0.0,0.0,0.09018401,0.0025155786,0.002515516,0.002511021,0.0,0.0,0.0,0.0,0.0
103197986,103197134,0.096704885,0.096567236,0.21050414,0.2643394,0.26437157,0.0,0.0,0.0,0.0,0.0,0.0,0.0,0.0,12.362427,0.0,0.0,nan,0.0,0.0,0.09018401,0.0025140983,0.0025137765,0.0025101348,0.0,0.0,0.0,0.0,0.0
103698823,103696653,0.09645729,0.096246995,0.21053658,0.2643516,0.2643785,0.0,0.0,0.0,0.0,0.0,0.0,0.0,0.0,12.361719,0.0,0.0,nan,0.0,0.0,0.09018401,0.0025129034,0.002512472,0.0025093926,0.0,0.0,0.0,0.0,0.0
104197474,104196482,0.09624862,0.096032254,0.21057975,0.26445436,0.26446736,0.0,0.0,0.0,0.0,0.0,0.0,0.0,0.0,12.362278,0.0,0.0,nan,0.0,0.0,0.09019459,0.0025126792,0.002512211,0.0025092491,0.0,0.0,0.0,0.0,0.0
104697326,104696496,0.09603601,0.0958495,0.21057996,0.26440254,0.26440063,0.0,0.0,0.0,0.0,0.0,0.0,0.0,0.0,12.362514,0.0,0.0,nan,0.0,0.0,0.09018877,0.0025126792,0.002512211,0.0025092491,0.0,0.0,0.0,0.0,0.0
105193395,105192514,0.095848575,0.09570098,0.21059449,0.26432517,0.26431203,0.0,0.0,0.0,0.0,0.0,0.0,0.0,0.0,12.3621,0.0,0.0,nan,0.0,0.0,0.09018439,0.0025126792,0.002512211,0.0025092491,0.0,0.0,0.0,0.0,0.0
105693754,105692721,0.09571842,0.095607534,0.2105869,0.2642562,0.2642356,0.0,0.0,0.0,0.0,0.0,0.0,0.0,0.0,12.362318,0.0,0.0,nan,0.0,0.0,0.09018089,0.0025126792,0.002512211,0.0025092491,0.0,0.0,0.0,0.0,0.0
106197167,106196412,0.09556403,0.095526814,0.21060063,0.26420063,0.2641768,0.0,0.0,0.0,0.0,0.0,0.0,0.0,0.0,12.361922,0.0,0.0,nan,0.0,0.0,0.09017951,0.0025126792,0.002512211,0.0025092491,0.0,0.0,0.0,0.0,0.0
106693543,106692577,0.09560868,0.09558934,0.21059859,0.26416528,0.2641458,0.0,0.0,0.0,0.0,0.0,0.0,0.0,0.0,12.362167,0.0,0.0,nan,0.0,0.0,0.09017688,0.0025126792,0.002512211,0.0025092491,0.0,0.0,0.0,0.0,0.0
107197203,107196330,0.09568595,0.09565083,0.21062425,0.26423317,0.2642169,0.0,0.0,0.0,0.0,0.0,0.0,0.0,0.0,12.361768,0.0,0.0,nan,0.0,0.0,0.09017635,0.0025126792,0.002512211,0.0025092491,0.0,0.0,0.0,0.0,0.0
107697514,107696732,0.095699266,0.09566611,0.21063554,0.26419547,0.2641802,0.0,0.0,0.0,0.0,0.0,0.0,0.0,0.0,12.362319,0.0,0.0,nan,0.0,0.0,0.090173915,0.0025126792,0.002512211,0.0025092491,0.0,0.0,0.0,0.0,0.0
108197215,108196395,0.09571141,0.095696725,0.2106288,0.26418692,0.26417333,0.0,0.0,0.0,0.0,0.0,0.0,0.0,0.0,12.362557,0.0,0.0,nan,0.0,0.0,0.090172924,0.0025126792,0.002512211,0.0025092491,0.0,0.0,0.0,0.0,0.0
108697803,108696817,0.09566538,0.09566129,0.21058507,0.2640726,0.26406226,0.0,0.0,0.0,0.0,0.0,0.0,0.0,0.0,12.361849,0.0,0.0,nan,0.0,0.0,0.09017195,0.0025126792,0.002512211,0.0025092491,0.0,0.0,0.0,0.0,0.0
109193520,109192669,0.09566167,0.0956641,0.2106007,0.26407778,0.26407093,0.0,0.0,0.0,0.0,0.0,0.0,0.0,0.0,12.361773,0.0,0.0,nan,0.0,0.0,0.09017096,0.0025126792,0.002512211,0.0025092491,0.0,0.0,0.0,0.0,0.0
109697142,109696378,0.09568458,0.095687434,0.2106297,0.26419505,0.26419157,0.0,0.0,0.0,0.0,0.0,0.0,0.0,0.0,12.3617325,0.0,0.0,nan,0.0,0.0,0.09017008,0.0025126792,0.002512211,0.0025092491,0.0,0.0,0.0,0.0,0.0
110196699,110195924,0.095682904,0.09568287,0.2106166,0.26417884,0.26417765,0.0,0.0,0.0,0.0,0.0,0.0,0.0,0.0,12.361973,0.0,0.0,nan,0.0,0.0,0.09016906,0.0025126792,0.002512211,0.0025092491,0.0,0.0,0.0,0.0,0.0
110693775,110692853,0.095664665,0.095662884,0.21062662,0.26416725,0.26416737,0.0,0.0,0.0,0.0,0.0,0.0,0.0,0.0,12.362212,0.0,0.0,nan,0.0,0.0,0.09016854,0.0025126792,0.002512211,0.0025092491,0.0,0.0,0.0,0.0,0.0
111201573,111200819,0.0956877,0.095684774,0.21064898,0.26426506,0.26426563,0.0,0.0,0.0,0.0,0.0,0.0,0.0,0.0,12.361832,0.0,0.0,nan,0.0,0.0,0.090167664,0.0025126792,0.002512211,0.0025092491,0.0,0.0,0.0,0.0,0.0
111705050,111704283,0.09563428,0.095631324,0.21059184,0.26404697,0.26404747,0.0,0.0,0.0,0.0,0.0,0.0,0.0,0.0,12.361769,0.0,0.0,nan,0.0,0.0,0.09016672,0.0025126792,0.002512211,0.0025092491,0.0,0.0,0.0,0.0,0.0
112201030,112200206,0.09566063,0.095657684,0.21062316,0.264177,0.26417726,0.0,0.0,0.0,0.0,0.0,0.0,0.0,0.0,12.362365,0.0,0.0,nan,0.0,0.0,0.090166114,0.0025126792,0.002512211,0.0025092491,0.0,0.0,0.0,0.0,0.0
112693928,112693026,0.09564009,0.09563772,0.21060978,0.26416,0.26416,0.0,0.0,0.0,0.0,0.0,0.0,0.0,0.0,12.361985,0.0,0.0,nan,0.0,0.0,0.0901654,0.0025126792,0.002512211,0.0025092491,0.0,0.0,0.0,0.0,0.0
113194002,113192977,0.09562007,0.09561735,0.21062052,0.2641473,0.26414704,0.0,0.0,0.0,0.0,0.0,0.0,0.0,0.0,12.362235,0.0,0.0,nan,0.0,0.0,0.0901648,0.0025126792,0.002512211,0.0025092491,0.0,0.0,0.0,0.0,0.0
113693605,113692654,0.09568574,0.0956828,0.21064958,0.26426488,0.26426435,0.0,0.0,0.0,0.0,0.0,0.0,0.0,0.0,12.361552,0.0,0.0,nan,0.0,0.0,0.09016403,0.0025126792,0.002512211,0.0025092491,0.0,0.0,0.0,0.0,0.0
114201364,114200482,0.09560471,0.09560136,0.21062316,0.26413652,0.26413578,0.0,0.0,0.0,0.0,0.0,0.0,0.0,0.0,12.361805,0.0,0.0,nan,0.0,0.0,0.09016362,0.0025126792,0.002512211,0.0025092491,0.0,0.0,0.0,0.0,0.0
114697094,114696120,0.09564631,0.09564214,0.21061485,0.26413655,0.26413566,0.0,0.0,0.0,0.0,0.0,0.0,0.0,0.0,12.361446,0.0,0.0,nan,0.0,0.0,0.09016302,0.0025126792,0.002512211,0.0025092491,0.0,0.0,0.0,0.0,0.0
115193858,115192897,0.095631644,0.095626056,0.2106022,0.26412392,0.26412284,0.0,0.0,0.0,0.0,0.0,0.0,0.0,0.0,12.362013,0.0,0.0,nan,0.0,0.0,0.09016261,0.0025126792,0.002512211,0.0025092491,0.0,0.0,0.0,0.0,0.0
115702820,115700700,0.09539918,0.09540528,0.21067718,0.26431093,0.26431102,0.0,0.0,0.0,0.0,0.0,0.0,0.0,0.0,12.3625555,0.0,0.0,nan,0.0,0.0,0.0901626,0.0025444133,0.002551049,0.0026682778,0.0,0.0,0.0,0.0,0.0
116197609,116196817,0.09489405,0.09490052,0.21061723,0.2640997,0.2640982,0.0,0.0,0.0,0.0,0.0,0.0,0.0,0.0,12.361492,0.0,0.0,nan,0.0,0.0,0.0901626,0.002532357,0.002534809,0.0025660032,0.0,0.0,0.0,0.0,0.0
116699252,116697073,0.0946858,0.09467603,0.21063438,0.2639969,0.2639919,0.0,0.0,0.0,0.0,0.0,0.0,0.0,0.0,12.362049,0.0,0.0,nan,0.0,0.0,0.0901626,0.0025249599,0.0025265582,0.0025412147,0.0,0.0,0.0,0.0,0.0
117193886,117192915,0.09476615,0.09475823,0.21063694,0.26392433,0.26391536,0.0,0.0,0.0,0.0,0.0,0.0,0.0,0.0,12.361982,0.0,0.0,nan,0.0,0.0,0.0901626,0.0025209475,0.0025218006,0.0025303515,0.0,0.0,0.0,0.0,0.0
117699132,117696994,0.0948472,0.09484453,0.21062982,0.26386556,0.26385432,0.0,0.0,0.0,0.0,0.0,0.0,0.0,0.0,12.361599,0.0,0.0,nan,0.0,0.0,0.0901626,0.0025181542,0.0025185975,0.0025240567,0.0,0.0,0.0,0.0,0.0
118197681,118196817,0.09495389,0.094948076,0.21064489,0.26384106,0.26382968,0.0,0.0,0.0,0.0,0.0,0.0,0.0,0.0,12.362156,0.0,0.0,nan,0.0,0.0,0.09016175,0.0025167938,0.0025170282,0.00252127,0.0,0.0,0.0,0.0,0.0
118694137,118693292,0.095096014,0.09508715,0.2106354,0.26383752,0.26382825,0.0,0.0,0.0,0.0,0.0,0.0,0.0,0.0,12.3614435,0.0,0.0,nan,0.0,0.0,0.090160735,0.0025167938,0.0025170282,0.00252127,0.0,0.0,0.0,0.0,0.0
119199179,119197108,0.095133126,0.09512696,0.21062918,0.263857,0.26384962,0.0,0.0,0.0,0.0,0.0,0.0,0.0,0.0,12.361689,0.0,0.0,nan,0.0,0.0,0.09016013,0.0025364282,0.0025380016,0.0026374718,0.0,0.0,0.0,0.0,0.0
119693777,119692944,0.09514472,0.09515062,0.21064758,0.26386937,0.26386252,0.0,0.0,0.0,0.0,0.0,0.0,0.0,0.0,12.361941,0.0,0.0,nan,0.0,0.0,0.09016013,0.002528021,0.002528255,0.0025607497,0.0,0.0,0.0,0.0,0.0
120203188,120201121,0.095340975,0.09537807,0.21063796,0.26387516,0.263871,0.0,0.0,0.0,0.0,0.0,0.0,0.0,0.0,12.361874,0.0,0.0,nan,0.0,0.0,0.09016013,0.0025243575,0.0025243375,0.002539042,0.0,0.0,0.0,0.0,0.0
120701657,120700896,0.09641658,0.09685525,0.21013966,0.2640177,0.26402116,0.0,0.0,0.0,0.0,0.0,0.0,0.0,0.0,12.361797,0.0,0.0,nan,0.0,0.0,0.09016013,0.002525318,0.0025255822,0.0025292218,0.0,0.0,0.0,0.0,0.0
121197703,121196869,0.09733253,0.09803281,0.20947006,0.2640942,0.26412416,0.0,0.0,0.0,0.0,0.0,0.0,0.0,0.0,12.362465,0.0,0.0,nan,0.0,0.0,0.09016013,0.0025235333,0.0025240746,0.0025232865,0.0,0.0,0.0,0.0,0.0
121697563,121696774,0.0977587,0.09828308,0.20915131,0.2641987,0.26425746,0.0,0.0,0.0,0.0,0.0,0.0,0.0,0.0,12.362158,0.0,0.0,nan,0.0,0.0,0.09016013,0.002519866,0.002520109,0.0025192732,0.0,0.0,0.0,0.0,0.0
122195214,122193164,0.09772613,0.098059155,0.20906675,0.26418084,0.2642489,0.0,0.0,0.0,0.0,0.0,0.0,0.0,0.0,12.361686,0.0,0.0,nan,0.0,0.0,0.09016013,0.0025151186,0.0025158413,0.0025164904,0.0,0.0,0.0,0.0,0.0
122698277,122697486,0.09816368,0.09840488,0.20896913,0.26439774,0.26446664,0.0,0.0,0.0,0.0,0.0,0.0,0.0,0.0,12.361316,0.0,0.0,nan,0.0,0.0,0.09016013,0.0025128073,0.0025137833,0.002514421,0.0,0.0,0.0,0.0,0.0
123199962,123197926,0.09772049,0.097738564,0.20860045,0.2644719,0.2645422,0.0,0.0,0.0,0.0,0.0,0.0,0.0,0.0,12.361049,0.0,0.0,nan,0.0,0.0,0.09016013,0.0025117511,0.0025126818,0.0025128284,0.0,0.0,0.0,0.0,0.0
123697979,123697217,0.09782775,0.09781988,0.2082312,0.26455557,0.26459736,0.0,0.0,0.0,0.0,0.0,0.0,0.0,0.0,12.360107,0.0,0.0,nan,0.0,0.0,0.09016013,0.0025109218,0.002511773,0.0025116298,0.0,0.0,0.0,0.0,0.0
124201836,124201020,0.096878976,0.09689356,0.20812045,0.2645575,0.2645822,0.0,0.0,0.0,0.0,0.0,0.0,0.0,0.0,12.360075,0.0,0.0,nan,0.0,0.0,0.09016013,0.0025102738,0.0025110776,0.0025107742,0.0,0.0,0.0,0.0,0.0
124697473,124696597,0.096459195,0.09663889,0.20823835,0.26447248,0.26449227,0.0,0.0,0.0,0.0,0.0,0.0,0.0,0.0,12.359662,0.0,0.0,nan,0.0,0.0,0.09016013,0.0025100557,0.0025108615,0.0025101956,0.0,0.0,0.0,0.0,0.0
125198145,125197383,0.09619449,0.09640002,0.20849934,0.26449084,0.26452538,0.0,0.0,0.0,0.0,0.0,0.0,0.0,0.0,12.359621,0.0,0.0,nan,0.0,0.0,0.09016013,0.0025095358,0.0025108776,0.0025092189,0.0,0.0,0.0,0.0,0.0
125702228,125701396,0.096275896,0.096271895,0.20881441,0.2643882,0.264432,0.0,0.0,0.0,0.0,0.0,0.0,0.0,0.0,12.359371,0.0,0.0,nan,0.0,0.0,0.09016013,0.002512751,0.002513409,0.0025086345,0.0,0.0,0.0,0.0,0.0
126198223,126197454,0.09622137,0.095980175,0.20915009,0.26432693,0.26436183,0.0,0.0,0.0,0.0,0.0,0.0,0.0,0.0,12.358835,0.0,0.0,nan,0.0,0.0,0.09016013,0.0025154043,0.0025147127,0.0025080354,0.0,0.0,0.0,0.0,0.0
126698102,126697338,0.09613749,0.09587183,0.20948152,0.26426026,0.26427177,0.0,0.0,0.0,0.0,0.0,0.0,0.0,0.0,12.358765,0.0,0.0,nan,0.0,0.0,0.09016013,0.002518394,0.0025149547,0.0025079735,0.0,0.0,0.0,0.0,0.0
127203424,127201375,0.09648917,0.095975325,0.20980632,0.264224,0.26421452,0.0,0.0,0.0,0.0,0.0,0.0,0.0,0.0,12.358392,0.0,0.0,nan,0.0,0.0,0.09016013,0.0025170522,0.002513182,0.0025077057,0.0,0.0,0.0,0.0,0.0
127697614,127696850,0.09661816,0.0960334,0.21005349,0.26412147,0.26408616,0.0,0.0,0.0,0.0,0.0,0.0,0.0,0.0,12.358265,0.0,0.0,nan,0.0,0.0,0.09016013,0.0025131311,0.0025111812,0.0025069902,0.0,0.0,0.0,0.0,0.0
128195460,128193319,0.09616778,0.096067056,0.21028565,0.26424477,0.2641864,0.0,0.0,0.0,0.0,0.0,0.0,0.0,0.0,12.358597,0.0,0.0,nan,0.0,0.0,0.09016013,0.0025117742,0.0025103206,0.0025065623,0.0,0.0,0.0,0.0,0.0
128695818,128693557,0.09583655,0.095959134,0.21037732,0.26413703,0.26409945,0.0,0.0,0.0,0.0,0.0,0.0,0.0,0.0,12.358331,0.0,0.0,nan,0.0,0.0,0.09016013,0.0025110575,0.0025097036,0.0025062384,0.0,0.0,0.0,0.0,0.0
129194292,129193432,0.09574848,0.09585527,0.21051177,0.26421088,0.26421124,0.0,0.0,0.0,0.0,0.0,0.0,0.0,0.0,12.359597,0.0,0.0,nan,0.0,0.0,0.09016013,0.0025105062,0.002509196,0.0025059832,0.0,0.0,0.0,0.0,0.0
129698098,129697333,0.09571699,0.09574691,0.21059972,0.26416987,0.26419944,0.0,0.0,0.0,0.0,0.0,0.0,0.0,0.0,12.35888,0.0,0.0,nan,0.0,0.0,0.09016013,0.002510042,0.002508714,0.0025057637,0.0,0.0,0.0,0.0,0.0
130202249,130201469,0.09568293,0.09564155,0.21064241,0.26413214,0.26417556,0.0,0.0,0.0,0.0,0.0,0.0,0.0,0.0,12.359305,0.0,0.0,nan,0.0,0.0,0.09016013,0.0025096964,0.0025083418,0.002505566,0.0,0.0,0.0,0.0,0.0
130698376,130697611,0.095675156,0.09556998,0.21068516,0.26410177,0.26414534,0.0,0.0,0.0,0.0,0.0,0.0,0.0,0.0,12.359174,0.0,0.0,nan,0.0,0.0,0.09016013,0.002509368,0.0025080014,0.0025053825,0.0,0.0,0.0,0.0,0.0
131198393,131197512,0.09570694,0.09554568,0.21072923,0.264193,0.26422638,0.0,0.0,0.0,0.0,0.0,0.0,0.0,0.0,12.359905,0.0,0.0,nan,0.0,0.0,0.09014272,0.0025092058,0.0025077723,0.0025052575,0.0,0.0,0.0,0.0,0.0
131702343,131701406,0.09571645,0.095512554,0.21072099,0.2641619,0.2641762,0.0,0.0,0.0,0.0,0.0,0.0,0.0,0.0,12.360326,0.0,0.0,nan,0.0,0.0,0.09014138,0.0025092058,0.0025077723,0.0025052575,0.0,0.0,0.0,0.0,0.0
132198152,132197164,0.09575144,0.09552863,0.2107299,0.2641455,0.2641401,0.0,0.0,0.0,0.0,0.0,0.0,0.0,0.0,12.360131,0.0,0.0,nan,0.0,0.0,0.090140045,0.0025092058,0.0025077723,0.0025052575,0.0,0.0,0.0,0.0,0.0
132702151,132701398,0.09574016,0.095520586,0.21068116,0.26403508,0.26401353,0.0,0.0,0.0,0.0,0.0,0.0,0.0,0.0,12.360534,0.0,0.0,nan,0.0,0.0,0.09013841,0.0025092058,0.0025077723,0.0025052575,0.0,0.0,0.0,0.0,0.0
133194217,133193258,0.095783964,0.09558777,0.210729,0.264166,0.26412943,0.0,0.0,0.0,0.0,0.0,0.0,0.0,0.0,12.360326,0.0,0.0,nan,0.0,0.0,0.0901375,0.0025092058,0.0025077723,0.0025052575,0.0,0.0,0.0,0.0,0.0
133698258,133697506,0.09577707,0.09562176,0.21071127,0.26416153,0.26411766,0.0,0.0,0.0,0.0,0.0,0.0,0.0,0.0,12.360698,0.0,0.0,nan,0.0,0.0,0.09013668,0.0025092058,0.0025077723,0.0025052575,0.0,0.0,0.0,0.0,0.0
134193934,134192907,0.09577795,0.095662706,0.2106938,0.26416,0.2641142,0.0,0.0,0.0,0.0,0.0,0.0,0.0,0.0,12.360737,0.0,0.0,nan,0.0,0.0,0.09013603,0.0025092058,0.0025077723,0.0025052575,0.0,0.0,0.0,0.0,0.0
134698308,134697539,0.095741004,0.09565223,0.21069974,0.26416072,0.26411715,0.0,0.0,0.0,0.0,0.0,0.0,0.0,0.0,12.360797,0.0,0.0,nan,0.0,0.0,0.09013605,0.0025092058,0.0025077723,0.0025052575,0.0,0.0,0.0,0.0,0.0
135197747,135196901,0.0957364,0.09567213,0.21068433,0.2641605,0.26412112,0.0,0.0,0.0,0.0,0.0,0.0,0.0,0.0,12.361136,0.0,0.0,nan,0.0,0.0,0.09013611,0.0025092058,0.0025077723,0.0025052575,0.0,0.0,0.0,0.0,0.0
135698583,135697706,0.095724806,0.095686845,0.2106921,0.26416144,0.26412797,0.0,0.0,0.0,0.0,0.0,0.0,0.0,0.0,12.360859,0.0,0.0,nan,0.0,0.0,0.09013641,0.0025092058,0.0025077723,0.0025052575,0.0,0.0,0.0,0.0,0.0
136194554,136193698,0.09574309,0.0956946,0.21068054,0.26416165,0.26413596,0.0,0.0,0.0,0.0,0.0,0.0,0.0,0.0,12.361188,0.0,0.0,nan,0.0,0.0,0.090136856,0.0025225515,0.0025142122,0.002570461,0.0,0.0,0.0,0.0,0.0
136695944,136693900,0.095658645,0.09564668,0.21066739,0.2641495,0.26413023,0.0,0.0,0.0,0.0,0.0,0.0,0.0,0.0,12.360861,0.0,0.0,nan,0.0,0.0,0.090136856,0.002518897,0.0025128082,0.0025419397,0.0,0.0,0.0,0.0,0.0
137198379,137197613,0.09555909,0.09556421,0.2107056,0.26421723,0.2642071,0.0,0.0,0.0,0.0,0.0,0.0,0.0,0.0,12.361194,0.0,0.0,nan,0.0,0.0,0.090136856,0.0025166709,0.0025116547,0.0025310693,0.0,0.0,0.0,0.0,0.0
137695791,137693662,0.09550903,0.09551752,0.21065427,0.2640761,0.26407397,0.0,0.0,0.0,0.0,0.0,0.0,0.0,0.0,12.36148,0.0,0.0,nan,0.0,0.0,0.090136856,0.002514825,0.002510596,0.0025242625,0.0,0.0,0.0,0.0,0.0
138194864,138193904,0.095467836,0.095475905,0.21068089,0.26417887,0.26418254,0.0,0.0,0.0,0.0,0.0,0.0,0.0,0.0,12.362149,0.0,0.0,nan,0.0,0.0,0.09012759,0.0025136124,0.0025098624,0.0025204304,0.0,0.0,0.0,0.0,0.0
138694847,138693922,0.095140256,0.095135525,0.2106517,0.26403317,0.26403663,0.0,0.0,0.0,0.0,0.0,0.0,0.0,0.0,12.361092,0.0,0.0,nan,0.0,0.0,0.09012815,0.0025136124,0.0025098624,0.0025204304,0.0,0.0,0.0,0.0,0.0
139198820,139198002,0.0951406,0.09509004,0.21064512,0.264007,0.26400834,0.0,0.0,0.0,0.0,0.0,0.0,0.0,0.0,12.362396,0.0,0.0,nan,0.0,0.0,0.090128556,0.0025136124,0.0025098624,0.0025204304,0.0,0.0,0.0,0.0,0.0
139695615,139693533,0.09527406,0.09514959,0.21066402,0.26397407,0.26397422,0.0,0.0,0.0,0.0,0.0,0.0,0.0,0.0,12.361345,0.0,0.0,nan,0.0,0.0,0.090128675,0.0025195547,0.0025124494,0.0025441789,0.0,0.0,0.0,0.0,0.0
140198815,140197974,0.09540054,0.09523305,0.21069139,0.26404774,0.26404157,0.0,0.0,0.0,0.0,0.0,0.0,0.0,0.0,12.361914,0.0,0.0,nan,0.0,0.0,0.090128675,0.002517095,0.0025113772,0.002531821,0.0,0.0,0.0,0.0,0.0
140698394,140697606,0.09549425,0.09532634,0.21070635,0.26404217,0.2640266,0.0,0.0,0.0,0.0,0.0,0.0,0.0,0.0,12.361534,0.0,0.0,nan,0.0,0.0,0.090128675,0.0025151737,0.0025104901,0.002524644,0.0,0.0,0.0,0.0,0.0
141198270,141197440,0.095569514,0.09541177,0.21069579,0.2640414,0.26401797,0.0,0.0,0.0,0.0,0.0,0.0,0.0,0.0,12.362079,0.0,0.0,nan,0.0,0.0,0.090128675,0.0025134776,0.0025106582,0.0025200776,0.0,0.0,0.0,0.0,0.0
141700102,141698025,0.09556239,0.095463686,0.21067904,0.2640551,0.26402324,0.0,0.0,0.0,0.0,0.0,0.0,0.0,0.0,12.362668,0.0,0.0,nan,0.0,0.0,0.090128675,0.002511129,0.002512682,0.0025168394,0.0,0.0,0.0,0.0,0.0
142194833,142194065,0.095531985,0.09551103,0.21065167,0.26394477,0.26390803,0.0,0.0,0.0,0.0,0.0,0.0,0.0,0.0,12.361553,0.0,0.0,nan,0.0,0.0,0.090128675,0.0025098259,0.002512855,0.0025151744,0.0,0.0,0.0,0.0,0.0
142698834,142698066,0.095711485,0.09572126,0.21066433,0.2640564,0.26402503,0.0,0.0,0.0,0.0,0.0,0.0,0.0,0.0,12.3628025,0.0,0.0,nan,0.0,0.0,0.090128675,0.0025097213,0.002512798,0.0025135456,0.0,0.0,0.0,0.0,0.0
143195066,143194293,0.09596057,0.09601872,0.21066478,0.26405662,0.26404122,0.0,0.0,0.0,0.0,0.0,0.0,0.0,0.0,12.361367,0.0,0.0,nan,0.0,0.0,0.090128675,0.0025096326,0.0025117674,0.0025119043,0.0,0.0,0.0,0.0,0.0
143695418,143693271,0.09608363,0.096105345,0.2106558,0.26408505,0.264088,0.0,0.0,0.0,0.0,0.0,0.0,0.0,0.0,12.36129,0.0,0.0,nan,0.0,0.0,0.090128675,0.0025097653,0.0025108336,0.0025105525,0.0,0.0,0.0,0.0,0.0
144195835,144193781,0.09606898,0.09607202,0.21065024,0.26410967,0.26412058,0.0,0.0,0.0,0.0,0.0,0.0,0.0,0.0,12.362572,0.0,0.0,nan,0.0,0.0,0.090128675,0.0025083527,0.0025100738,0.0025099097,0.0,0.0,0.0,0.0,0.0
144695075,144694195,0.095985755,0.09596712,0.21064663,0.26412493,0.26413924,0.0,0.0,0.0,0.0,0.0,0.0,0.0,0.0,12.361491,0.0,0.0,nan,0.0,0.0,0.090128675,0.0025074226,0.0025095893,0.0025094147,0.0,0.0,0.0,0.0,0.0
145198332,145197491,0.09589866,0.095970675,0.21063013,0.26415277,0.26416972,0.0,0.0,0.0,0.0,0.0,0.0,0.0,0.0,12.36174,0.0,0.0,nan,0.0,0.0,0.090128675,0.002507183,0.0025091923,0.0025087104,0.0,0.0,0.0,0.0,0.0
145700109,145698059,0.095773585,0.095934816,0.21064022,0.2641531,0.26417565,0.0,0.0,0.0,0.0,0.0,0.0,0.0,0.0,12.361371,0.0,0.0,nan,0.0,0.0,0.090128675,0.0025069737,0.0025089043,0.002508118,0.0,0.0,0.0,0.0,0.0
146195449,146193385,0.095651954,0.0958772,0.21063048,0.26413843,0.26417094,0.0,0.0,0.0,0.0,0.0,0.0,0.0,0.0,12.362305,0.0,0.0,nan,0.0,0.0,0.090128675,0.0025068016,0.0025087085,0.0025076352,0.0,0.0,0.0,0.0,0.0
146702214,146701428,0.095602445,0.095874555,0.21062429,0.26412454,0.26417103,0.0,0.0,0.0,0.0,0.0,0.0,0.0,0.0,12.362548,0.0,0.0,nan,0.0,0.0,0.090128675,0.0025066861,0.0025085553,0.0025072228,0.0,0.0,0.0,0.0,0.0
147194830,147193959,0.09555701,0.09583638,0.21064517,0.26412243,0.26418462,0.0,0.0,0.0,0.0,0.0,0.0,0.0,0.0,12.361479,0.0,0.0,nan,0.0,0.0,0.090128675,0.002506572,0.0025084491,0.002506863,0.0,0.0,0.0,0.0,0.0
147695071,147694194,0.09549939,0.09573715,0.21060221,0.2639986,0.26406658,0.0,0.0,0.0,0.0,0.0,0.0,0.0,0.0,12.362407,0.0,0.0,nan,0.0,0.0,0.09012824,0.0025065157,0.0025084063,0.0025067856,0.0,0.0,0.0,0.0,0.0
148194840,148193990,0.095517434,0.095699124,0.21065284,0.26409757,0.26416925,0.0,0.0,0.0,0.0,0.0,0.0,0.0,0.0,12.361636,0.0,0.0,nan,0.0,0.0,0.090128005,0.0025065157,0.0025084063,0.0025067856,0.0,0.0,0.0,0.0,0.0
148694665,148693688,0.09553903,0.09566776,0.21063957,0.26406938,0.26413655,0.0,0.0,0.0,0.0,0.0,0.0,0.0,0.0,12.362551,0.0,0.0,nan,0.0,0.0,0.09012811,0.0025065157,0.0025084063,0.0025067856,0.0,0.0,0.0,0.0,0.0
149199200,149198322,0.09556693,0.09564877,0.2106554,0.2640736,0.26413321,0.0,0.0,0.0,0.0,0.0,0.0,0.0,0.0,12.361459,0.0,0.0,nan,0.0,0.0,0.090128385,0.0025065157,0.0025084063,0.0025067856,0.0,0.0,0.0,0.0,0.0
149698375,149697485,0.09562766,0.09567669,0.21067996,0.26417777,0.26422778,0.0,0.0,0.0,0.0,0.0,0.0,0.0,0.0,12.361662,0.0,0.0,nan,0.0,0.0,0.090128995,0.0025065157,0.0025084063,0.0025067856,0.0,0.0,0.0,0.0,0.0
150195249,150194381,0.09564921,0.09567232,0.21066421,0.26415592,0.26419422,0.0,0.0,0.0,0.0,0.0,0.0,0.0,0.0,12.362581,0.0,0.0,nan,0.0,0.0,0.0901298,0.0025065157,0.0025084063,0.0025067856,0.0,0.0,0.0,0.0,0.0
150695072,150694207,0.09566269,0.09567001,0.21064386,0.26406205,0.26408944,0.0,0.0,0.0,0.0,0.0,0.0,0.0,0.0,12.361176,0.0,0.0,nan,0.0,0.0,0.09013034,0.0025065157,0.0025084063,0.0025067856,0.0,0.0,0.0,0.0,0.0
151195146,151194273,0.095679335,0.09567517,0.21066666,0.2641677,0.26418617,0.0,0.0,0.0,0.0,0.0,0.0,0.0,0.0,12.362416,0.0,0.0,nan,0.0,0.0,0.090131365,0.0025065157,0.0025084063,0.0025067856,0.0,0.0,0.0,0.0,0.0
151698452,151697700,0.09571311,0.095697224,0.2106533,0.2641597,0.2641709,0.0,0.0,0.0,0.0,0.0,0.0,0.0,0.0,12.362643,0.0,0.0,nan,0.0,0.0,0.090132155,0.0025065157,0.0025084063,0.0025067856,0.0,0.0,0.0,0.0,0.0
152203270,152202432,0.09568149,0.0956604,0.21065933,0.2641411,0.26414654,0.0,0.0,0.0,0.0,0.0,0.0,0.0,0.0,12.3618555,0.0,0.0,nan,0.0,0.0,0.09013295,0.0025065157,0.0025084063,0.0025067856,0.0,0.0,0.0,0.0,0.0
152703090,152702334,0.09570168,0.09568034,0.2106465,0.26413935,0.26414037,0.0,0.0,0.0,0.0,0.0,0.0,0.0,0.0,12.362457,0.0,0.0,nan,0.0,0.0,0.0901337,0.0025065157,0.0025084063,0.0025067856,0.0,0.0,0.0,0.0,0.0
153198329,153197545,0.09572229,0.09570362,0.2106928,0.26425138,0.26424932,0.0,0.0,0.0,0.0,0.0,0.0,0.0,0.0,12.361688,0.0,0.0,nan,0.0,0.0,0.0901344,0.0025065157,0.0025084063,0.0025067856,0.0,0.0,0.0,0.0,0.0
153698986,153698206,0.09570238,0.09568633,0.21067278,0.26422232,0.2642186,0.0,0.0,0.0,0.0,0.0,0.0,0.0,0.0,12.362591,0.0,0.0,nan,0.0,0.0,0.09013521,0.0025065157,0.0025084063,0.0025067856,0.0,0.0,0.0,0.0,0.0
154195303,154194507,0.095684774,0.09567437,0.21065255,0.26419404,0.26418954,0.0,0.0,0.0,0.0,0.0,0.0,0.0,0.0,12.362787,0.0,0.0,nan,0.0,0.0,0.09013588,0.0025065157,0.0025084063,0.0025067856,0.0,0.0,0.0,0.0,0.0
154699799,154698543,0.095729545,0.095724866,0.21066575,0.26420388,0.2641994,0.0,0.0,0.0,0.0,0.0,0.0,0.0,0.0,12.361359,0.0,0.0,nan,0.0,0.0,0.09013649,0.0025065157,0.0025084063,0.0025067856,0.0,0.0,0.0,0.0,0.0
155203127,155202336,0.09567934,0.09568024,0.21064907,0.26418546,0.26418182,0.0,0.0,0.0,0.0,0.0,0.0,0.0,0.0,12.362613,0.0,0.0,nan,0.0,0.0,0.0901372,0.0025065157,0.0025084063,0.0025067856,0.0,0.0,0.0,0.0,0.0
155695702,155694446,0.09566945,0.0956734,0.21065368,0.26416275,0.2641604,0.0,0.0,0.0,0.0,0.0,0.0,0.0,0.0,12.3615,0.0,0.0,nan,0.0,0.0,0.09013779,0.0025065157,0.0025084063,0.0025067856,0.0,0.0,0.0,0.0,0.0
156199406,156198217,0.09567857,0.095684454,0.21067329,0.26425785,0.2642569,0.0,0.0,0.0,0.0,0.0,0.0,0.0,0.0,12.3624115,0.0,0.0,nan,0.0,0.0,0.09013868,0.0025065157,0.0025084063,0.0025067856,0.0,0.0,0.0,0.0,0.0
156703530,156702722,0.09568885,0.09569444,0.21062684,0.26414707,0.26414728,0.0,0.0,0.0,0.0,0.0,0.0,0.0,0.0,12.362306,0.0,0.0,nan,0.0,0.0,0.09013923,0.0025065157,0.0025084063,0.0025067856,0.0,0.0,0.0,0.0,0.0
157195858,157194678,0.095640786,0.09564681,0.21063918,0.26415077,0.26415205,0.0,0.0,0.0,0.0,0.0,0.0,0.0,0.0,12.362249,0.0,0.0,nan,0.0,0.0,0.09014,0.0025065157,0.0025084063,0.0025067856,0.0,0.0,0.0,0.0,0.0
157695628,157694446,0.0956769,0.095686436,0.21066424,0.26425633,0.2642582,0.0,0.0,0.0,0.0,0.0,0.0,0.0,0.0,12.362153,0.0,0.0,nan,0.0,0.0,0.090140685,0.0025065157,0.0025084063,0.0025067856,0.0,0.0,0.0,0.0,0.0
158199995,158198928,0.09565622,0.09566209,0.21064469,0.26422092,0.2642233,0.0,0.0,0.0,0.0,0.0,0.0,0.0,0.0,12.362698,0.0,0.0,nan,0.0,0.0,0.09014122,0.0025065157,0.0025084063,0.0025067856,0.0,0.0,0.0,0.0,0.0
158695678,158694688,0.09565377,0.09565382,0.21065421,0.2641998,0.2642025,0.0,0.0,0.0,0.0,0.0,0.0,0.0,0.0,12.362288,0.0,0.0,nan,0.0,0.0,0.09014182,0.0025065157,0.0025084063,0.0025067856,0.0,0.0,0.0,0.0,0.0
159199696,159198477,0.09566011,0.095655404,0.21063712,0.2641773,0.26417986,0.0,0.0,0.0,0.0,0.0,0.0,0.0,0.0,12.3625145,0.0,0.0,nan,0.0,0.0,0.09014221,0.0025065157,0.0025084063,0.0025067856,0.0,0.0,0.0,0.0,0.0
159695502,159694554,0.095619954,0.095615044,0.21061328,0.26405573,0.26405784,0.0,0.0,0.0,0.0,0.0,0.0,0.0,0.0,12.362421,0.0,0.0,nan,0.0,0.0,0.09014261,0.0025065157,0.0025084063,0.0025067856,0.0,0.0,0.0,0.0,0.0
160199733,160198509,0.095648006,0.0956467,0.21063949,0.26417145,0.26417294,0.0,0.0,0.0,0.0,0.0,0.0,0.0,0.0,12.3623705,0.0,0.0,nan,0.0,0.0,0.09014321,0.0025065157,0.0025084063,0.0025067856,0.0,0.0,0.0,0.0,0.0
160700364,160699165,0.09561309,0.095614895,0.21062236,0.26414222,0.26414338,0.0,0.0,0.0,0.0,0.0,0.0,0.0,0.0,12.362595,0.0,0.0,nan,0.0,0.0,0.09014349,0.0025065157,0.0025084063,0.0025067856,0.0,0.0,0.0,0.0,0.0
161199705,161198505,0.09561819,0.09562213,0.2106037,0.2640457,0.26404685,0.0,0.0,0.0,0.0,0.0,0.0,0.0,0.0,12.361894,0.0,0.0,nan,0.0,0.0,0.09014388,0.0025065157,0.0025084063,0.0025067856,0.0,0.0,0.0,0.0,0.0
161694992,161694119,0.09561695,0.09562248,0.21063112,0.2641545,0.26415586,0.0,0.0,0.0,0.0,0.0,0.0,0.0,0.0,12.362469,0.0,0.0,nan,0.0,0.0,0.09014439,0.0025065157,0.0025084063,0.0025067856,0.0,0.0,0.0,0.0,0.0
162195565,162194810,0.095637634,0.0956449,0.21062057,0.26415092,0.26415253,0.0,0.0,0.0,0.0,0.0,0.0,0.0,0.0,12.36239,0.0,0.0,nan,0.0,0.0,0.09014473,0.0025065157,0.0025084063,0.0025067856,0.0,0.0,0.0,0.0,0.0
162700185,162699093,0.09560113,0.09560938,0.21059342,0.26403087,0.26403284,0.0,0.0,0.0,0.0,0.0,0.0,0.0,0.0,12.362004,0.0,0.0,nan,0.0,0.0,0.0901449,0.0025065157,0.0025084063,0.0025067856,0.0,0.0,0.0,0.0,0.0
163203996,163202790,0.09563915,0.0956471,0.21062319,0.26414976,0.26415208,0.0,0.0,0.0,0.0,0.0,0.0,0.0,0.0,12.362273,0.0,0.0,nan,0.0,0.0,0.09014553,0.0025065157,0.0025084063,0.0025067856,0.0,0.0,0.0,0.0,0.0
163695712,163694750,0.09566635,0.09567413,0.21065216,0.2642612,0.2642637,0.0,0.0,0.0,0.0,0.0,0.0,0.0,0.0,12.361908,0.0,0.0,nan,0.0,0.0,0.090145856,0.0025065157,0.0025084063,0.0025067856,0.0,0.0,0.0,0.0,0.0
164198925,164198158,0.09560187,0.095608,0.21061987,0.26410988,0.26411232,0.0,0.0,0.0,0.0,0.0,0.0,0.0,0.0,12.361811,0.0,0.0,nan,0.0,0.0,0.09014587,0.0025065157,0.0025084063,0.0025067856,0.0,0.0,0.0,0.0,0.0
164699733,164698783,0.09564405,0.0956485,0.21067435,0.2642984,0.26430088,0.0,0.0,0.0,0.0,0.0,0.0,0.0,0.0,12.362711,0.0,0.0,nan,0.0,0.0,0.09014635,0.0025065157,0.0025084063,0.0025067856,0.0,0.0,0.0,0.0,0.0
165199009,165198247,0.09558655,0.09558912,0.21063957,0.26413894,0.26414108,0.0,0.0,0.0,0.0,0.0,0.0,0.0,0.0,12.36198,0.0,0.0,nan,0.0,0.0,0.090146534,0.0025065157,0.0025084063,0.0025067856,0.0,0.0,0.0,0.0,0.0
165695812,165694958,0.09563216,0.09563262,0.21065746,0.26421613,0.264218,0.0,0.0,0.0,0.0,0.0,0.0,0.0,0.0,12.362198,0.0,0.0,nan,0.0,0.0,0.09014673,0.0025065157,0.0025084063,0.0025067856,0.0,0.0,0.0,0.0,0.0
166199600,166198845,0.09561335,0.09561046,0.21064459,0.26420265,0.26420403,0.0,0.0,0.0,0.0,0.0,0.0,0.0,0.0,12.361816,0.0,0.0,nan,0.0,0.0,0.0901469,0.0025065157,0.0025084063,0.0025067856,0.0,0.0,0.0,0.0,0.0
166695960,166694988,0.09560246,0.095596574,0.21065107,0.26417693,0.26417768,0.0,0.0,0.0,0.0,0.0,0.0,0.0,0.0,12.362368,0.0,0.0,nan,0.0,0.0,0.09014717,0.0025065157,0.0025084063,0.0025067856,0.0,0.0,0.0,0.0,0.0
167195607,167194722,0.09560525,0.09559684,0.21063685,0.26416165,0.26416165,0.0,0.0,0.0,0.0,0.0,0.0,0.0,0.0,12.361985,0.0,0.0,nan,0.0,0.0,0.09014717,0.0025065157,0.0025084063,0.0025067856,0.0,0.0,0.0,0.0,0.0
167699108,167698234,0.09560954,0.09559882,0.21062341,0.26415047,0.26414967,0.0,0.0,0.0,0.0,0.0,0.0,0.0,0.0,12.361881,0.0,0.0,nan,0.0,0.0,0.09014719,0.0025065157,0.0025084063,0.0025067856,0.0,0.0,0.0,0.0,0.0
168199526,168198646,0.09562948,0.0956179,0.21063824,0.26415703,0.26415545,0.0,0.0,0.0,0.0,0.0,0.0,0.0,0.0,12.362122,0.0,0.0,nan,0.0,0.0,0.090147294,0.0025065157,0.0025084063,0.0025067856,0.0,0.0,0.0,0.0,0.0
168692073,168691107,0.09559686,0.09558712,0.21062608,0.2641467,0.2641445,0.0,0.0,0.0,0.0,0.0,0.0,0.0,0.0,12.362051,0.0,0.0,nan,0.0,0.0,0.09014737,0.0025065157,0.0025084063,0.0025067856,0.0,0.0,0.0,0.0,0.0
169199073,169198309,0.095587775,0.09558129,0.21063732,0.26413947,0.264137,0.0,0.0,0.0,0.0,0.0,0.0,0.0,0.0,12.362273,0.0,0.0,nan,0.0,0.0,0.09014744,0.0025065157,0.0025084063,0.0025067856,0.0,0.0,0.0,0.0,0.0
169695556,169694540,0.0956015,0.09559888,0.21062502,0.2641283,0.26412594,0.0,0.0,0.0,0.0,0.0,0.0,0.0,0.0,12.362172,0.0,0.0,nan,0.0,0.0,0.09014749,0.0025065157,0.0025084063,0.0025067856,0.0,0.0,0.0,0.0,0.0
170195960,170194992,0.09565274,0.09565279,0.2106528,0.2642423,0.26424026,0.0,0.0,0.0,0.0,0.0,0.0,0.0,0.0,12.361792,0.0,0.0,nan,0.0,0.0,0.0901475,0.0025065157,0.0025084063,0.0025067856,0.0,0.0,0.0,0.0,0.0
170704167,170703287,0.09561253,0.09563718,0.21065883,0.26421615,0.26421472,0.0,0.0,0.0,0.0,0.0,0.0,0.0,0.0,12.362337,0.0,0.0,nan,0.0,0.0,0.090147756,0.0025065157,0.0025084063,0.0025067856,0.0,0.0,0.0,0.0,0.0
171195988,171195030,0.09559222,0.09571524,0.21060789,0.2640825,0.26408455,0.0,0.0,0.0,0.0,0.0,0.0,0.0,0.0,12.361627,0.0,0.0,nan,0.0,0.0,0.090147264,0.0025065157,0.0025084063,0.0025067856,0.0,0.0,0.0,0.0,0.0
171691735,171690856,0.095580615,0.09578763,0.21063973,0.26417652,0.26419672,0.0,0.0,0.0,0.0,0.0,0.0,0.0,0.0,12.362199,0.0,0.0,nan,0.0,0.0,0.09014682,0.0025117837,0.0025186194,0.0025299245,0.0,0.0,0.0,0.0,0.0
172196078,172195314,0.095537215,0.09583086,0.2106218,0.26402482,0.26407412,0.0,0.0,0.0,0.0,0.0,0.0,0.0,0.0,12.361791,0.0,0.0,nan,0.0,0.0,0.09014682,0.0025108175,0.002515951,0.002523315,0.0,0.0,0.0,0.0,0.0
172697280,172695215,0.09549438,0.095820636,0.21066022,0.2641284,0.2642101,0.0,0.0,0.0,0.0,0.0,0.0,0.0,0.0,12.361764,0.0,0.0,nan,0.0,0.0,0.09014682,0.0025104727,0.0025139507,0.0025194336,0.0,0.0,0.0,0.0,0.0
173196000,173195236,0.09549154,0.095823474,0.21067703,0.26409632,0.2642023,0.0,0.0,0.0,0.0,0.0,0.0,0.0,0.0,12.362005,0.0,0.0,nan,0.0,0.0,0.09014682,0.002510347,0.0025122403,0.0025166788,0.0,0.0,0.0,0.0,0.0
173696024,173695253,0.095462956,0.09565079,0.21066695,0.26408932,0.26421094,0.0,0.0,0.0,0.0,0.0,0.0,0.0,0.0,12.361966,0.0,0.0,nan,0.0,0.0,0.09014682,0.0025076524,0.0025135453,0.0025148583,0.0,0.0,0.0,0.0,0.0
174204187,174203410,0.09552465,0.09554063,0.2106547,0.2640827,0.26419893,0.0,0.0,0.0,0.0,0.0,0.0,0.0,0.0,12.361878,0.0,0.0,nan,0.0,0.0,0.09014682,0.0025085886,0.0025124585,0.0025130413,0.0,0.0,0.0,0.0,0.0
174701161,174699035,0.09553881,0.09554432,0.21066314,0.26405743,0.26415488,0.0,0.0,0.0,0.0,0.0,0.0,0.0,0.0,12.36211,0.0,0.0,nan,0.0,0.0,0.09014682,0.0025109448,0.0025100552,0.0025116776,0.0,0.0,0.0,0.0,0.0
175197357,175195307,0.09571676,0.09572355,0.21065149,0.26404628,0.2641245,0.0,0.0,0.0,0.0,0.0,0.0,0.0,0.0,12.36173,0.0,0.0,nan,0.0,0.0,0.09014682,0.0025129316,0.0025081127,0.0025106757,0.0,0.0,0.0,0.0,0.0
175699834,175699019,0.0960395,0.095964454,0.21067558,0.26412943,0.26418984,0.0,0.0,0.0,0.0,0.0,0.0,0.0,0.0,12.362255,0.0,0.0,nan,0.0,0.0,0.09014682,0.0025125395,0.0025075288,0.0025100184,0.0,0.0,0.0,0.0,0.0
176197272,176195121,0.09646133,0.09614143,0.2106431,0.26413926,0.26416314,0.0,0.0,0.0,0.0,0.0,0.0,0.0,0.0,12.36216,0.0,0.0,nan,0.0,0.0,0.09014682,0.0025113062,0.0025070128,0.0025096172,0.0,0.0,0.0,0.0,0.0
176697436,176695298,0.09656289,0.096193485,0.21063684,0.26417193,0.26414758,0.0,0.0,0.0,0.0,0.0,0.0,0.0,0.0,12.362347,0.0,0.0,nan,0.0,0.0,0.09014682,0.002510472,0.0025068098,0.0025084594,0.0,0.0,0.0,0.0,0.0
177200275,177199415,0.09620828,0.09607576,0.21060356,0.26410645,0.26405156,0.0,0.0,0.0,0.0,0.0,0.0,0.0,0.0,12.362221,0.0,0.0,nan,0.0,0.0,0.09014682,0.002509938,0.0025064987,0.0025079474,0.0,0.0,0.0,0.0,0.0
177700166,177699394,0.095965974,0.0959536,0.2106108,0.26413324,0.26407835,0.0,0.0,0.0,0.0,0.0,0.0,0.0,0.0,12.362131,0.0,0.0,nan,0.0,0.0,0.09014682,0.002509575,0.002506348,0.0025074969,0.0,0.0,0.0,0.0,0.0
178201591,178199528,0.095860176,0.095877305,0.21064037,0.26424775,0.26420882,0.0,0.0,0.0,0.0,0.0,0.0,0.0,0.0,12.362046,0.0,0.0,nan,0.0,0.0,0.09014682,0.002509218,0.0025062433,0.0025070875,0.0,0.0,0.0,0.0,0.0
178693538,178691397,0.09578093,0.09579178,0.2106329,0.26422286,0.2642033,0.0,0.0,0.0,0.0,0.0,0.0,0.0,0.0,12.362254,0.0,0.0,nan,0.0,0.0,0.09014682,0.002508891,0.0025061688,0.002506732,0.0,0.0,0.0,0.0,0.0
179195469,179194602,0.0957382,0.095733576,0.21065482,0.26421613,0.26421222,0.0,0.0,0.0,0.0,0.0,0.0,0.0,0.0,12.361528,0.0,0.0,nan,0.0,0.0,0.09014682,0.0025086058,0.002506092,0.002506423,0.0,0.0,0.0,0.0,0.0
179697221,179695162,0.095662884,0.095645554,0.21061616,0.26408955,0.26409507,0.0,0.0,0.0,0.0,0.0,0.0,0.0,0.0,12.361735,0.0,0.0,nan,0.0,0.0,0.09014682,0.0025083409,0.0025060205,0.0025061525,0.0,0.0,0.0,0.0,0.0
180203354,180202579,0.09561768,0.09559743,0.21063697,0.26408342,0.26409376,0.0,0.0,0.0,0.0,0.0,0.0,0.0,0.0,12.361954,0.0,0.0,nan,0.0,0.0,0.09010728,0.002508215,0.0025059835,0.0025060195,0.0,0.0,0.0,0.0,0.0
180699989,180699146,0.09567304,0.09565111,0.21067254,0.2641998,0.2642102,0.0,0.0,0.0,0.0,0.0,0.0,0.0,0.0,12.362184,0.0,0.0,nan,0.0,0.0,0.090108655,0.002508215,0.0025059835,0.0025060195,0.0,0.0,0.0,0.0,0.0
181200201,181199442,0.09561554,0.09560018,0.2106284,0.26407468,0.26408267,0.0,0.0,0.0,0.0,0.0,0.0,0.0,0.0,12.3617935,0.0,0.0,nan,0.0,0.0,0.09011008,0.002508215,0.0025059835,0.0025060195,0.0,0.0,0.0,0.0,0.0
181704320,181703554,0.09563285,0.09562289,0.210642,0.264064,0.26406965,0.0,0.0,0.0,0.0,0.0,0.0,0.0,0.0,12.362019,0.0,0.0,nan,0.0,0.0,0.090111464,0.002508215,0.0025059835,0.0025060195,0.0,0.0,0.0,0.0,0.0
182200222,182199453,0.095621616,0.09561483,0.21063283,0.2640588,0.26406235,0.0,0.0,0.0,0.0,0.0,0.0,0.0,0.0,12.361631,0.0,0.0,nan,0.0,0.0,0.09011281,0.002508215,0.0025059835,0.0025060195,0.0,0.0,0.0,0.0,0.0
182699663,182698900,0.09566787,0.09566407,0.2106583,0.26416168,0.2641638,0.0,0.0,0.0,0.0,0.0,0.0,0.0,0.0,12.361868,0.0,0.0,nan,0.0,0.0,0.09011416,0.002508215,0.0025059835,0.0025060195,0.0,0.0,0.0,0.0,0.0
183200309,183199371,0.09566728,0.09566217,0.2106687,0.26415053,0.2641515,0.0,0.0,0.0,0.0,0.0,0.0,0.0,0.0,12.362107,0.0,0.0,nan,0.0,0.0,0.09011556,0.002508215,0.0025059835,0.0025060195,0.0,0.0,0.0,0.0,0.0
183700422,183699531,0.095660165,0.09565606,0.21065679,0.2641434,0.26414356,0.0,0.0,0.0,0.0,0.0,0.0,0.0,0.0,12.361729,0.0,0.0,nan,0.0,0.0,0.0901169,0.002508215,0.0025059835,0.0025060195,0.0,0.0,0.0,0.0,0.0
184191999,184191032,0.09566074,0.09565673,0.21066768,0.26414067,0.2641402,0.0,0.0,0.0,0.0,0.0,0.0,0.0,0.0,12.361358,0.0,0.0,nan,0.0,0.0,0.09011825,0.002508215,0.0025059835,0.0025060195,0.0,0.0,0.0,0.0,0.0
184700306,184699542,0.09566603,0.09566307,0.21065608,0.26414162,0.2641408,0.0,0.0,0.0,0.0,0.0,0.0,0.0,0.0,12.361592,0.0,0.0,nan,0.0,0.0,0.090119675,0.002508215,0.0025059835,0.0025060195,0.0,0.0,0.0,0.0,0.0
185199636,185198727,0.09567271,0.095669694,0.2106438,0.26414227,0.26414135,0.0,0.0,0.0,0.0,0.0,0.0,0.0,0.0,12.362148,0.0,0.0,nan,0.0,0.0,0.09012099,0.002508215,0.0025059835,0.0025060195,0.0,0.0,0.0,0.0,0.0
185695660,185694893,0.09567714,0.095678315,0.21065287,0.26414666,0.2641457,0.0,0.0,0.0,0.0,0.0,0.0,0.0,0.0,12.361762,0.0,0.0,nan,0.0,0.0,0.09012234,0.002508215,0.0025059835,0.0025060195,0.0,0.0,0.0,0.0,0.0
186192033,186191056,0.09563779,0.09563779,0.21061161,0.26405883,0.26405814,0.0,0.0,0.0,0.0,0.0,0.0,0.0,0.0,12.361684,0.0,0.0,nan,0.0,0.0,0.09012369,0.002508215,0.0025059835,0.0025060195,0.0,0.0,0.0,0.0,0.0
186700567,186699745,0.09562023,0.095615216,0.21066214,0.26418352,0.26418275,0.0,0.0,0.0,0.0,0.0,0.0,0.0,0.0,12.362239,0.0,0.0,nan,0.0,0.0,0.090125024,0.002508215,0.0025059835,0.0025060195,0.0,0.0,0.0,0.0,0.0
187196538,187195761,0.09562734,0.095622994,0.21064685,0.26416287,0.26416162,0.0,0.0,0.0,0.0,0.0,0.0,0.0,0.0,12.361839,0.0,0.0,nan,0.0,0.0,0.09012617,0.002508215,0.0025059835,0.0025060195,0.0,0.0,0.0,0.0,0.0
187701153,187700141,0.095642336,0.09563822,0.21065533,0.26414916,0.26414752,0.0,0.0,0.0,0.0,0.0,0.0,0.0,0.0,12.362065,0.0,0.0,nan,0.0,0.0,0.09012739,0.002508215,0.0025059835,0.0025060195,0.0,0.0,0.0,0.0,0.0
188196666,188195895,0.095682435,0.09567933,0.2106784,0.26425177,0.26424995,0.0,0.0,0.0,0.0,0.0,0.0,0.0,0.0,12.361683,0.0,0.0,nan,0.0,0.0,0.090128444,0.002508215,0.0025059835,0.0025060195,0.0,0.0,0.0,0.0,0.0
188696839,188695873,0.0956635,0.09566094,0.21065836,0.2642184,0.2642167,0.0,0.0,0.0,0.0,0.0,0.0,0.0,0.0,12.3619,0.0,0.0,nan,0.0,0.0,0.09012952,0.002508215,0.0025059835,0.0025060195,0.0,0.0,0.0,0.0,0.0
189200663,189199720,0.0956344,0.095632076,0.21066326,0.26419386,0.26419246,0.0,0.0,0.0,0.0,0.0,0.0,0.0,0.0,12.362122,0.0,0.0,nan,0.0,0.0,0.090130635,0.002508215,0.0025059835,0.0025060195,0.0,0.0,0.0,0.0,0.0
189692953,189691979,0.09569055,0.09568759,0.2106842,0.26428935,0.26428822,0.0,0.0,0.0,0.0,0.0,0.0,0.0,0.0,12.361736,0.0,0.0,nan,0.0,0.0,0.09013172,0.002508215,0.0025059835,0.0025060195,0.0,0.0,0.0,0.0,0.0
190200431,190199552,0.095654465,0.09565041,0.21063094,0.26415217,0.26415128,0.0,0.0,0.0,0.0,0.0,0.0,0.0,0.0,12.361633,0.0,0.0,nan,0.0,0.0,0.09013258,0.002508215,0.0025059835,0.0025060195,0.0,0.0,0.0,0.0,0.0
190700302,190699357,0.09564758,0.09564226,0.2106417,0.26414904,0.2641482,0.0,0.0,0.0,0.0,0.0,0.0,0.0,0.0,12.361864,0.0,0.0,nan,0.0,0.0,0.09013338,0.002508215,0.0025059835,0.0025060195,0.0,0.0,0.0,0.0,0.0
191200565,191199795,0.09566271,0.09565661,0.21063195,0.26415014,0.26414925,0.0,0.0,0.0,0.0,0.0,0.0,0.0,0.0,12.361496,0.0,0.0,nan,0.0,0.0,0.09013424,0.002508215,0.0025059835,0.0025060195,0.0,0.0,0.0,0.0,0.0
191696774,191695938,0.09564342,0.09563722,0.21062234,0.26414955,0.26414847,0.0,0.0,0.0,0.0,0.0,0.0,0.0,0.0,12.362064,0.0,0.0,nan,0.0,0.0,0.09013515,0.002508215,0.0025059835,0.0025060195,0.0,0.0,0.0,0.0,0.0
192205406,192204507,0.095622525,0.09561711,0.21063524,0.2641492,0.26414794,0.0,0.0,0.0,0.0,0.0,0.0,0.0,0.0,12.361693,0.0,0.0,nan,0.0,0.0,0.09013605,0.002508215,0.0025059835,0.0025060195,0.0,0.0,0.0,0.0,0.0
192696853,192695970,0.095611505,0.09560892,0.21062423,0.26414716,0.2641458,0.0,0.0,0.0,0.0,0.0,0.0,0.0,0.0,12.36193,0.0,0.0,nan,0.0,0.0,0.09013675,0.002508215,0.0025059835,0.0025060195,0.0,0.0,0.0,0.0,0.0
193200891,193200001,0.09565005,0.09563036,0.21063383,0.26414454,0.26414353,0.0,0.0,0.0,0.0,0.0,0.0,0.0,0.0,12.361235,0.0,0.0,nan,0.0,0.0,0.090137474,0.002508215,0.0025059835,0.0025060195,0.0,0.0,0.0,0.0,0.0
193696668,193695887,0.09567079,0.09562557,0.21059364,0.26403987,0.26403862,0.0,0.0,0.0,0.0,0.0,0.0,0.0,0.0,12.361486,0.0,0.0,nan,0.0,0.0,0.090137586,0.002508215,0.0025059835,0.0025060195,0.0,0.0,0.0,0.0,0.0
194200347,194199396,0.0957034,0.09564087,0.21063219,0.26417944,0.2641761,0.0,0.0,0.0,0.0,0.0,0.0,0.0,0.0,12.361746,0.0,0.0,nan,0.0,0.0,0.09013807,0.002508215,0.0025059835,0.0025060195,0.0,0.0,0.0,0.0,0.0
194700112,194699217,0.09574704,0.0956782,0.21065597,0.2641961,0.26418948,0.0,0.0,0.0,0.0,0.0,0.0,0.0,0.0,12.361078,0.0,0.0,nan,0.0,0.0,0.09013804,0.002508215,0.0025059835,0.0025060195,0.0,0.0,0.0,0.0,0.0
195201816,195200943,0.09566985,0.09562146,0.21063909,0.26408857,0.26407924,0.0,0.0,0.0,0.0,0.0,0.0,0.0,0.0,12.361638,0.0,0.0,nan,0.0,0.0,0.0901381,0.002508215,0.0025059835,0.0025060195,0.0,0.0,0.0,0.0,0.0
195704637,195703876,0.09563087,0.09561391,0.2106361,0.2640947,0.2640842,0.0,0.0,0.0,0.0,0.0,0.0,0.0,0.0,12.361595,0.0,0.0,nan,0.0,0.0,0.090138294,0.002508215,0.0025059835,0.0025060195,0.0,0.0,0.0,0.0,0.0
196200308,196199433,0.09555573,0.09556346,0.21066332,0.2641955,0.2641867,0.0,0.0,0.0,0.0,0.0,0.0,0.0,0.0,12.362149,0.0,0.0,nan,0.0,0.0,0.09013875,0.002508215,0.0025059835,0.0025060195,0.0,0.0,0.0,0.0,0.0
196700684,196699806,0.09537567,0.09538607,0.21067445,0.26416108,0.2641564,0.0,0.0,0.0,0.0,0.0,0.0,0.0,0.0,12.361432,0.0,0.0,nan,0.0,0.0,0.09013896,0.002508215,0.0025059835,0.0025060195,0.0,0.0,0.0,0.0,0.0
197196539,197195590,0.09550679,0.095501095,0.2106646,0.26412836,0.26412797,0.0,0.0,0.0,0.0,0.0,0.0,0.0,0.0,12.361659,0.0,0.0,nan,0.0,0.0,0.09013931,0.002508215,0.0025059835,0.0025060195,0.0,0.0,0.0,0.0,0.0
197700917,197700036,0.09560433,0.09557107,0.21066354,0.2641446,0.26414683,0.0,0.0,0.0,0.0,0.0,0.0,0.0,0.0,12.361919,0.0,0.0,nan,0.0,0.0,0.09013971,0.002508215,0.0025059835,0.0025060195,0.0,0.0,0.0,0.0,0.0
198196883,198196109,0.09558571,0.09552546,0.21064061,0.26402956,0.26403135,0.0,0.0,0.0,0.0,0.0,0.0,0.0,0.0,12.36154,0.0,0.0,nan,0.0,0.0,0.090139695,0.002508215,0.0025059835,0.0025060195,0.0,0.0,0.0,0.0,0.0
198701208,198700314,0.09565076,0.09557152,0.21066771,0.26414192,0.26414058,0.0,0.0,0.0,0.0,0.0,0.0,0.0,0.0,12.362094,0.0,0.0,nan,0.0,0.0,0.09013974,0.002508215,0.0025059835,0.0025060195,0.0,0.0,0.0,0.0,0.0
199201408,199200428,0.095685415,0.09559512,0.21068203,0.26414958,0.26414368,0.0,0.0,0.0,0.0,0.0,0.0,0.0,0.0,12.362008,0.0,0.0,nan,0.0,0.0,0.090139724,0.002508215,0.0025059835,0.0025060195,0.0,0.0,0.0,0.0,0.0
199700519,199699766,0.095663324,0.09557684,0.2106356,0.26403987,0.26402962,0.0,0.0,0.0,0.0,0.0,0.0,0.0,0.0,12.361628,0.0,0.0,nan,0.0,0.0,0.09013958,0.002508215,0.0025059835,0.0025060195,0.0,0.0,0.0,0.0,0.0
200201192,200200257,0.09570401,0.09562052,0.21066545,0.26416707,0.26415208,0.0,0.0,0.0,0.0,0.0,0.0,0.0,0.0,12.362189,0.0,0.0,nan,0.0,0.0,0.090139695,0.002508215,0.0025059835,0.0025060195,0.0,0.0,0.0,0.0,0.0
200697061,200696292,0.09569701,0.095625035,0.21067752,0.26416624,0.26414853,0.0,0.0,0.0,0.0,0.0,0.0,0.0,0.0,12.361795,0.0,0.0,nan,0.0,0.0,0.090139665,0.002508215,0.0025059835,0.0025060195,0.0,0.0,0.0,0.0,0.0
201200770,201200013,0.09568779,0.09563106,0.21066704,0.2641651,0.26414636,0.0,0.0,0.0,0.0,0.0,0.0,0.0,0.0,12.361695,0.0,0.0,nan,0.0,0.0,0.0901398,0.002508215,0.0025059835,0.0025060195,0.0,0.0,0.0,0.0,0.0
201700463,201699511,0.09573369,0.09569024,0.21069,0.26426357,0.26424474,0.0,0.0,0.0,0.0,0.0,0.0,0.0,0.0,12.361919,0.0,0.0,nan,0.0,0.0,0.09014002,0.002508215,0.0025059835,0.0025060195,0.0,0.0,0.0,0.0,0.0
202201005,202200119,0.095668405,0.09563776,0.21069677,0.2642366,0.26421925,0.0,0.0,0.0,0.0,0.0,0.0,0.0,0.0,12.361528,0.0,0.0,nan,0.0,0.0,0.09014028,0.002508215,0.0025059835,0.0025060195,0.0,0.0,0.0,0.0,0.0
202700827,202699949,0.09560848,0.095589496,0.21064867,0.26411042,0.26409572,0.0,0.0,0.0,0.0,0.0,0.0,0.0,0.0,12.361767,0.0,0.0,nan,0.0,0.0,0.090140685,0.002508215,0.0025059835,0.0025060195,0.0,0.0,0.0,0.0,0.0
203201611,203200716,0.09560721,0.09559981,0.2107001,0.26422295,0.26421106,0.0,0.0,0.0,0.0,0.0,0.0,0.0,0.0,12.361726,0.0,0.0,nan,0.0,0.0,0.090141185,0.002508215,0.0025059835,0.0025060195,0.0,0.0,0.0,0.0,0.0
203697195,203696319,0.0955929,0.095591694,0.21065666,0.26410934,0.26410112,0.0,0.0,0.0,0.0,0.0,0.0,0.0,0.0,12.361334,0.0,0.0,nan,0.0,0.0,0.0901414,0.002508215,0.0025059835,0.0025060195,0.0,0.0,0.0,0.0,0.0
204201092,204200196,0.09555203,0.09555117,0.21067132,0.26410773,0.2641028,0.0,0.0,0.0,0.0,0.0,0.0,0.0,0.0,12.361301,0.0,0.0,nan,0.0,0.0,0.09014206,0.002508215,0.0025059835,0.0025060195,0.0,0.0,0.0,0.0,0.0
204697316,204696430,0.09554719,0.09554529,0.21066095,0.2640982,0.26409566,0.0,0.0,0.0,0.0,0.0,0.0,0.0,0.0,12.3618555,0.0,0.0,nan,0.0,0.0,0.09014273,0.002508215,0.0025059835,0.0025060195,0.0,0.0,0.0,0.0,0.0
205200755,205199987,0.095598966,0.09559617,0.21068402,0.26419482,0.26419374,0.0,0.0,0.0,0.0,0.0,0.0,0.0,0.0,12.362789,0.0,0.0,nan,0.0,0.0,0.0901432,0.002508215,0.0025059835,0.0025060195,0.0,0.0,0.0,0.0,0.0
205701360,205700473,0.095556386,0.09555334,0.21065469,0.2640617,0.26406133,0.0,0.0,0.0,0.0,0.0,0.0,0.0,0.0,12.361663,0.0,0.0,nan,0.0,0.0,0.09014343,0.002508215,0.0025059835,0.0025060195,0.0,0.0,0.0,0.0,0.0
206197301,206196366,0.095633306,0.095629096,0.21071512,0.26427692,0.26427677,0.0,0.0,0.0,0.0,0.0,0.0,0.0,0.0,12.362198,0.0,0.0,nan,0.0,0.0,0.09014376,0.002508215,0.0025059835,0.0025060195,0.0,0.0,0.0,0.0,0.0
206697111,206696281,0.0955629,0.09555704,0.21067853,0.26411635,0.26411617,0.0,0.0,0.0,0.0,0.0,0.0,0.0,0.0,12.361773,0.0,0.0,nan,0.0,0.0,0.09014418,0.002508215,0.0025059835,0.0025060195,0.0,0.0,0.0,0.0,0.0
207197441,207196538,0.09556068,0.095555834,0.21066478,0.264102,0.26410165,0.0,0.0,0.0,0.0,0.0,0.0,0.0,0.0,12.361976,0.0,0.0,nan,0.0,0.0,0.09014448,0.002508215,0.0025059835,0.0025060195,0.0,0.0,0.0,0.0,0.0
207700745,207699937,0.09560054,0.0955975,0.21068703,0.2641982,0.26419765,0.0,0.0,0.0,0.0,0.0,0.0,0.0,0.0,12.362903,0.0,0.0,nan,0.0,0.0,0.09014484,0.002508215,0.0025059835,0.0025060195,0.0,0.0,0.0,0.0,0.0
208197016,208196120,0.09558742,0.09558586,0.2106615,0.26407912,0.26407853,0.0,0.0,0.0,0.0,0.0,0.0,0.0,0.0,12.361462,0.0,0.0,nan,0.0,0.0,0.0901451,0.002508215,0.0025059835,0.0025060195,0.0,0.0,0.0,0.0,0.0
208697126,208696295,0.09561207,0.0956111,0.2106849,0.26417866,0.26417807,0.0,0.0,0.0,0.0,0.0,0.0,0.0,0.0,12.361999,0.0,0.0,nan,0.0,0.0,0.09014558,0.002508215,0.0025059835,0.0025060195,0.0,0.0,0.0,0.0,0.0
209202018,209201141,0.09560153,0.095601335,0.21069387,0.2641618,0.26416132,0.0,0.0,0.0,0.0,0.0,0.0,0.0,0.0,12.361601,0.0,0.0,nan,0.0,0.0,0.0901458,0.002508215,0.0025059835,0.0025060195,0.0,0.0,0.0,0.0,0.0
209701399,209700616,0.09559875,0.09559989,0.21068183,0.26415032,0.26414993,0.0,0.0,0.0,0.0,0.0,0.0,0.0,0.0,12.361814,0.0,0.0,nan,0.0,0.0,0.09014599,0.002508215,0.0025059835,0.0025060195,0.0,0.0,0.0,0.0,0.0
210201602,210200662,0.09560676,0.095609255,0.21067068,0.26414135,0.26414117,0.0,0.0,0.0,0.0,0.0,0.0,0.0,0.0,12.361708,0.0,0.0,nan,0.0,0.0,0.090146154,0.002508215,0.0025059835,0.0025060195,0.0,0.0,0.0,0.0,0.0
210701423,210700530,0.09558913,0.09559733,0.2106852,0.26414272,0.2641429,0.0,0.0,0.0,0.0,0.0,0.0,0.0,0.0,12.361653,0.0,0.0,nan,0.0,0.0,0.09014648,0.002508215,0.0025059835,0.0025060195,0.0,0.0,0.0,0.0,0.0
211201396,211200440,0.09557652,0.095590524,0.21067536,0.264138,0.2641389,0.0,0.0,0.0,0.0,0.0,0.0,0.0,0.0,12.361876,0.0,0.0,nan,0.0,0.0,0.09014639,0.002508215,0.0025059835,0.0025060195,0.0,0.0,0.0,0.0,0.0
211697084,211696128,0.09560829,0.09562657,0.21072379,0.26424494,0.26424694,0.0,0.0,0.0,0.0,0.0,0.0,0.0,0.0,12.361803,0.0,0.0,nan,0.0,0.0,0.090146825,0.002508215,0.0025059835,0.0025060195,0.0,0.0,0.0,0.0,0.0
212201599,212200727,0.09555145,0.09557746,0.21067023,0.2641015,0.2641046,0.0,0.0,0.0,0.0,0.0,0.0,0.0,0.0,12.3616705,0.0,0.0,nan,0.0,0.0,0.09014684,0.002508215,0.0025059835,0.0025060195,0.0,0.0,0.0,0.0,0.0
212701192,212700304,0.09556204,0.09559318,0.21066569,0.2641141,0.26411867,0.0,0.0,0.0,0.0,0.0,0.0,0.0,0.0,12.362618,0.0,0.0,nan,0.0,0.0,0.0901468,0.002508215,0.0025059835,0.0025060195,0.0,0.0,0.0,0.0,0.0
213201529,213200765,0.09557338,0.095608905,0.21068287,0.26412237,0.2641286,0.0,0.0,0.0,0.0,0.0,0.0,0.0,0.0,12.361526,0.0,0.0,nan,0.0,0.0,0.0901467,0.002508215,0.0025059835,0.0025060195,0.0,0.0,0.0,0.0,0.0
213697656,213696780,0.09558629,0.09562336,0.21070968,0.26422676,0.2642348,0.0,0.0,0.0,0.0,0.0,0.0,0.0,0.0,12.362455,0.0,0.0,nan,0.0,0.0,0.09014679,0.002508215,0.0025059835,0.0025060195,0.0,0.0,0.0,0.0,0.0
214201221,214200461,0.09553017,0.09556063,0.21067768,0.26407975,0.26408854,0.0,0.0,0.0,0.0,0.0,0.0,0.0,0.0,12.361656,0.0,0.0,nan,0.0,0.0,0.090146534,0.002508215,0.0025059835,0.0025060195,0.0,0.0,0.0,0.0,0.0
214701294,214700343,0.09556746,0.09559533,0.21070008,0.26417205,0.26418164,0.0,0.0,0.0,0.0,0.0,0.0,0.0,0.0,12.361858,0.0,0.0,nan,0.0,0.0,0.09014653,0.002508215,0.0025059835,0.0025060195,0.0,0.0,0.0,0.0,0.0
215201569,215200784,0.09555121,0.095573075,0.21068524,0.26415142,0.26416102,0.0,0.0,0.0,0.0,0.0,0.0,0.0,0.0,12.362782,0.0,0.0,nan,0.0,0.0,0.090146475,0.002508215,0.0025059835,0.0025060195,0.0,0.0,0.0,0.0,0.0
215700910,215700005,0.09557675,0.095592946,0.21072388,0.26422286,0.264232,0.0,0.0,0.0,0.0,0.0,0.0,0.0,0.0,12.361658,0.0,0.0,nan,0.0,0.0,0.090146594,0.002508215,0.0025059835,0.0025060195,0.0,0.0,0.0,0.0,0.0
216201232,216200330,0.09556922,0.095581025,0.21070707,0.2642013,0.26420945,0.0,0.0,0.0,0.0,0.0,0.0,0.0,0.0,12.362579,0.0,0.0,nan,0.0,0.0,0.09014676,0.002508215,0.0025059835,0.0025060195,0.0,0.0,0.0,0.0,0.0
216705292,216704398,0.0955534,0.095562436,0.21068826,0.26417074,0.2641776,0.0,0.0,0.0,0.0,0.0,0.0,0.0,0.0,12.362788,0.0,0.0,nan,0.0,0.0,0.09014701,0.002508215,0.0025059835,0.0025060195,0.0,0.0,0.0,0.0,0.0
217201090,217200308,0.09552321,0.09552968,0.21065633,0.26403233,0.264038,0.0,0.0,0.0,0.0,0.0,0.0,0.0,0.0,12.36203,0.0,0.0,nan,0.0,0.0,0.09014703,0.002508215,0.0025059835,0.0025060195,0.0,0.0,0.0,0.0,0.0
217697459,217696677,0.09554116,0.09554542,0.21068081,0.26414463,0.26414925,0.0,0.0,0.0,0.0,0.0,0.0,0.0,0.0,12.36291,0.0,0.0,nan,0.0,0.0,0.09014756,0.002508215,0.0025059835,0.0025060195,0.0,0.0,0.0,0.0,0.0
218201213,218200433,0.09552731,0.09553116,0.21068723,0.26412606,0.26412973,0.0,0.0,0.0,0.0,0.0,0.0,0.0,0.0,12.3624735,0.0,0.0,nan,0.0,0.0,0.090147786,0.002508215,0.0025059835,0.0025060195,0.0,0.0,0.0,0.0,0.0
218702060,218701302,0.09553464,0.09553852,0.21064097,0.26401642,0.2640194,0.0,0.0,0.0,0.0,0.0,0.0,0.0,0.0,12.3623495,0.0,0.0,nan,0.0,0.0,0.090147816,0.002508215,0.0025059835,0.0025060195,0.0,0.0,0.0,0.0,0.0
219201204,219200309,0.09555208,0.09555629,0.2106907,0.26413035,0.26413292,0.0,0.0,0.0,0.0,0.0,0.0,0.0,0.0,12.361585,0.0,0.0,nan,0.0,0.0,0.090148166,0.002508215,0.0025059835,0.0025060195,0.0,0.0,0.0,0.0,0.0
219697506,219696599,0.095537856,0.09554196,0.21064544,0.26402336,0.26402557,0.0,0.0,0.0,0.0,0.0,0.0,0.0,0.0,12.362176,0.0,0.0,nan,0.0,0.0,0.09014822,0.002508215,0.0025059835,0.0025060195,0.0,0.0,0.0,0.0,0.0
220200931,220200151,0.09556757,0.09557138,0.21067692,0.2641515,0.26415354,0.0,0.0,0.0,0.0,0.0,0.0,0.0,0.0,12.362426,0.0,0.0,nan,0.0,0.0,0.09014841,0.002508215,0.0025059835,0.0025060195,0.0,0.0,0.0,0.0,0.0
220698004,220697093,0.09556225,0.09556533,0.21068798,0.26414096,0.26414278,0.0,0.0,0.0,0.0,0.0,0.0,0.0,0.0,12.361337,0.0,0.0,nan,0.0,0.0,0.09014847,0.002508215,0.0025059835,0.0025060195,0.0,0.0,0.0,0.0,0.0
221201057,221200278,0.095553756,0.09555569,0.21067704,0.26413196,0.26413363,0.0,0.0,0.0,0.0,0.0,0.0,0.0,0.0,12.362263,0.0,0.0,nan,0.0,0.0,0.09014854,0.002508215,0.0025059835,0.0025060195,0.0,0.0,0.0,0.0,0.0
221689566,221688366,0.09556901,0.095569484,0.21066691,0.26412693,0.2641284,0.0,0.0,0.0,0.0,0.0,0.0,0.0,0.0,12.362509,0.0,0.0,nan,0.0,0.0,0.090148374,0.002508215,0.0025059835,0.0025060195,0.0,0.0,0.0,0.0,0.0
222201282,222200324,0.09557291,0.09557238,0.21068002,0.26412445,0.26412565,0.0,0.0,0.0,0.0,0.0,0.0,0.0,0.0,12.361432,0.0,0.0,nan,0.0,0.0,0.09014854,0.002508215,0.0025059835,0.0025060195,0.0,0.0,0.0,0.0,0.0
222701795,222701020,0.09555876,0.09555765,0.21066907,0.2641173,0.2641182,0.0,0.0,0.0,0.0,0.0,0.0,0.0,0.0,12.362387,0.0,0.0,nan,0.0,0.0,0.09014892,0.002508215,0.0025059835,0.0025060195,0.0,0.0,0.0,0.0,0.0
223202081,223201180,0.09556086,0.09555974,0.21062484,0.26400793,0.26400852,0.0,0.0,0.0,0.0,0.0,0.0,0.0,0.0,12.361989,0.0,0.0,nan,0.0,0.0,0.09014881,0.002508215,0.0025059835,0.0025060195,0.0,0.0,0.0,0.0,0.0
223701243,223700338,0.09557857,0.095577694,0.21068144,0.26414153,0.2641419,0.0,0.0,0.0,0.0,0.0,0.0,0.0,0.0,12.361985,0.0,0.0,nan,0.0,0.0,0.09014906,0.002508215,0.0025059835,0.0025060195,0.0,0.0,0.0,0.0,0.0
224201867,224201081,0.09557662,0.09557554,0.21066923,0.26412943,0.26412964,0.0,0.0,0.0,0.0,0.0,0.0,0.0,0.0,12.362242,0.0,0.0,nan,0.0,0.0,0.09014905,0.002508215,0.0025059835,0.0025060195,0.0,0.0,0.0,0.0,0.0
224702457,224701201,0.09558927,0.09558846,0.21071653,0.26423225,0.26423225,0.0,0.0,0.0,0.0,0.0,0.0,0.0,0.0,12.3615055,0.0,0.0,nan,0.0,0.0,0.0901493,0.002508215,0.0025059835,0.0025060195,0.0,0.0,0.0,0.0,0.0
225198456,225197278,0.09558588,0.09558663,0.21069829,0.2641978,0.26419768,0.0,0.0,0.0,0.0,0.0,0.0,0.0,0.0,12.362122,0.0,0.0,nan,0.0,0.0,0.0901494,0.002508215,0.0025059835,0.0025060195,0.0,0.0,0.0,0.0,0.0
225698414,225697332,0.09557241,0.095577545,0.21068124,0.26417297,0.26417282,0.0,0.0,0.0,0.0,0.0,0.0,0.0,0.0,12.362695,0.0,0.0,nan,0.0,0.0,0.09014935,0.002508215,0.0025059835,0.0025060195,0.0,0.0,0.0,0.0,0.0
226201537,226200466,0.09557909,0.09558958,0.21068865,0.26415616,0.26415634,0.0,0.0,0.0,0.0,0.0,0.0,0.0,0.0,12.362294,0.0,0.0,nan,0.0,0.0,0.090149395,0.002508215,0.0025059835,0.0025060195,0.0,0.0,0.0,0.0,0.0
226702115,226700929,0.09556666,0.0955818,0.21067451,0.26414275,0.2641436,0.0,0.0,0.0,0.0,0.0,0.0,0.0,0.0,12.36252,0.0,0.0,nan,0.0,0.0,0.09014937,0.002508215,0.0025059835,0.0025060195,0.0,0.0,0.0,0.0,0.0
227198053,227197284,0.09557865,0.095596924,0.21068697,0.2641359,0.26413754,0.0,0.0,0.0,0.0,0.0,0.0,0.0,0.0,12.362119,0.0,0.0,nan,0.0,0.0,0.09014919,0.002508215,0.0025059835,0.0025060195,0.0,0.0,0.0,0.0,0.0
227698158,227697180,0.09558517,0.09560406,0.2106766,0.26413226,0.264135,0.0,0.0,0.0,0.0,0.0,0.0,0.0,0.0,12.362367,0.0,0.0,nan,0.0,0.0,0.09014918,0.002508215,0.0025059835,0.0025060195,0.0,0.0,0.0,0.0,0.0
228202352,228201088,0.09552132,0.09553946,0.2103556,0.26348108,0.26348412,0.0,0.0,0.0,0.0,0.0,0.0,0.0,0.0,12.360681,0.0,0.0,nan,0.0,0.0,0.090148985,0.002508215,0.0025059835,0.0025060195,0.0,0.0,0.0,0.0,0.0
228697982,228697107,0.0957987,0.09581179,0.20972513,0.2641349,0.26413935,0.0,0.0,0.0,0.0,0.0,0.0,0.0,0.0,12.362495,0.0,0.0,nan,0.0,0.0,0.09014982,0.002508215,0.0025059835,0.0025060195,0.0,0.0,0.0,0.0,0.0
229202038,229200849,0.09614099,0.096145906,0.20923924,0.2642123,0.26421684,0.0,0.0,0.0,0.0,0.0,0.0,0.0,0.0,12.362528,0.0,0.0,nan,0.0,0.0,0.0901498,0.002508215,0.0025059835,0.0025060195,0.0,0.0,0.0,0.0,0.0
229702557,229701364,0.09641632,0.09641384,0.20913967,0.26430896,0.26431283,0.0,0.0,0.0,0.0,0.0,0.0,0.0,0.0,12.362655,0.0,0.0,nan,0.0,0.0,0.09014989,0.002508215,0.0025059835,0.0025060195,0.0,0.0,0.0,0.0,0.0
230198228,230197471,0.096514545,0.09650869,0.20916966,0.26430216,0.26430506,0.0,0.0,0.0,0.0,0.0,0.0,0.0,0.0,12.361961,0.0,0.0,nan,0.0,0.0,0.09014985,0.002508215,0.0025059835,0.0025060195,0.0,0.0,0.0,0.0,0.0
230693781,230693022,0.09651444,0.096505806,0.2093226,0.26430893,0.2643104,0.0,0.0,0.0,0.0,0.0,0.0,0.0,0.0,12.361437,0.0,0.0,nan,0.0,0.0,0.09014984,0.002508215,0.0025059835,0.0025060195,0.0,0.0,0.0,0.0,0.0
231198304,231197425,0.096409015,0.096400954,0.20951685,0.26432163,0.2643218,0.0,0.0,0.0,0.0,0.0,0.0,0.0,0.0,12.361242,0.0,0.0,nan,0.0,0.0,0.09014968,0.002508215,0.0025059835,0.0025060195,0.0,0.0,0.0,0.0,0.0
231701903,231701071,0.09629434,0.09628787,0.20973232,0.26433825,0.2643375,0.0,0.0,0.0,0.0,0.0,0.0,0.0,0.0,12.360677,0.0,0.0,nan,0.0,0.0,0.09014969,0.002508215,0.0025059835,0.0025060195,0.0,0.0,0.0,0.0,0.0
232198132,232197371,0.09610196,0.096097425,0.20995544,0.26433417,0.2643329,0.0,0.0,0.0,0.0,0.0,0.0,0.0,0.0,12.360615,0.0,0.0,nan,0.0,0.0,0.090149954,0.002508215,0.0025059835,0.0025060195,0.0,0.0,0.0,0.0,0.0
232701873,232700920,0.09594801,0.09594522,0.21013965,0.2643266,0.26432508,0.0,0.0,0.0,0.0,0.0,0.0,0.0,0.0,12.360453,0.0,0.0,nan,0.0,0.0,0.09015003,0.002508215,0.0025059835,0.0025060195,0.0,0.0,0.0,0.0,0.0
233198157,233197384,0.095831774,0.09582868,0.2103113,0.26430762,0.2643061,0.0,0.0,0.0,0.0,0.0,0.0,0.0,0.0,12.360239,0.0,0.0,nan,0.0,0.0,0.09015009,0.002508215,0.0025059835,0.0025060195,0.0,0.0,0.0,0.0,0.0
233698202,233697373,0.095729046,0.095726505,0.21039918,0.26417577,0.26417437,0.0,0.0,0.0,0.0,0.0,0.0,0.0,0.0,12.360419,0.0,0.0,nan,0.0,0.0,0.09014988,0.002508215,0.0025059835,0.0025060195,0.0,0.0,0.0,0.0,0.0
234197920,234197142,0.09569247,0.09569007,0.2105464,0.264268,0.2642667,0.0,0.0,0.0,0.0,0.0,0.0,0.0,0.0,12.360126,0.0,0.0,nan,0.0,0.0,0.090149954,0.002508215,0.0025059835,0.0025060195,0.0,0.0,0.0,0.0,0.0
234694333,234693439,0.09562883,0.09562786,0.21057643,0.26413247,0.26413137,0.0,0.0,0.0,0.0,0.0,0.0,0.0,0.0,12.360111,0.0,0.0,nan,0.0,0.0,0.09014987,0.002508215,0.0025059835,0.0025060195,0.0,0.0,0.0,0.0,0.0
235202372,235201467,0.09563535,0.09563451,0.2106849,0.26430774,0.26430684,0.0,0.0,0.0,0.0,0.0,0.0,0.0,0.0,12.360732,0.0,0.0,nan,0.0,0.0,0.09014983,0.002508215,0.0025059835,0.0025060195,0.0,0.0,0.0,0.0,0.0
235702457,235701599,0.09561172,0.095611505,0.21072358,0.26426166,0.264261,0.0,0.0,0.0,0.0,0.0,0.0,0.0,0.0,12.3604965,0.0,0.0,nan,0.0,0.0,0.090150036,0.002508215,0.0025059835,0.0025060195,0.0,0.0,0.0,0.0,0.0
236198069,236197318,0.095603056,0.09560246,0.21072751,0.26421508,0.2642147,0.0,0.0,0.0,0.0,0.0,0.0,0.0,0.0,12.360547,0.0,0.0,nan,0.0,0.0,0.090149775,0.002508215,0.0025059835,0.0025060195,0.0,0.0,0.0,0.0,0.0
236702161,236701326,0.09562423,0.09562315,0.21075423,0.26427215,0.26427191,0.0,0.0,0.0,0.0,0.0,0.0,0.0,0.0,12.36063,0.0,0.0,nan,0.0,0.0,0.09014987,0.002508215,0.0025059835,0.0025060195,0.0,0.0,0.0,0.0,0.0
237194593,237193838,0.09558847,0.09558709,0.21072607,0.2641225,0.26412234,0.0,0.0,0.0,0.0,0.0,0.0,0.0,0.0,12.360678,0.0,0.0,nan,0.0,0.0,0.090149686,0.002508215,0.0025059835,0.0025060195,0.0,0.0,0.0,0.0,0.0
237702710,237701790,0.09561691,0.09561479,0.2107486,0.26421413,0.26421395,0.0,0.0,0.0,0.0,0.0,0.0,0.0,0.0,12.36137,0.0,0.0,nan,0.0,0.0,0.090149865,0.002508215,0.0025059835,0.0025060195,0.0,0.0,0.0,0.0,0.0
238198473,238197699,0.09560847,0.09561161,0.21072783,0.26418236,0.2641822,0.0,0.0,0.0,0.0,0.0,0.0,0.0,0.0,12.3611,0.0,0.0,nan,0.0,0.0,0.09014974,0.002508215,0.0025059835,0.0025060195,0.0,0.0,0.0,0.0,0.0
238702476,238701616,0.09559979,0.095606335,0.21073015,0.26416042,0.26416048,0.0,0.0,0.0,0.0,0.0,0.0,0.0,0.0,12.361442,0.0,0.0,nan,0.0,0.0,0.09014955,0.002508215,0.0025059835,0.0025060195,0.0,0.0,0.0,0.0,0.0
239198491,239197734,0.09560967,0.09561798,0.21070816,0.26413354,0.264134,0.0,0.0,0.0,0.0,0.0,0.0,0.0,0.0,12.360829,0.0,0.0,nan,0.0,0.0,0.0901493,0.002508215,0.0025059835,0.0025060195,0.0,0.0,0.0,0.0,0.0
239702471,239701634,0.09564234,0.09565345,0.21072912,0.26424196,0.26424313,0.0,0.0,0.0,0.0,0.0,0.0,0.0,0.0,12.361484,0.0,0.0,nan,0.0,0.0,0.09014925,0.002508215,0.0025059835,0.0025060195,0.0,0.0,0.0,0.0,0.0
240201913,240200903,0.09563013,0.09563894,0.21072948,0.26421311,0.26421484,0.0,0.0,0.0,0.0,0.0,0.0,0.0,0.0,12.361799,0.0,0.0,nan,0.0,0.0,0.090149134,0.002508215,0.0025059835,0.0025060195,0.0,0.0,0.0,0.0,0.0
240698208,240697456,0.095613204,0.09562012,0.21070811,0.26418552,0.26418754,0.0,0.0,0.0,0.0,0.0,0.0,0.0,0.0,12.361151,0.0,0.0,nan,0.0,0.0,0.09014905,0.002508215,0.0025059835,0.0025060195,0.0,0.0,0.0,0.0,0.0
241202781,241201823,0.095606595,0.09561208,0.21071172,0.26416576,0.26416785,0.0,0.0,0.0,0.0,0.0,0.0,0.0,0.0,12.361764,0.0,0.0,nan,0.0,0.0,0.09014899,0.002508215,0.0025059835,0.0025060195,0.0,0.0,0.0,0.0,0.0
241694297,241693422,0.095633134,0.095636524,0.21073142,0.26426473,0.26426682,0.0,0.0,0.0,0.0,0.0,0.0,0.0,0.0,12.361426,0.0,0.0,nan,0.0,0.0,0.09014908,0.002508215,0.0025059835,0.0025060195,0.0,0.0,0.0,0.0,0.0
242202421,242201566,0.095604405,0.09560587,0.21067844,0.2641367,0.2641384,0.0,0.0,0.0,0.0,0.0,0.0,0.0,0.0,12.361374,0.0,0.0,nan,0.0,0.0,0.09014898,0.002508215,0.0025059835,0.0025060195,0.0,0.0,0.0,0.0,0.0
242698723,242697913,0.09559253,0.09559268,0.21068858,0.26413482,0.26413608,0.0,0.0,0.0,0.0,0.0,0.0,0.0,0.0,12.361659,0.0,0.0,nan,0.0,0.0,0.090148956,0.002508215,0.0025059835,0.0025060195,0.0,0.0,0.0,0.0,0.0
243202599,243201767,0.09559368,0.0955934,0.21067685,0.26413482,0.26413554,0.0,0.0,0.0,0.0,0.0,0.0,0.0,0.0,12.361644,0.0,0.0,nan,0.0,0.0,0.090149075,0.002508215,0.0025059835,0.0025060195,0.0,0.0,0.0,0.0,0.0
243698160,243697290,0.09557281,0.09557227,0.21065563,0.26403716,0.26403746,0.0,0.0,0.0,0.0,0.0,0.0,0.0,0.0,12.361599,0.0,0.0,nan,0.0,0.0,0.09014896,0.002508215,0.0025059835,0.0025060195,0.0,0.0,0.0,0.0,0.0
244202581,244201711,0.09561977,0.09561986,0.21068434,0.26415747,0.2641574,0.0,0.0,0.0,0.0,0.0,0.0,0.0,0.0,12.36126,0.0,0.0,nan,0.0,0.0,0.09014911,0.002508215,0.0025059835,0.0025060195,0.0,0.0,0.0,0.0,0.0
244698708,244697953,0.09557218,0.095573,0.21064188,0.2640614,0.26406115,0.0,0.0,0.0,0.0,0.0,0.0,0.0,0.0,12.361528,0.0,0.0,nan,0.0,0.0,0.09014913,0.002508215,0.0025059835,0.0025060195,0.0,0.0,0.0,0.0,0.0
245198904,245197959,0.09562807,0.09562907,0.21069786,0.2641985,0.2641983,0.0,0.0,0.0,0.0,0.0,0.0,0.0,0.0,12.362137,0.0,0.0,nan,0.0,0.0,0.09014924,0.002508215,0.0025059835,0.0025060195,0.0,0.0,0.0,0.0,0.0
245698475,245697712,0.095571086,0.09557196,0.21065353,0.26408955,0.2640894,0.0,0.0,0.0,0.0,0.0,0.0,0.0,0.0,12.361456,0.0,0.0,nan,0.0,0.0,0.090149246,0.002508215,0.0025059835,0.0025060195,0.0,0.0,0.0,0.0,0.0
246198459,246197578,0.095585145,0.09558496,0.21066353,0.26407367,0.26407355,0.0,0.0,0.0,0.0,0.0,0.0,0.0,0.0,12.361711,0.0,0.0,nan,0.0,0.0,0.09014919,0.002508215,0.0025059835,0.0025060195,0.0,0.0,0.0,0.0,0.0
246702761,246701906,0.09558838,0.095587105,0.21068893,0.26417467,0.26417452,0.0,0.0,0.0,0.0,0.0,0.0,0.0,0.0,12.361682,0.0,0.0,nan,0.0,0.0,0.09014937,0.002508215,0.0025059835,0.0025060195,0.0,0.0,0.0,0.0,0.0
247194957,247194083,0.095596164,0.095593676,0.21067593,0.26415813,0.26415786,0.0,0.0,0.0,0.0,0.0,0.0,0.0,0.0,12.361929,0.0,0.0,nan,0.0,0.0,0.090149485,0.002508215,0.0025059835,0.0025060195,0.0,0.0,0.0,0.0,0.0
247698910,247698091,0.095594235,0.09559245,0.21066046,0.26413226,0.26413187,0.0,0.0,0.0,0.0,0.0,0.0,0.0,0.0,12.361848,0.0,0.0,nan,0.0,0.0,0.09014921,0.002508215,0.0025059835,0.0025060195,0.0,0.0,0.0,0.0,0.0
248202856,248202019,0.09557709,0.09557686,0.21067488,0.26413763,0.2641372,0.0,0.0,0.0,0.0,0.0,0.0,0.0,0.0,12.3618145,0.0,0.0,nan,0.0,0.0,0.090149514,0.002508215,0.0025059835,0.0025060195,0.0,0.0,0.0,0.0,0.0
248699031,248697997,0.09558998,0.09559081,0.21066429,0.2641328,0.2641324,0.0,0.0,0.0,0.0,0.0,0.0,0.0,0.0,12.362061,0.0,0.0,nan,0.0,0.0,0.09014943,0.002508215,0.0025059835,0.0025060195,0.0,0.0,0.0,0.0,0.0
249190949,249190174,0.0955657,0.09556374,0.21067736,0.2641297,0.26412928,0.0,0.0,0.0,0.0,0.0,0.0,0.0,0.0,12.361689,0.0,0.0,nan,0.0,0.0,0.09014946,0.002508215,0.0025059835,0.0025060195,0.0,0.0,0.0,0.0,0.0
249698945,249698043,0.09558815,0.09558202,0.21066841,0.26412848,0.2641279,0.0,0.0,0.0,0.0,0.0,0.0,0.0,0.0,12.361937,0.0,0.0,nan,0.0,0.0,0.09014942,0.002508215,0.0025059835,0.0025060195,0.0,0.0,0.0,0.0,0.0
250202327,250201357,0.095620856,0.095609285,0.2106619,0.26413706,0.264136,0.0,0.0,0.0,0.0,0.0,0.0,0.0,0.0,12.36187,0.0,0.0,nan,0.0,0.0,0.09014934,0.002508215,0.0025059835,0.0025060195,0.0,0.0,0.0,0.0,0.0
250698834,250697951,0.09556948,0.095553406,0.21064219,0.26403293,0.26403114,0.0,0.0,0.0,0.0,0.0,0.0,0.0,0.0,12.3611965,0.0,0.0,nan,0.0,0.0,0.09014915,0.002508215,0.0025059835,0.0025060195,0.0,0.0,0.0,0.0,0.0
251202901,251202069,0.09559896,0.09558222,0.2106746,0.26416168,0.2641588,0.0,0.0,0.0,0.0,0.0,0.0,0.0,0.0,12.361788,0.0,0.0,nan,0.0,0.0,0.09014908,0.002508215,0.0025059835,0.0025060195,0.0,0.0,0.0,0.0,0.0
251699085,251698319,0.09558517,0.09556846,0.21065629,0.26406333,0.26405975,0.0,0.0,0.0,0.0,0.0,0.0,0.0,0.0,12.3614435,0.0,0.0,nan,0.0,0.0,0.09014881,0.002508215,0.0025059835,0.0025060195,0.0,0.0,0.0,0.0,0.0
252199202,252198432,0.09560735,0.09559217,0.21068832,0.26419026,0.26418594,0.0,0.0,0.0,0.0,0.0,0.0,0.0,0.0,12.361713,0.0,0.0,nan,0.0,0.0,0.090148814,0.002508215,0.0025059835,0.0025060195,0.0,0.0,0.0,0.0,0.0
252702644,252701672,0.09558777,0.09557325,0.21069777,0.2641722,0.26416758,0.0,0.0,0.0,0.0,0.0,0.0,0.0,0.0,12.361962,0.0,0.0,nan,0.0,0.0,0.09014869,0.002508215,0.0025059835,0.0025060195,0.0,0.0,0.0,0.0,0.0
253203230,253202271,0.09561397,0.09560077,0.21072099,0.2642689,0.26426396,0.0,0.0,0.0,0.0,0.0,0.0,0.0,0.0,12.361903,0.0,0.0,nan,0.0,0.0,0.09014876,0.002508215,0.0025059835,0.0025060195,0.0,0.0,0.0,0.0,0.0
253703189,253702341,0.095560476,0.09554884,0.2106908,0.26413122,0.2641264,0.0,0.0,0.0,0.0,0.0,0.0,0.0,0.0,12.362126,0.0,0.0,nan,0.0,0.0,0.090149045,0.002508215,0.0025059835,0.0025060195,0.0,0.0,0.0,0.0,0.0
254198868,254198106,0.095592715,0.095581524,0.21071117,0.26421762,0.26421267,0.0,0.0,0.0,0.0,0.0,0.0,0.0,0.0,12.3617325,0.0,0.0,nan,0.0,0.0,0.0901491,0.002508215,0.0025059835,0.0025060195,0.0,0.0,0.0,0.0,0.0
254703275,254702322,0.09557257,0.095559224,0.21069577,0.2641932,0.26418814,0.0,0.0,0.0,0.0,0.0,0.0,0.0,0.0,12.361958,0.0,0.0,nan,0.0,0.0,0.090149164,0.002508215,0.0025059835,0.0025060195,0.0,0.0,0.0,0.0,0.0
255203240,255202352,0.09557185,0.09555405,0.2107029,0.2641681,0.26416287,0.0,0.0,0.0,0.0,0.0,0.0,0.0,0.0,12.362179,0.0,0.0,nan,0.0,0.0,0.0901491,0.002508215,0.0025059835,0.0025060195,0.0,0.0,0.0,0.0,0.0
255698822,255697938,0.09557839,0.095556304,0.21069402,0.26416725,0.26416138,0.0,0.0,0.0,0.0,0.0,0.0,0.0,0.0,12.361803,0.0,0.0,nan,0.0,0.0,0.09014893,0.002508215,0.0025059835,0.0025060195,0.0,0.0,0.0,0.0,0.0
256198899,256198133,0.095615186,0.09558883,0.21071738,0.26426303,0.26425627,0.0,0.0,0.0,0.0,0.0,0.0,0.0,0.0,12.362021,0.0,0.0,nan,0.0,0.0,0.09014877,0.002508215,0.0025059835,0.0025060195,0.0,0.0,0.0,0.0,0.0
256698952,256698135,0.095581405,0.09555813,0.2106896,0.26413432,0.26412714,0.0,0.0,0.0,0.0,0.0,0.0,0.0,0.0,12.361922,0.0,0.0,nan,0.0,0.0,0.09014836,0.002508215,0.0025059835,0.0025060195,0.0,0.0,0.0,0.0,0.0
257199188,257198309,0.09556743,0.0955447,0.2106797,0.26412946,0.2641218,0.0,0.0,0.0,0.0,0.0,0.0,0.0,0.0,12.361865,0.0,0.0,nan,0.0,0.0,0.09014825,0.002508215,0.0025059835,0.0025060195,0.0,0.0,0.0,0.0,0.0
257699205,257698440,0.09557703,0.09555744,0.21066958,0.26412502,0.2641173,0.0,0.0,0.0,0.0,0.0,0.0,0.0,0.0,12.361773,0.0,0.0,nan,0.0,0.0,0.090148225,0.002508215,0.0025059835,0.0025060195,0.0,0.0,0.0,0.0,0.0
258203054,258202107,0.09557024,0.09555491,0.21068272,0.26412314,0.26411572,0.0,0.0,0.0,0.0,0.0,0.0,0.0,0.0,12.361404,0.0,0.0,nan,0.0,0.0,0.09014805,0.002508215,0.0025059835,0.0025060195,0.0,0.0,0.0,0.0,0.0
258694502,258693727,0.09556456,0.09555208,0.210673,0.26412308,0.26411623,0.0,0.0,0.0,0.0,0.0,0.0,0.0,0.0,12.36164,0.0,0.0,nan,0.0,0.0,0.090148196,0.002508215,0.0025059835,0.0025060195,0.0,0.0,0.0,0.0,0.0
259194464,259193591,0.095573656,0.09556361,0.21068981,0.26413593,0.26412973,0.0,0.0,0.0,0.0,0.0,0.0,0.0,0.0,12.361279,0.0,0.0,nan,0.0,0.0,0.090148196,0.002508215,0.0025059835,0.0025060195,0.0,0.0,0.0,0.0,0.0
259699045,259698274,0.09553615,0.095527,0.21067569,0.26411623,0.26411068,0.0,0.0,0.0,0.0,0.0,0.0,0.0,0.0,12.361501,0.0,0.0,nan,0.0,0.0,0.09014844,0.002508215,0.0025059835,0.0025060195,0.0,0.0,0.0,0.0,0.0
260199364,260198529,0.09557675,0.0955694,0.21068962,0.26411697,0.26411197,0.0,0.0,0.0,0.0,0.0,0.0,0.0,0.0,12.362072,0.0,0.0,nan,0.0,0.0,0.09014867,0.002508215,0.0025059835,0.0025060195,0.0,0.0,0.0,0.0,0.0
260703147,260702313,0.09560252,0.09559556,0.2106814,0.26412064,0.26411617,0.0,0.0,0.0,0.0,0.0,0.0,0.0,0.0,12.3613825,0.0,0.0,nan,0.0,0.0,0.09014878,0.002508215,0.0025059835,0.0025060195,0.0,0.0,0.0,0.0,0.0
261202785,261201807,0.095582746,0.09557452,0.21067269,0.2641237,0.26411963,0.0,0.0,0.0,0.0,0.0,0.0,0.0,0.0,12.361625,0.0,0.0,nan,0.0,0.0,0.09014881,0.002508215,0.0025059835,0.0025060195,0.0,0.0,0.0,0.0,0.0
261703173,261702256,0.095570475,0.095562406,0.21068943,0.264128,0.26412538,0.0,0.0,0.0,0.0,0.0,0.0,0.0,0.0,12.361883,0.0,0.0,nan,0.0,0.0,0.090148665,0.002515864,0.0025133574,0.0025201987,0.0,0.0,0.0,0.0,0.0
262200505,262198483,0.0957492,0.09577097,0.20975865,0.26410654,0.26411623,0.0,0.0,0.0,0.0,0.0,0.0,0.0,0.0,12.36151,0.0,0.0,nan,0.0,0.0,0.090148665,0.0025090799,0.002521976,0.0025175728,0.0,0.0,0.0,0.0,0.0
262694993,262694223,0.095912546,0.09598475,0.20902698,0.2640875,0.26411325,0.0,0.0,0.0,0.0,0.0,0.0,0.0,0.0,12.361284,0.0,0.0,nan,0.0,0.0,0.090148665,0.002509012,0.0025193854,0.0025151675,0.0,0.0,0.0,0.0,0.0
263199095,263198308,0.09600459,0.09611064,0.20854214,0.26410353,0.26414466,0.0,0.0,0.0,0.0,0.0,0.0,0.0,0.0,12.361067,0.0,0.0,nan,0.0,0.0,0.090148665,0.0025078645,0.0025167363,0.0025134506,0.0,0.0,0.0,0.0,0.0
263698819,263698006,0.09626282,0.096380636,0.2083434,0.26413321,0.264187,0.0,0.0,0.0,0.0,0.0,0.0,0.0,0.0,12.360933,0.0,0.0,nan,0.0,0.0,0.090148665,0.0025071672,0.002514797,0.0025120678,0.0,0.0,0.0,0.0,0.0
264204542,264202417,0.09629725,0.09641847,0.20840001,0.26416454,0.2642271,0.0,0.0,0.0,0.0,0.0,0.0,0.0,0.0,12.360588,0.0,0.0,nan,0.0,0.0,0.090148665,0.0025067038,0.0025134634,0.0025107835,0.0,0.0,0.0,0.0,0.0
264702738,264701823,0.096178725,0.09629318,0.20858555,0.26415446,0.2642208,0.0,0.0,0.0,0.0,0.0,0.0,0.0,0.0,12.360874,0.0,0.0,nan,0.0,0.0,0.090148665,0.002506355,0.0025124885,0.0025099241,0.0,0.0,0.0,0.0,0.0
265199353,265198595,0.0959399,0.096042216,0.20854834,0.26418525,0.26424706,0.0,0.0,0.0,0.0,0.0,0.0,0.0,0.0,12.360486,0.0,0.0,nan,0.0,0.0,0.090144135,0.0025062778,0.0025121924,0.002509678,0.0,0.0,0.0,0.0,0.0
265703823,265702787,0.09574205,0.095831156,0.2082718,0.2642811,0.2643355,0.0,0.0,0.0,0.0,0.0,0.0,0.0,0.0,12.360437,0.0,0.0,nan,0.0,0.0,0.09014336,0.0025062778,0.0025121924,0.002509678,0.0,0.0,0.0,0.0,0.0
266199368,266198475,0.095724046,0.095796555,0.20826514,0.26422432,0.26427156,0.0,0.0,0.0,0.0,0.0,0.0,0.0,0.0,12.359744,0.0,0.0,nan,0.0,0.0,0.09014265,0.0025062778,0.0025121924,0.002509678,0.0,0.0,0.0,0.0,0.0
266694693,266693865,0.09582394,0.095878705,0.2084012,0.2640881,0.26412836,0.0,0.0,0.0,0.0,0.0,0.0,0.0,0.0,12.359188,0.0,0.0,nan,0.0,0.0,0.09014203,0.0025062778,0.0025121924,0.002509678,0.0,0.0,0.0,0.0,0.0
267203312,267202330,0.09595458,0.09599344,0.20868152,0.2640912,0.26412514,0.0,0.0,0.0,0.0,0.0,0.0,0.0,0.0,12.358608,0.0,0.0,nan,0.0,0.0,0.0901417,0.0025062778,0.0025121924,0.002509678,0.0,0.0,0.0,0.0,0.0
267703006,267702041,0.09602147,0.09604626,0.20899795,0.2641064,0.2641339,0.0,0.0,0.0,0.0,0.0,0.0,0.0,0.0,12.3584585,0.0,0.0,nan,0.0,0.0,0.090141505,0.0025062778,0.0025121924,0.002509678,0.0,0.0,0.0,0.0,0.0
268199646,268198708,0.09609709,0.09611315,0.20935525,0.26424864,0.26427042,0.0,0.0,0.0,0.0,0.0,0.0,0.0,0.0,12.358413,0.0,0.0,nan,0.0,0.0,0.0901412,0.0025062778,0.0025121924,0.002509678,0.0,0.0,0.0,0.0,0.0
268703527,268702562,0.09601885,0.09602769,0.20966719,0.26423582,0.26425213,0.0,0.0,0.0,0.0,0.0,0.0,0.0,0.0,12.3583145,0.0,0.0,nan,0.0,0.0,0.090140924,0.0025062778,0.0025121924,0.002509678,0.0,0.0,0.0,0.0,0.0
269203271,269202336,0.095699795,0.09570464,0.2098957,0.2641309,0.26414284,0.0,0.0,0.0,0.0,0.0,0.0,0.0,0.0,12.358192,0.0,0.0,nan,0.0,0.0,0.09014073,0.0025062778,0.0025121924,0.002509678,0.0,0.0,0.0,0.0,0.0
