timestamp,voltage_v,rssi_v,free_memory_bytes,actuators[0],actuators[1],actuators[2],actuators[3],actuators[4],actuators[5],actuators[6],actuators[7],servos[0],servos[1],servos[2],servos[3],servos[4],servos[5],servos[6],servos[7],raw_inputs[0],raw_inputs[1],raw_inputs[2],raw_inputs[3],raw_inputs[4],raw_inputs[5],raw_inputs[6],raw_inputs[7],raw_inputs[8],raw_inputs[9],raw_inputs[10],raw_inputs[11],raw_inputs[12],raw_inputs[13],raw_inputs[14],raw_inputs[15],raw_inputs[16],raw_inputs[17],status_outputs_armed,status_override,status_rc_ok,status_rc_ppm,status_rc_dsm,status_rc_sbus,status_fmu_ok,status_raw_pwm,status_mixer_ok,status_arm_sync,status_init_ok,status_failsafe,status_safety_off,status_fmu_initialized,status_rc_st24,status_rc_sumd,alarm_vbatt_low,alarm_temperature,alarm_servo_current,alarm_acc_current,alarm_fmu_lost,alarm_rc_lost,alarm_pwm_error,alarm_vservo_fault,arming_io_arm_ok,arming_fmu_armed,arming_fmu_prearmed,arming_manual_override_ok,arming_failsafe_custom,arming_inair_restart_ok,arming_always_pwm_enable,arming_rc_handling_disabled,arming_lockdown,arming_force_failsafe,arming_termination_failsafe,arming_override_immediate
1884408,0.0,1.088,1576,-10000,-10000,-10000,-10000,-25000,-25000,-25000,-25000,900,900,900,900,0,0,0,0,0,0,0,0,0,0,0,0,0,0,0,0,0,0,0,0,0,0,1,0,0,0,0,0,0,0,0,1,1,0,1,0,0,0,0,0,0,0,1,1,0,0,1,0,0,0,1,1,1,0,1,0,0,1
2898352,0.0,1.079,1576,-10000,-10000,-10000,-10000,-25000,-25000,-25000,-25000,900,900,900,900,0,0,0,0,0,0,0,0,0,0,0,0,0,0,0,0,0,0,0,0,0,0,1,0,0,0,0,0,0,0,0,1,1,0,1,0,0,0,0,0,0,0,1,1,0,0,1,0,0,0,1,1,1,0,1,0,0,1
3912380,0.0,1.0860001,1576,-10000,-10000,-10000,-10000,-25000,-25000,-25000,-25000,900,900,900,900,0,0,0,0,0,0,0,0,0,0,0,0,0,0,0,0,0,0,0,0,0,0,1,0,0,0,0,0,0,0,0,1,1,0,1,0,0,0,0,0,0,0,1,1,0,0,1,0,0,0,1,1,1,0,1,0,0,1
4926346,0.0,1.2550001,1576,-10000,-10000,-10000,-10000,-25000,-25000,-25000,-25000,900,900,900,900,0,0,0,0,0,0,0,0,0,0,0,0,0,0,0,0,0,0,0,0,0,0,1,0,0,0,0,0,0,0,0,1,1,0,1,0,0,0,0,0,0,0,1,1,0,0,1,0,0,0,1,1,1,0,1,0,0,1
5940373,0.002,1.2360001,1576,-10000,-10000,-10000,-10000,-25000,-25000,-25000,-25000,900,900,900,900,0,0,0,0,0,0,0,0,0,0,0,0,0,0,0,0,0,0,0,0,0,0,1,0,0,0,0,0,0,0,0,1,1,0,1,0,0,0,0,0,0,0,1,1,0,0,1,0,0,0,1,1,1,0,1,0,0,1
6954387,0.002,1.0910001,1576,-10000,-10000,-10000,-10000,-25000,-25000,-25000,-25000,900,900,900,900,0,0,0,0,0,0,0,0,0,0,0,0,0,0,0,0,0,0,0,0,0,0,1,0,0,0,0,0,0,0,0,1,1,0,1,0,0,0,0,0,0,0,1,1,0,0,1,0,0,0,1,1,1,0,1,0,0,1
7968375,0.0,1.2590001,1576,-10000,-10000,-10000,-10000,-25000,-25000,-25000,-25000,900,900,900,900,0,0,0,0,0,0,0,0,0,0,0,0,0,0,0,0,0,0,0,0,0,0,1,0,0,0,0,0,0,0,0,1,1,0,1,0,0,0,0,0,0,0,1,1,0,0,1,0,0,0,1,1,1,0,1,0,0,1
8982347,0.002,1.245,1576,-10000,-10000,-10000,-10000,-25000,-25000,-25000,-25000,900,900,900,900,0,0,0,0,0,0,0,0,0,0,0,0,0,0,0,0,0,0,0,0,0,0,1,0,0,0,0,0,0,0,0,1,1,0,1,0,0,0,0,0,0,0,1,1,0,0,1,0,0,0,1,1,1,0,1,0,0,1
9996349,0.002,1.246,1576,-10000,-10000,-10000,-10000,-25000,-25000,-25000,-25000,900,900,900,900,0,0,0,0,0,0,0,0,0,0,0,0,0,0,0,0,0,0,0,0,0,0,1,0,0,0,0,0,0,0,0,1,1,0,1,0,0,0,0,0,0,0,1,1,0,0,1,0,0,0,1,1,1,0,1,0,0,1
11010381,0.002,1.1040001,1576,-10000,-10000,-10000,-10000,-25000,-25000,-25000,-25000,900,900,900,900,0,0,0,0,0,0,0,0,0,0,0,0,0,0,0,0,0,0,0,0,0,0,1,0,0,0,0,0,0,0,0,1,1,0,1,0,0,0,0,0,0,0,1,1,0,0,1,0,0,0,1,1,1,0,1,0,0,1
12024394,0.002,1.107,1576,-10000,-10000,-10000,-10000,-25000,-25000,-25000,-25000,900,900,900,900,0,0,0,0,0,0,0,0,0,0,0,0,0,0,0,0,0,0,0,0,0,0,1,0,0,0,0,0,0,0,0,1,1,0,1,0,0,0,0,0,0,0,1,1,0,0,1,0,0,0,1,1,1,0,1,0,0,1
13038347,0.0,1.261,1576,-10000,-10000,-10000,-10000,-25000,-25000,-25000,-25000,900,900,900,900,0,0,0,0,0,0,0,0,0,0,0,0,0,0,0,0,0,0,0,0,0,0,1,0,0,0,0,0,0,0,0,1,1,0,1,0,0,0,0,0,0,0,1,1,0,0,1,0,0,0,1,1,1,0,1,0,0,1
14052374,0.0,1.092,1576,-10000,-10000,-10000,-10000,-25000,-25000,-25000,-25000,900,900,900,900,0,0,0,0,0,0,0,0,0,0,0,0,0,0,0,0,0,0,0,0,0,0,1,0,0,0,0,0,0,0,0,1,1,0,1,0,0,0,0,0,0,0,1,1,0,0,1,0,0,0,1,1,1,0,1,0,0,1
15066381,0.0,1.253,1576,-10000,-10000,-10000,-10000,-25000,-25000,-25000,-25000,900,900,900,900,0,0,0,0,0,0,0,0,0,0,0,0,0,0,0,0,0,0,0,0,0,0,1,0,0,0,0,0,0,0,0,1,1,0,1,0,0,0,0,0,0,0,1,1,0,0,1,0,0,0,1,1,1,0,1,0,0,1
16080346,0.0,1.087,1576,-10000,-10000,-10000,-10000,-25000,-25000,-25000,-25000,900,900,900,900,0,0,0,0,0,0,0,0,0,0,0,0,0,0,0,0,0,0,0,0,0,0,1,0,0,0,0,0,0,0,0,1,1,0,1,0,0,0,0,0,0,0,1,1,0,0,1,0,0,0,1,1,1,0,1,0,0,1
17094395,0.0,1.0860001,1576,-10000,-10000,-10000,-10000,-25000,-25000,-25000,-25000,900,900,900,900,0,0,0,0,0,0,0,0,0,0,0,0,0,0,0,0,0,0,0,0,0,0,1,0,0,0,0,0,0,0,0,1,1,0,1,0,0,0,0,0,0,0,1,1,0,0,1,0,0,0,1,1,1,0,1,0,0,1
18108391,0.002,1.102,1576,-10000,-10000,-10000,-10000,-25000,-25000,-25000,-25000,900,900,900,900,0,0,0,0,0,0,0,0,0,0,0,0,0,0,0,0,0,0,0,0,0,0,1,0,0,0,0,0,0,0,0,1,1,0,1,0,0,0,0,0,0,0,1,1,0,0,1,0,0,0,1,1,1,0,1,0,0,1
19122346,0.0,1.2550001,1576,-10000,-10000,-10000,-10000,-25000,-25000,-25000,-25000,900,900,900,900,0,0,0,0,0,0,0,0,0,0,0,0,0,0,0,0,0,0,0,0,0,0,1,0,0,0,0,0,0,0,0,1,1,0,1,0,0,0,0,0,0,0,1,1,0,0,1,0,0,0,1,1,1,0,1,0,0,1
20136344,0.0,1.08,1576,-10000,-10000,-10000,-10000,-25000,-25000,-25000,-25000,900,900,900,900,0,0,0,0,0,0,0,0,0,0,0,0,0,0,0,0,0,0,0,0,0,0,1,0,0,0,0,0,0,0,0,1,1,0,1,0,0,0,0,0,0,0,1,1,0,0,1,0,0,0,1,1,1,0,1,0,0,1
21150384,0.0,1.2550001,1576,-10000,-10000,-10000,-10000,-25000,-25000,-25000,-25000,900,900,900,900,0,0,0,0,0,0,0,0,0,0,0,0,0,0,0,0,0,0,0,0,0,0,1,0,0,0,0,0,0,0,0,1,1,0,1,0,0,0,0,0,0,0,1,1,0,0,1,0,0,0,1,1,1,0,1,0,0,1
22164340,0.0,1.251,1576,-10000,-10000,-10000,-10000,-25000,-25000,-25000,-25000,900,900,900,900,0,0,0,0,0,0,0,0,0,0,0,0,0,0,0,0,0,0,0,0,0,0,1,0,0,0,0,0,0,0,0,1,1,0,1,0,0,0,0,0,0,0,1,1,0,0,1,0,0,0,1,1,1,0,1,0,0,1
23178353,0.002,1.243,1576,-10000,-10000,-10000,-10000,-25000,-25000,-25000,-25000,900,900,900,900,0,0,0,0,0,0,0,0,0,0,0,0,0,0,0,0,0,0,0,0,0,0,1,0,0,0,0,0,0,0,0,1,1,0,1,0,0,0,0,0,0,0,1,1,0,0,1,0,0,0,1,1,1,0,1,0,0,1
24192371,0.0,1.09,1576,-10000,-10000,-10000,-10000,-25000,-25000,-25000,-25000,900,900,900,900,0,0,0,0,0,0,0,0,0,0,0,0,0,0,0,0,0,0,0,0,0,0,1,0,0,0,0,0,0,0,0,1,1,0,1,0,0,0,0,0,0,0,1,1,0,0,1,0,0,0,1,1,1,0,1,0,0,1
25206374,0.0,1.087,1576,-10000,-10000,-10000,-10000,-25000,-25000,-25000,-25000,900,900,900,900,0,0,0,0,0,0,0,0,0,0,0,0,0,0,0,0,0,0,0,0,0,0,1,0,0,0,0,0,0,0,0,1,1,0,1,0,0,0,0,0,0,0,1,1,0,0,1,0,0,0,1,1,1,0,1,0,0,1
26228296,0.0,1.102,1576,-10000,-10000,-10000,-10000,-25000,-25000,-25000,-25000,900,900,900,900,0,0,0,0,0,0,0,0,0,0,0,0,0,0,0,0,0,0,0,0,0,0,1,0,0,0,0,0,1,0,0,1,1,0,1,1,0,0,0,0,0,0,1,1,0,0,1,0,0,0,1,1,1,0,1,0,0,1
27248879,0.002,1.1120001,1576,-10000,-10000,-10000,-10000,-25000,-25000,-25000,-25000,900,900,900,900,0,0,0,0,0,0,0,0,0,0,0,0,0,0,0,0,0,0,0,0,0,0,1,0,0,0,0,0,1,0,0,1,1,0,1,1,0,0,0,0,0,0,1,1,0,0,1,0,0,0,1,1,1,0,1,0,0,1
28257986,0.002,1.1140001,1576,-10000,-10000,-10000,-10000,-25000,-25000,-25000,-25000,900,900,900,900,0,0,0,0,0,0,0,0,0,0,0,0,0,0,0,0,0,0,0,0,0,0,1,0,0,0,0,0,1,0,0,1,1,0,1,1,0,0,0,0,0,0,1,1,0,0,1,0,0,0,1,1,1,0,1,0,0,1
29272600,0.002,1.256,1576,-10000,-10000,-10000,-10000,-25000,-25000,-25000,-25000,900,900,900,900,0,0,0,0,0,0,0,0,0,0,0,0,0,0,0,0,0,0,0,0,0,0,1,0,0,0,0,0,1,0,0,1,1,0,1,1,0,0,0,0,0,0,1,1,0,0,1,0,0,0,1,1,1,0,1,0,0,1
30292802,0.0,1.2550001,1576,-10000,-10000,-10000,-10000,-25000,-25000,-25000,-25000,900,900,900,900,0,0,0,0,0,0,0,0,0,0,0,0,0,0,0,0,0,0,0,0,0,0,1,0,0,0,0,0,1,0,0,1,1,0,1,1,0,0,0,0,0,0,1,1,0,0,1,0,0,0,1,1,1,0,1,0,0,1
31305256,0.0,1.0840001,1576,-10000,-10000,-10000,-10000,-25000,-25000,-25000,-25000,900,900,900,900,0,0,0,0,0,0,0,0,0,0,0,0,0,0,0,0,0,0,0,0,0,0,1,0,0,0,0,0,1,0,0,1,1,0,1,1,0,0,0,0,0,0,1,1,0,0,1,0,0,0,1,1,1,0,1,0,0,1
32325139,0.0,1.2470001,1576,-10000,-10000,-10000,-10000,-25000,-25000,-25000,-25000,900,900,900,900,0,0,0,0,0,0,0,0,0,0,0,0,0,0,0,0,0,0,0,0,0,0,1,0,0,0,0,0,1,0,0,1,1,0,1,1,0,0,0,0,0,0,1,1,0,0,1,0,0,0,1,1,1,0,1,0,0,1
33329357,0.002,1.246,1576,-10000,-10000,-10000,-10000,-25000,-25000,-25000,-25000,900,900,900,900,0,0,0,0,0,0,0,0,0,0,0,0,0,0,0,0,0,0,0,0,0,0,1,0,0,0,0,0,1,0,0,1,1,0,1,1,0,0,0,0,0,0,1,1,0,0,1,0,0,0,1,1,1,0,1,0,0,1
34353132,0.002,1.1120001,1576,-10000,-10000,-10000,-10000,-25000,-25000,-25000,-25000,900,900,900,900,0,0,0,0,0,0,0,0,0,0,0,0,0,0,0,0,0,0,0,0,0,0,1,0,0,0,0,0,1,0,0,1,1,0,1,1,0,0,0,0,0,0,1,1,0,0,1,0,0,0,1,1,1,0,1,0,0,1
35365617,0.0,1.0810001,1576,-10000,-10000,-10000,-10000,-25000,-25000,-25000,-25000,900,900,900,900,0,0,0,0,0,0,0,0,0,0,0,0,0,0,0,0,0,0,0,0,0,0,1,0,0,0,0,0,1,0,0,1,1,0,1,1,0,0,0,0,0,0,1,1,0,0,1,0,0,0,1,1,1,0,1,0,0,1
36373866,0.0,1.0890001,1576,-10000,-10000,-10000,-10000,-25000,-25000,-25000,-25000,900,900,900,900,0,0,0,0,0,0,0,0,0,0,0,0,0,0,0,0,0,0,0,0,0,0,1,0,0,0,0,0,1,0,0,1,1,0,1,1,0,0,0,0,0,0,1,1,0,0,1,0,0,0,1,1,1,0,1,0,0,1
37389789,0.0,1.2540001,1576,-10000,-10000,-10000,-10000,-25000,-25000,-25000,-25000,900,900,900,900,0,0,0,0,0,0,0,0,0,0,0,0,0,0,0,0,0,0,0,0,0,0,1,0,0,0,0,0,1,0,0,1,1,0,1,1,0,0,0,0,0,0,1,1,0,0,1,0,0,0,1,1,1,0,1,0,0,1
38410370,0.0,1.09,1576,-10000,-10000,-10000,-10000,-25000,-25000,-25000,-25000,900,900,900,900,0,0,0,0,0,0,0,0,0,0,0,0,0,0,0,0,0,0,0,0,0,0,1,0,0,0,0,0,1,0,0,1,1,0,1,1,0,0,0,0,0,0,1,1,0,0,1,0,0,0,1,1,1,0,1,0,0,1
39433326,0.0,1.0860001,1576,-10000,-10000,-10000,-10000,-25000,-25000,-25000,-25000,900,900,900,900,0,0,0,0,0,0,0,0,0,0,0,0,0,0,0,0,0,0,0,0,0,0,1,0,0,0,0,0,1,0,0,1,1,0,1,1,0,0,0,0,0,0,1,1,0,0,1,0,0,0,1,1,1,0,1,0,0,1
40446136,0.0,1.0940001,1576,-10000,-10000,-10000,-10000,-25000,-25000,-25000,-25000,900,900,900,900,0,0,0,0,0,0,0,0,0,0,0,0,0,0,0,0,0,0,0,0,0,0,1,0,0,0,0,0,1,0,0,1,1,0,1,1,0,0,0,0,0,0,1,1,0,0,1,0,0,0,1,1,1,0,1,0,0,1
41450466,0.0,1.2470001,1576,-10000,-10000,-10000,-10000,-25000,-25000,-25000,-25000,900,900,900,900,0,0,0,0,0,0,0,0,0,0,0,0,0,0,0,0,0,0,0,0,0,0,1,0,0,0,0,0,1,0,0,1,1,0,1,1,0,0,0,0,0,0,1,1,0,0,1,0,0,0,1,1,1,0,1,0,0,1
42461287,0.0,1.2600001,1576,-10000,-10000,-10000,-10000,-25000,-25000,-25000,-25000,900,900,900,900,0,0,0,0,0,0,0,0,0,0,0,0,0,0,0,0,0,0,0,0,0,0,1,0,0,0,0,0,1,0,0,1,1,0,1,1,0,0,0,0,0,0,1,1,0,0,1,0,0,0,1,1,1,0,1,0,0,1
42862713,0.0,1.2340001,1576,-10000,-10000,-10000,-10000,-25000,-25000,-25000,-25000,900,900,900,900,0,0,0,0,0,0,0,0,0,0,0,0,0,0,0,0,0,0,0,0,0,0,1,0,0,0,0,0,1,0,0,1,1,0,1,1,0,0,0,0,0,0,1,1,0,0,1,1,0,0,1,1,1,0,1,0,0,1
43870188,0.0,1.2550001,1576,-10000,-10000,-10000,-10000,-25000,-25000,-25000,-25000,900,900,900,900,0,0,0,0,0,0,0,0,0,0,0,0,0,0,0,0,0,0,0,0,0,0,1,0,0,0,0,0,1,0,0,1,1,0,1,1,0,0,0,0,0,0,1,1,0,0,1,1,0,0,1,1,1,0,1,0,0,1
44878021,0.0,1.2670001,1576,-10000,-10000,-10000,-10000,-25000,-25000,-25000,-25000,900,900,900,900,0,0,0,0,0,0,0,0,0,0,0,0,0,0,0,0,0,0,0,0,0,0,1,0,0,0,0,0,1,0,0,1,1,0,1,1,0,0,0,0,0,0,1,1,0,0,1,1,0,0,1,1,1,0,1,0,0,1
45890150,0.002,1.2520001,1576,-10000,-10000,-10000,-10000,-25000,-25000,-25000,-25000,900,900,900,900,0,0,0,0,0,0,0,0,0,0,0,0,0,0,0,0,0,0,0,0,0,0,1,0,0,0,0,0,1,0,0,1,1,0,1,1,0,0,0,0,0,0,1,1,0,0,1,1,0,0,1,1,1,0,1,0,0,1
46909665,0.0,1.0890001,1576,-10000,-10000,-10000,-10000,-25000,-25000,-25000,-25000,900,900,900,900,0,0,0,0,0,0,0,0,0,0,0,0,0,0,0,0,0,0,0,0,0,0,1,0,0,0,0,0,1,0,0,1,1,0,1,1,0,0,0,0,0,0,1,1,0,0,1,1,0,0,1,1,1,0,1,0,0,1
47933171,0.0,1.0940001,1576,-10000,-10000,-10000,-10000,-25000,-25000,-25000,-25000,900,900,900,900,0,0,0,0,0,0,0,0,0,0,0,0,0,0,0,0,0,0,0,0,0,0,1,0,0,0,0,0,1,0,0,1,1,0,1,1,0,0,0,0,0,0,1,1,0,0,1,1,0,0,1,1,1,0,1,0,0,1
48941669,0.002,1.248,1576,-10000,-10000,-10000,-10000,-25000,-25000,-25000,-25000,900,900,900,900,0,0,0,0,0,0,0,0,0,0,0,0,0,0,0,0,0,0,0,0,0,0,1,0,0,0,0,0,1,0,0,1,1,0,1,1,0,0,0,0,0,0,1,1,0,0,1,1,0,0,1,1,1,0,1,0,0,1
49954147,0.0,1.067,1576,-10000,-10000,-10000,-10000,-25000,-25000,-25000,-25000,900,900,900,900,0,0,0,0,0,0,0,0,0,0,0,0,0,0,0,0,0,0,0,0,0,0,1,0,0,0,0,0,1,0,0,1,1,0,1,1,0,0,0,0,0,0,1,1,0,0,1,1,0,0,1,1,1,0,1,0,0,1
50962404,0.002,1.238,1576,-10000,-10000,-10000,-10000,-25000,-25000,-25000,-25000,900,900,900,900,0,0,0,0,0,0,0,0,0,0,0,0,0,0,0,0,0,0,0,0,0,0,1,0,0,0,0,0,1,0,0,1,1,0,1,1,0,0,0,0,0,0,1,1,0,0,1,1,0,0,1,1,1,0,1,0,0,1
51982887,0.0,1.256,1576,-10000,-10000,-10000,-10000,-25000,-25000,-25000,-25000,900,900,900,900,0,0,0,0,0,0,0,0,0,0,0,0,0,0,0,0,0,0,0,0,0,0,1,0,0,0,0,0,1,0,0,1,1,0,1,1,0,0,0,0,0,0,1,1,0,0,1,1,0,0,1,1,1,0,1,0,0,1
53005576,0.0,1.2550001,1576,-10000,-10000,-10000,-10000,-25000,-25000,-25000,-25000,900,900,900,900,0,0,0,0,0,0,0,0,0,0,0,0,0,0,0,0,0,0,0,0,0,0,1,0,0,0,0,0,1,0,0,1,1,0,1,1,0,0,0,0,0,0,1,1,0,0,1,1,0,0,1,1,1,0,1,0,0,1
54030292,0.002,1.245,1576,-10000,-10000,-10000,-10000,-25000,-25000,-25000,-25000,900,900,900,900,0,0,0,0,0,0,0,0,0,0,0,0,0,0,0,0,0,0,0,0,0,0,1,0,0,0,0,0,1,0,0,1,1,0,1,1,0,0,0,0,0,0,1,1,0,0,1,1,0,0,1,1,1,0,1,0,0,1
55045974,0.002,1.1140001,1576,-10000,-10000,-10000,-10000,-25000,-25000,-25000,-25000,900,900,900,900,0,0,0,0,0,0,0,0,0,0,0,0,0,0,0,0,0,0,0,0,0,0,1,0,0,0,0,0,1,0,0,1,1,0,1,1,0,0,0,0,0,0,1,1,0,0,1,1,0,0,1,1,1,0,1,0,0,1
56058834,0.0,1.253,1576,-10000,-10000,-10000,-10000,-25000,-25000,-25000,-25000,900,900,900,900,0,0,0,0,0,0,0,0,0,0,0,0,0,0,0,0,0,0,0,0,0,0,1,0,0,0,0,0,1,0,0,1,1,0,1,1,0,0,0,0,0,0,1,1,0,0,1,1,0,0,1,1,1,0,1,0,0,1
57074166,0.0,1.2590001,1576,-10000,-10000,-10000,-10000,-25000,-25000,-25000,-25000,900,900,900,900,0,0,0,0,0,0,0,0,0,0,0,0,0,0,0,0,0,0,0,0,0,0,1,0,0,0,0,0,1,0,0,1,1,0,1,1,0,0,0,0,0,0,1,1,0,0,1,1,0,0,1,1,1,0,1,0,0,1
58086828,0.002,1.2390001,1576,-10000,-10000,-10000,-10000,-25000,-25000,-25000,-25000,900,900,900,900,0,0,0,0,0,0,0,0,0,0,0,0,0,0,0,0,0,0,0,0,0,0,1,0,0,0,0,0,1,0,0,1,1,0,1,1,0,0,0,0,0,0,1,1,0,0,1,1,0,0,1,1,1,0,1,0,0,1
59107212,0.0,1.256,1576,-10000,-10000,-10000,-10000,-25000,-25000,-25000,-25000,900,900,900,900,0,0,0,0,0,0,0,0,0,0,0,0,0,0,0,0,0,0,0,0,0,0,1,0,0,0,0,0,1,0,0,1,1,0,1,1,0,0,0,0,0,0,1,1,0,0,1,1,0,0,1,1,1,0,1,0,0,1
60125549,0.002,1.253,1576,-10000,-10000,-10000,-10000,-25000,-25000,-25000,-25000,900,900,900,900,0,0,0,0,0,0,0,0,0,0,0,0,0,0,0,0,0,0,0,0,0,0,1,0,0,0,0,0,1,0,0,1,1,0,1,1,0,0,0,0,0,0,1,1,0,0,1,1,0,0,1,1,1,0,1,0,0,1
61139067,0.002,1.088,1576,-10000,-10000,-10000,-10000,-25000,-25000,-25000,-25000,900,900,900,900,0,0,0,0,0,0,0,0,0,0,0,0,0,0,0,0,0,0,0,0,0,0,1,0,0,0,0,0,1,0,0,1,1,0,1,1,0,0,0,0,0,0,1,1,0,0,1,1,0,0,1,1,1,0,1,0,0,1
62146361,0.002,1.251,1576,-10000,-10000,-10000,-10000,-25000,-25000,-25000,-25000,900,900,900,900,0,0,0,0,0,0,0,0,0,0,0,0,0,0,0,0,0,0,0,0,0,0,1,0,0,0,0,0,1,0,0,1,1,0,1,1,0,0,0,0,0,0,1,1,0,0,1,1,0,0,1,1,1,0,1,0,0,1
63150217,0.0,1.0940001,1576,-10000,-10000,-10000,-10000,-25000,-25000,-25000,-25000,900,900,900,900,0,0,0,0,0,0,0,0,0,0,0,0,0,0,0,0,0,0,0,0,0,0,1,0,0,0,0,0,1,0,0,1,1,0,1,1,0,0,0,0,0,0,1,1,0,0,1,1,0,0,1,1,1,0,1,0,0,1
64173884,0.0,1.243,1576,-10000,-10000,-10000,-10000,-25000,-25000,-25000,-25000,900,900,900,900,0,0,0,0,0,0,0,0,0,0,0,0,0,0,0,0,0,0,0,0,0,0,1,0,0,0,0,0,1,0,0,1,1,0,1,1,0,0,0,0,0,0,1,1,0,0,1,1,0,0,1,1,1,0,1,0,0,1
65195125,0.002,1.1040001,1576,-10000,-10000,-10000,-10000,-25000,-25000,-25000,-25000,900,900,900,900,0,0,0,0,0,0,0,0,0,0,0,0,0,0,0,0,0,0,0,0,0,0,1,0,0,0,0,0,1,0,0,1,1,0,1,1,0,0,0,0,0,0,1,1,0,0,1,1,0,0,1,1,1,0,1,0,0,1
66206331,0.002,1.102,1576,-10000,-10000,-10000,-10000,-25000,-25000,-25000,-25000,900,900,900,900,0,0,0,0,0,0,0,0,0,0,0,0,0,0,0,0,0,0,0,0,0,0,1,0,0,0,0,0,1,0,0,1,1,0,1,1,0,0,0,0,0,0,1,1,0,0,1,1,0,0,1,1,1,0,1,0,0,1
67217948,0.0,1.09,1576,-10000,-10000,-10000,-10000,-25000,-25000,-25000,-25000,900,900,900,900,0,0,0,0,0,0,0,0,0,0,0,0,0,0,0,0,0,0,0,0,0,0,1,0,0,0,0,0,1,0,0,1,1,0,1,1,0,0,0,0,0,0,1,1,0,0,1,1,0,0,1,1,1,0,1,0,0,1
68223402,0.0,1.24,1576,-10000,-10000,-10000,-10000,-25000,-25000,-25000,-25000,900,900,900,900,0,0,0,0,0,0,0,0,0,0,0,0,0,0,0,0,0,0,0,0,0,0,1,0,0,0,0,0,1,0,0,1,1,0,1,1,0,0,0,0,0,0,1,1,0,0,1,1,0,0,1,1,1,0,1,0,0,1
69238735,0.0,1.256,1576,-10000,-10000,-10000,-10000,-25000,-25000,-25000,-25000,900,900,900,900,0,0,0,0,0,0,0,0,0,0,0,0,0,0,0,0,0,0,0,0,0,0,1,0,0,0,0,0,1,0,0,1,1,0,1,1,0,0,0,0,0,0,1,1,0,0,1,1,0,0,1,1,1,0,1,0,0,1
70262421,0.002,1.2550001,1576,-10000,-10000,-10000,-10000,-25000,-25000,-25000,-25000,900,900,900,900,0,0,0,0,0,0,0,0,0,0,0,0,0,0,0,0,0,0,0,0,0,0,1,0,0,0,0,0,1,0,0,1,1,0,1,1,0,0,0,0,0,0,1,1,0,0,1,1,0,0,1,1,1,0,1,0,0,1
71278030,0.0,1.2470001,1576,-10000,-10000,-10000,-10000,-25000,-25000,-25000,-25000,900,900,900,900,0,0,0,0,0,0,0,0,0,0,0,0,0,0,0,0,0,0,0,0,0,0,1,0,0,0,0,0,1,0,0,1,1,0,1,1,0,0,0,0,0,0,1,1,0,0,1,1,0,0,1,1,1,0,1,0,0,1
72282749,0.0,1.256,1576,-10000,-10000,-10000,-10000,-25000,-25000,-25000,-25000,900,900,900,900,0,0,0,0,0,0,0,0,0,0,0,0,0,0,0,0,0,0,0,0,0,0,1,0,0,0,0,0,1,0,0,1,1,0,1,1,0,0,0,0,0,0,1,1,0,0,1,1,0,0,1,1,1,0,1,0,0,1
73287815,0.002,1.2390001,1576,-10000,-10000,-10000,-10000,-25000,-25000,-25000,-25000,900,900,900,900,0,0,0,0,0,0,0,0,0,0,0,0,0,0,0,0,0,0,0,0,0,0,1,0,0,0,0,0,1,0,0,1,1,0,1,1,0,0,0,0,0,0,1,1,0,0,1,1,0,0,1,1,1,0,1,0,0,1
74294872,0.0,1.0910001,1576,-10000,-10000,-10000,-10000,-25000,-25000,-25000,-25000,900,900,900,900,0,0,0,0,0,0,0,0,0,0,0,0,0,0,0,0,0,0,0,0,0,0,1,0,0,0,0,0,1,0,0,1,1,0,1,1,0,0,0,0,0,0,1,1,0,0,1,1,0,0,1,1,1,0,1,0,0,1
75318763,0.002,1.1010001,1576,-10000,-10000,-10000,-10000,-25000,-25000,-25000,-25000,900,900,900,900,0,0,0,0,0,0,0,0,0,0,0,0,0,0,0,0,0,0,0,0,0,0,1,0,0,0,0,0,1,0,0,1,1,0,1,1,0,0,0,0,0,0,1,1,0,0,1,1,0,0,1,1,1,0,1,0,0,1
76332861,0.002,1.251,1576,-10000,-10000,-10000,-10000,-25000,-25000,-25000,-25000,900,900,900,900,0,0,0,0,0,0,0,0,0,0,0,0,0,0,0,0,0,0,0,0,0,0,1,0,0,0,0,0,1,0,0,1,1,0,1,1,0,0,0,0,0,0,1,1,0,0,1,1,0,0,1,1,1,0,1,0,0,1
77338944,0.002,1.093,1576,-10000,-10000,-10000,-10000,-25000,-25000,-25000,-25000,900,900,900,900,0,0,0,0,0,0,0,0,0,0,0,0,0,0,0,0,0,0,0,0,0,0,1,0,0,0,0,0,1,0,0,1,1,0,1,1,0,0,0,0,0,0,1,1,0,0,1,1,0,0,1,1,1,0,1,0,0,1
78342781,0.0,1.246,1576,-10000,-10000,-10000,-10000,-25000,-25000,-25000,-25000,900,900,900,900,0,0,0,0,0,0,0,0,0,0,0,0,0,0,0,0,0,0,0,0,0,0,1,0,0,0,0,0,1,0,0,1,1,0,1,1,0,0,0,0,0,0,1,1,0,0,1,1,0,0,1,1,1,0,1,0,0,1
79355156,0.0,1.107,1576,-10000,-10000,-10000,-10000,-25000,-25000,-25000,-25000,900,900,900,900,0,0,0,0,0,0,0,0,0,0,0,0,0,0,0,0,0,0,0,0,0,0,1,0,0,0,0,0,1,0,0,1,1,0,1,1,0,0,0,0,0,0,1,1,0,0,1,1,0,0,1,1,1,0,1,0,0,1
80366805,0.002,1.1090001,1576,-10000,-10000,-10000,-10000,-25000,-25000,-25000,-25000,900,900,900,900,0,0,0,0,0,0,0,0,0,0,0,0,0,0,0,0,0,0,0,0,0,0,1,0,0,0,0,0,1,0,0,1,1,0,1,1,0,0,0,0,0,0,1,1,0,0,1,1,0,0,1,1,1,0,1,0,0,1
81387110,0.002,1.253,1576,-10000,-10000,-10000,-10000,-25000,-25000,-25000,-25000,900,900,900,900,0,0,0,0,0,0,0,0,0,0,0,0,0,0,0,0,0,0,0,0,0,0,1,0,0,0,0,0,1,0,0,1,1,0,1,1,0,0,0,0,0,0,1,1,0,0,1,1,0,0,1,1,1,0,1,0,0,1
82411628,0.002,1.233,1576,-10000,-10000,-10000,-10000,-25000,-25000,-25000,-25000,900,900,900,900,0,0,0,0,0,0,0,0,0,0,0,0,0,0,0,0,0,0,0,0,0,0,1,0,0,0,0,0,1,0,0,1,1,0,1,1,0,0,0,0,0,0,1,1,0,0,1,1,0,0,1,1,1,0,1,0,0,1
83431268,0.0,1.0840001,1576,-10000,-10000,-10000,-10000,-25000,-25000,-25000,-25000,900,900,900,900,0,0,0,0,0,0,0,0,0,0,0,0,0,0,0,0,0,0,0,0,0,0,1,0,0,0,0,0,1,0,0,1,1,0,1,1,0,0,0,0,0,0,1,1,0,0,1,1,0,0,1,1,1,0,1,0,0,1
84443735,0.002,1.1,1576,-10000,-10000,-10000,-10000,-25000,-25000,-25000,-25000,900,900,900,900,0,0,0,0,0,0,0,0,0,0,0,0,0,0,0,0,0,0,0,0,0,0,1,0,0,0,0,0,1,0,0,1,1,0,1,1,0,0,0,0,0,0,1,1,0,0,1,1,0,0,1,1,1,0,1,0,0,1
85454955,0.0,1.253,1576,-10000,-10000,-10000,-10000,-25000,-25000,-25000,-25000,900,900,900,900,0,0,0,0,0,0,0,0,0,0,0,0,0,0,0,0,0,0,0,0,0,0,1,0,0,0,0,0,1,0,0,1,1,0,1,1,0,0,0,0,0,0,1,1,0,0,1,1,0,0,1,1,1,0,1,0,0,1
86460461,0.0,1.2570001,1576,-10000,-10000,-10000,-10000,-25000,-25000,-25000,-25000,900,900,900,900,0,0,0,0,0,0,0,0,0,0,0,0,0,0,0,0,0,0,0,0,0,0,1,0,0,0,0,0,1,0,0,1,1,0,1,1,0,0,0,0,0,0,1,1,0,0,1,1,0,0,1,1,1,0,1,0,0,1
87471696,0.002,1.1,1576,-10000,-10000,-10000,-10000,-25000,-25000,-25000,-25000,900,900,900,900,0,0,0,0,0,0,0,0,0,0,0,0,0,0,0,0,0,0,0,0,0,0,1,0,0,0,0,0,1,0,0,1,1,0,1,1,0,0,0,0,0,0,1,1,0,0,1,1,0,0,1,1,1,0,1,0,0,1
88487991,0.002,1.1110001,1576,-10000,-10000,-10000,-10000,-25000,-25000,-25000,-25000,900,900,900,900,0,0,0,0,0,0,0,0,0,0,0,0,0,0,0,0,0,0,0,0,0,0,1,0,0,0,0,0,1,0,0,1,1,0,1,1,0,0,0,0,0,0,1,1,0,0,1,1,0,0,1,1,1,0,1,0,0,1
89507602,0.002,1.0990001,1576,-10000,-10000,-10000,-10000,-25000,-25000,-25000,-25000,900,900,900,900,0,0,0,0,0,0,0,0,0,0,0,0,0,0,0,0,0,0,0,0,0,0,1,0,0,0,0,0,1,0,0,1,1,0,1,1,0,0,0,0,0,0,1,1,0,0,1,1,0,0,1,1,1,0,1,0,0,1
90523287,0.0,1.087,1576,-10000,-10000,-10000,-10000,-25000,-25000,-25000,-25000,900,900,900,900,0,0,0,0,0,0,0,0,0,0,0,0,0,0,0,0,0,0,0,0,0,0,1,0,0,0,0,0,1,0,0,1,1,0,1,1,0,0,0,0,0,0,1,1,0,0,1,1,0,0,1,1,1,0,1,0,0,1
91543227,0.002,1.12,1576,-10000,-10000,-10000,-10000,-25000,-25000,-25000,-25000,900,900,900,900,0,0,0,0,0,0,0,0,0,0,0,0,0,0,0,0,0,0,0,0,0,0,1,0,0,0,0,0,1,0,0,1,1,0,1,1,0,0,0,0,0,0,1,1,0,0,1,1,0,0,1,1,1,0,1,0,0,1
92555302,0.0,1.268,1576,-10000,-10000,-10000,-10000,-25000,-25000,-25000,-25000,900,900,900,900,0,0,0,0,0,0,0,0,0,0,0,0,0,0,0,0,0,0,0,0,0,0,1,0,0,0,0,0,1,0,0,1,1,0,1,1,0,0,0,0,0,0,1,1,0,0,1,1,0,0,1,1,1,0,1,0,0,1
93572317,0.0,1.0840001,1576,-10000,-10000,-10000,-10000,-25000,-25000,-25000,-25000,900,900,900,900,0,0,0,0,0,0,0,0,0,0,0,0,0,0,0,0,0,0,0,0,0,0,1,0,0,0,0,0,1,0,0,1,1,0,1,1,0,0,0,0,0,0,1,1,0,0,1,1,0,0,1,1,1,0,1,0,0,1
94587482,0.002,1.2440001,1576,-10000,-10000,-10000,-10000,-25000,-25000,-25000,-25000,900,900,900,900,0,0,0,0,0,0,0,0,0,0,0,0,0,0,0,0,0,0,0,0,0,0,1,0,0,0,0,0,1,0,0,1,1,0,1,1,0,0,0,0,0,0,1,1,0,0,1,1,0,0,1,1,1,0,1,0,0,1
95599877,0.002,1.2390001,1576,-10000,-10000,-10000,-10000,-25000,-25000,-25000,-25000,900,900,900,900,0,0,0,0,0,0,0,0,0,0,0,0,0,0,0,0,0,0,0,0,0,0,1,0,0,0,0,0,1,0,0,1,1,0,1,1,0,0,0,0,0,0,1,1,0,0,1,1,0,0,1,1,1,0,1,0,0,1
96607742,0.0,1.2520001,1576,-10000,-10000,-10000,-10000,-25000,-25000,-25000,-25000,900,900,900,900,0,0,0,0,0,0,0,0,0,0,0,0,0,0,0,0,0,0,0,0,0,0,1,0,0,0,0,0,1,0,0,1,1,0,1,1,0,0,0,0,0,0,1,1,0,0,1,1,0,0,1,1,1,0,1,0,0,1
97621486,0.002,1.2470001,1576,-10000,-10000,-10000,-10000,-25000,-25000,-25000,-25000,900,900,900,900,0,0,0,0,0,0,0,0,0,0,0,0,0,0,0,0,0,0,0,0,0,0,1,0,0,0,0,0,1,0,0,1,1,0,1,1,0,0,0,0,0,0,1,1,0,0,1,1,0,0,1,1,1,0,1,0,0,1
98632140,0.002,1.1060001,1576,-10000,-10000,-10000,-10000,-25000,-25000,-25000,-25000,900,900,900,900,0,0,0,0,0,0,0,0,0,0,0,0,0,0,0,0,0,0,0,0,0,0,1,0,0,0,0,0,1,0,0,1,1,0,1,1,0,0,0,0,0,0,1,1,0,0,1,1,0,0,1,1,1,0,1,0,0,1
99651680,0.0,1.263,1576,-10000,-10000,-10000,-10000,-25000,-25000,-25000,-25000,900,900,900,900,0,0,0,0,0,0,0,0,0,0,0,0,0,0,0,0,0,0,0,0,0,0,1,0,0,0,0,0,1,0,0,1,1,0,1,1,0,0,0,0,0,0,1,1,0,0,1,1,0,0,1,1,1,0,1,0,0,1
100675878,0.002,1.2540001,1576,-10000,-10000,-10000,-10000,-25000,-25000,-25000,-25000,900,900,900,900,0,0,0,0,0,0,0,0,0,0,0,0,0,0,0,0,0,0,0,0,0,0,1,0,0,0,0,0,1,0,0,1,1,0,1,1,0,0,0,0,0,0,1,1,0,0,1,1,0,0,1,1,1,0,1,0,0,1
101683980,0.0,1.0780001,1576,-10000,-10000,-10000,-10000,-25000,-25000,-25000,-25000,900,900,900,900,0,0,0,0,0,0,0,0,0,0,0,0,0,0,0,0,0,0,0,0,0,0,1,0,0,0,0,0,1,0,0,1,1,0,1,1,0,0,0,0,0,0,1,1,0,0,1,1,0,0,1,1,1,0,1,0,0,1
102700203,0.0,1.2470001,1576,-10000,-10000,-10000,-10000,-25000,-25000,-25000,-25000,900,900,900,900,0,0,0,0,0,0,0,0,0,0,0,0,0,0,0,0,0,0,0,0,0,0,1,0,0,0,0,0,1,0,0,1,1,0,1,1,0,0,0,0,0,0,1,1,0,0,1,1,0,0,1,1,1,0,1,0,0,1
103712784,0.0,1.087,1576,-10000,-10000,-10000,-10000,-25000,-25000,-25000,-25000,900,900,900,900,0,0,0,0,0,0,0,0,0,0,0,0,0,0,0,0,0,0,0,0,0,0,1,0,0,0,0,0,1,0,0,1,1,0,1,1,0,0,0,0,0,0,1,1,0,0,1,1,0,0,1,1,1,0,1,0,0,1
104715934,0.0,1.256,1576,-10000,-10000,-10000,-10000,-25000,-25000,-25000,-25000,900,900,900,900,0,0,0,0,0,0,0,0,0,0,0,0,0,0,0,0,0,0,0,0,0,0,1,0,0,0,0,0,1,0,0,1,1,0,1,1,0,0,0,0,0,0,1,1,0,0,1,1,0,0,1,1,1,0,1,0,0,1
105732736,0.002,1.097,1576,-10000,-10000,-10000,-10000,-25000,-25000,-25000,-25000,900,900,900,900,0,0,0,0,0,0,0,0,0,0,0,0,0,0,0,0,0,0,0,0,0,0,1,0,0,0,0,0,1,0,0,1,1,0,1,1,0,0,0,0,0,0,1,1,0,0,1,1,0,0,1,1,1,0,1,0,0,1
106743876,0.0,1.0860001,1576,-10000,-10000,-10000,-10000,-25000,-25000,-25000,-25000,900,900,900,900,0,0,0,0,0,0,0,0,0,0,0,0,0,0,0,0,0,0,0,0,0,0,1,0,0,0,0,0,1,0,0,1,1,0,1,1,0,0,0,0,0,0,1,1,0,0,1,1,0,0,1,1,1,0,1,0,0,1
107764568,0.0,1.072,1576,-10000,-10000,-10000,-10000,-25000,-25000,-25000,-25000,900,900,900,900,0,0,0,0,0,0,0,0,0,0,0,0,0,0,0,0,0,0,0,0,0,0,1,0,0,0,0,0,1,0,0,1,1,0,1,1,0,0,0,0,0,0,1,1,0,0,1,1,0,0,1,1,1,0,1,0,0,1
108767848,0.002,1.1120001,1576,-10000,-10000,-10000,-10000,-25000,-25000,-25000,-25000,900,900,900,900,0,0,0,0,0,0,0,0,0,0,0,0,0,0,0,0,0,0,0,0,0,0,1,0,0,0,0,0,1,0,0,1,1,0,1,1,0,0,0,0,0,0,1,1,0,0,1,1,0,0,1,1,1,0,1,0,0,1
109785093,0.002,1.2390001,1576,-10000,-10000,-10000,-10000,-25000,-25000,-25000,-25000,900,900,900,900,0,0,0,0,0,0,0,0,0,0,0,0,0,0,0,0,0,0,0,0,0,0,1,0,0,0,0,0,1,0,0,1,1,0,1,1,0,0,0,0,0,0,1,1,0,0,1,1,0,0,1,1,1,0,1,0,0,1
110792087,0.0,1.243,1576,-10000,-10000,-10000,-10000,-25000,-25000,-25000,-25000,900,900,900,900,0,0,0,0,0,0,0,0,0,0,0,0,0,0,0,0,0,0,0,0,0,0,1,0,0,0,0,0,1,0,0,1,1,0,1,1,0,0,0,0,0,0,1,1,0,0,1,1,0,0,1,1,1,0,1,0,0,1
111811558,0.0,1.0860001,1576,-10000,-10000,-10000,-10000,-25000,-25000,-25000,-25000,900,900,900,900,0,0,0,0,0,0,0,0,0,0,0,0,0,0,0,0,0,0,0,0,0,0,1,0,0,0,0,0,1,0,0,1,1,0,1,1,0,0,0,0,0,0,1,1,0,0,1,1,0,0,1,1,1,0,1,0,0,1
112828391,0.0,1.25,1576,-10000,-10000,-10000,-10000,-25000,-25000,-25000,-25000,900,900,900,900,0,0,0,0,0,0,0,0,0,0,0,0,0,0,0,0,0,0,0,0,0,0,1,0,0,0,0,0,1,0,0,1,1,0,1,1,0,0,0,0,0,0,1,1,0,0,1,1,0,0,1,1,1,0,1,0,0,1
113833442,0.0,1.082,1576,-10000,-10000,-10000,-10000,-25000,-25000,-25000,-25000,900,900,900,900,0,0,0,0,0,0,0,0,0,0,0,0,0,0,0,0,0,0,0,0,0,0,1,0,0,0,0,0,1,0,0,1,1,0,1,1,0,0,0,0,0,0,1,1,0,0,1,1,0,0,1,1,1,0,1,0,0,1
114840224,0.0,1.082,1576,-10000,-10000,-10000,-10000,-25000,-25000,-25000,-25000,900,900,900,900,0,0,0,0,0,0,0,0,0,0,0,0,0,0,0,0,0,0,0,0,0,0,1,0,0,0,0,0,1,0,0,1,1,0,1,1,0,0,0,0,0,0,1,1,0,0,1,1,0,0,1,1,1,0,1,0,0,1
115848676,0.002,1.1110001,1576,-10000,-10000,-10000,-10000,-25000,-25000,-25000,-25000,900,900,900,900,0,0,0,0,0,0,0,0,0,0,0,0,0,0,0,0,0,0,0,0,0,0,1,0,0,0,0,0,1,0,0,1,1,0,1,1,0,0,0,0,0,0,1,1,0,0,1,1,0,0,1,1,1,0,1,0,0,1
116868390,0.0,1.097,1576,-10000,-10000,-10000,-10000,-25000,-25000,-25000,-25000,900,900,900,900,0,0,0,0,0,0,0,0,0,0,0,0,0,0,0,0,0,0,0,0,0,0,1,0,0,0,0,0,1,0,0,1,1,0,1,1,0,0,0,0,0,0,1,1,0,0,1,1,0,0,1,1,1,0,1,0,0,1
117884515,0.002,1.245,1576,-10000,-10000,-10000,-10000,-25000,-25000,-25000,-25000,900,900,900,900,0,0,0,0,0,0,0,0,0,0,0,0,0,0,0,0,0,0,0,0,0,0,1,0,0,0,0,0,1,0,0,1,1,0,1,1,0,0,0,0,0,0,1,1,0,0,1,1,0,0,1,1,1,0,1,0,0,1
118888241,0.0,1.0890001,1576,-10000,-10000,-10000,-10000,-25000,-25000,-25000,-25000,900,900,900,900,0,0,0,0,0,0,0,0,0,0,0,0,0,0,0,0,0,0,0,0,0,0,1,0,0,0,0,0,1,0,0,1,1,0,1,1,0,0,0,0,0,0,1,1,0,0,1,1,0,0,1,1,1,0,1,0,0,1
119904342,0.0,1.09,1576,-10000,-10000,-10000,-10000,-25000,-25000,-25000,-25000,900,900,900,900,0,0,0,0,0,0,0,0,0,0,0,0,0,0,0,0,0,0,0,0,0,0,1,0,0,0,0,0,1,0,0,1,1,0,1,1,0,0,0,0,0,0,1,1,0,0,1,1,0,0,1,1,1,0,1,0,0,1
120924474,0.0,1.2590001,1576,-10000,-10000,-10000,-10000,-25000,-25000,-25000,-25000,900,900,900,900,0,0,0,0,0,0,0,0,0,0,0,0,0,0,0,0,0,0,0,0,0,0,1,0,0,0,0,0,1,0,0,1,1,0,1,1,0,0,0,0,0,0,1,1,0,0,1,1,0,0,1,1,1,0,1,0,0,1
121938087,0.0,1.253,1576,-10000,-10000,-10000,-10000,-25000,-25000,-25000,-25000,900,900,900,900,0,0,0,0,0,0,0,0,0,0,0,0,0,0,0,0,0,0,0,0,0,0,1,0,0,0,0,0,1,0,0,1,1,0,1,1,0,0,0,0,0,0,1,1,0,0,1,1,0,0,1,1,1,0,1,0,0,1
122944732,0.0,1.107,1576,-10000,-10000,-10000,-10000,-25000,-25000,-25000,-25000,900,900,900,900,0,0,0,0,0,0,0,0,0,0,0,0,0,0,0,0,0,0,0,0,0,0,1,0,0,0,0,0,1,0,0,1,1,0,1,1,0,0,0,0,0,0,1,1,0,0,1,1,0,0,1,1,1,0,1,0,0,1
123956487,0.0,1.097,1576,-10000,-10000,-10000,-10000,-25000,-25000,-25000,-25000,900,900,900,900,0,0,0,0,0,0,0,0,0,0,0,0,0,0,0,0,0,0,0,0,0,0,1,0,0,0,0,0,1,0,0,1,1,0,1,1,0,0,0,0,0,0,1,1,0,0,1,1,0,0,1,1,1,0,1,0,0,1
124964611,0.002,1.264,1576,-10000,-10000,-10000,-10000,-25000,-25000,-25000,-25000,900,900,900,900,0,0,0,0,0,0,0,0,0,0,0,0,0,0,0,0,0,0,0,0,0,0,1,0,0,0,0,0,1,0,0,1,1,0,1,1,0,0,0,0,0,0,1,1,0,0,1,1,0,0,1,1,1,0,1,0,0,1
125980829,0.0,1.1110001,1576,-10000,-10000,-10000,-10000,-25000,-25000,-25000,-25000,900,900,900,900,0,0,0,0,0,0,0,0,0,0,0,0,0,0,0,0,0,0,0,0,0,0,1,0,0,0,0,0,1,0,0,1,1,0,1,1,0,0,0,0,0,0,1,1,0,0,1,1,0,0,1,1,1,0,1,0,0,1
126997205,0.0,1.092,1576,-10000,-10000,-10000,-10000,-25000,-25000,-25000,-25000,900,900,900,900,0,0,0,0,0,0,0,0,0,0,0,0,0,0,0,0,0,0,0,0,0,0,1,0,0,0,0,0,1,0,0,1,1,0,1,1,0,0,0,0,0,0,1,1,0,0,1,1,0,0,1,1,1,0,1,0,0,1
128014394,0.002,1.248,1576,-10000,-10000,-10000,-10000,-25000,-25000,-25000,-25000,900,900,900,900,0,0,0,0,0,0,0,0,0,0,0,0,0,0,0,0,0,0,0,0,0,0,1,0,0,0,0,0,1,0,0,1,1,0,1,1,0,0,0,0,0,0,1,1,0,0,1,1,0,0,1,1,1,0,1,0,0,1
129033389,0.0,1.241,1576,-10000,-10000,-10000,-10000,-25000,-25000,-25000,-25000,900,900,900,900,0,0,0,0,0,0,0,0,0,0,0,0,0,0,0,0,0,0,0,0,0,0,1,0,0,0,0,0,1,0,0,1,1,0,1,1,0,0,0,0,0,0,1,1,0,0,1,1,0,0,1,1,1,0,1,0,0,1
130044770,0.002,1.235,1576,-10000,-10000,-10000,-10000,-25000,-25000,-25000,-25000,900,900,900,900,0,0,0,0,0,0,0,0,0,0,0,0,0,0,0,0,0,0,0,0,0,0,1,0,0,0,0,0,1,0,0,1,1,0,1,1,0,0,0,0,0,0,1,1,0,0,1,1,0,0,1,1,1,0,1,0,0,1
131060920,0.0,1.077,1576,-10000,-10000,-10000,-10000,-25000,-25000,-25000,-25000,900,900,900,900,0,0,0,0,0,0,0,0,0,0,0,0,0,0,0,0,0,0,0,0,0,0,1,0,0,0,0,0,1,0,0,1,1,0,1,1,0,0,0,0,0,0,1,1,0,0,1,1,0,0,1,1,1,0,1,0,0,1
132084907,0.002,1.2570001,1576,-10000,-10000,-10000,-10000,-25000,-25000,-25000,-25000,900,900,900,900,0,0,0,0,0,0,0,0,0,0,0,0,0,0,0,0,0,0,0,0,0,0,1,0,0,0,0,0,1,0,0,1,1,0,1,1,0,0,0,0,0,0,1,1,0,0,1,1,0,0,1,1,1,0,1,0,0,1
133096721,0.0,1.092,1576,-10000,-10000,-10000,-10000,-25000,-25000,-25000,-25000,900,900,900,900,0,0,0,0,0,0,0,0,0,0,0,0,0,0,0,0,0,0,0,0,0,0,1,0,0,0,0,0,1,0,0,1,1,0,1,1,0,0,0,0,0,0,1,1,0,0,1,1,0,0,1,1,1,0,1,0,0,1
134105147,0.0,1.263,1576,-10000,-10000,-10000,-10000,-25000,-25000,-25000,-25000,900,900,900,900,0,0,0,0,0,0,0,0,0,0,0,0,0,0,0,0,0,0,0,0,0,0,1,0,0,0,0,0,1,0,0,1,1,0,1,1,0,0,0,0,0,0,1,1,0,0,1,1,0,0,1,1,1,0,1,0,0,1
135109339,0.0,1.0860001,1576,-10000,-10000,-10000,-10000,-25000,-25000,-25000,-25000,900,900,900,900,0,0,0,0,0,0,0,0,0,0,0,0,0,0,0,0,0,0,0,0,0,0,1,0,0,0,0,0,1,0,0,1,1,0,1,1,0,0,0,0,0,0,1,1,0,0,1,1,0,0,1,1,1,0,1,0,0,1
136121323,0.002,1.245,1576,-10000,-10000,-10000,-10000,-25000,-25000,-25000,-25000,900,900,900,900,0,0,0,0,0,0,0,0,0,0,0,0,0,0,0,0,0,0,0,0,0,0,1,0,0,0,0,0,1,0,0,1,1,0,1,1,0,0,0,0,0,0,1,1,0,0,1,1,0,0,1,1,1,0,1,0,0,1
137127414,0.002,1.25,1576,-10000,-10000,-10000,-10000,-25000,-25000,-25000,-25000,900,900,900,900,0,0,0,0,0,0,0,0,0,0,0,0,0,0,0,0,0,0,0,0,0,0,1,0,0,0,0,0,1,0,0,1,1,0,1,1,0,0,0,0,0,0,1,1,0,0,1,1,0,0,1,1,1,0,1,0,0,1
138149232,0.002,1.2360001,1576,-10000,-10000,-10000,-10000,-25000,-25000,-25000,-25000,900,900,900,900,0,0,0,0,0,0,0,0,0,0,0,0,0,0,0,0,0,0,0,0,0,0,1,0,0,0,0,0,1,0,0,1,1,0,1,1,0,0,0,0,0,0,1,1,0,0,1,1,0,0,1,1,1,0,1,0,0,1
139166571,0.0,1.098,1576,-10000,-10000,-10000,-10000,-25000,-25000,-25000,-25000,900,900,900,900,0,0,0,0,0,0,0,0,0,0,0,0,0,0,0,0,0,0,0,0,0,0,1,0,0,0,0,0,1,0,0,1,1,0,1,1,0,0,0,0,0,0,1,1,0,0,1,1,0,0,1,1,1,0,1,0,0,1
140174317,0.002,1.2490001,1576,-10000,-10000,-10000,-10000,-25000,-25000,-25000,-25000,900,900,900,900,0,0,0,0,0,0,0,0,0,0,0,0,0,0,0,0,0,0,0,0,0,0,1,0,0,0,0,0,1,0,0,1,1,0,1,1,0,0,0,0,0,0,1,1,0,0,1,1,0,0,1,1,1,0,1,0,0,1
141181209,0.002,1.25,1576,-10000,-10000,-10000,-10000,-25000,-25000,-25000,-25000,900,900,900,900,0,0,0,0,0,0,0,0,0,0,0,0,0,0,0,0,0,0,0,0,0,0,1,0,0,0,0,0,1,0,0,1,1,0,1,1,0,0,0,0,0,0,1,1,0,0,1,1,0,0,1,1,1,0,1,0,0,1
142197977,0.002,1.1060001,1576,-10000,-10000,-10000,-10000,-25000,-25000,-25000,-25000,900,900,900,900,0,0,0,0,0,0,0,0,0,0,0,0,0,0,0,0,0,0,0,0,0,0,1,0,0,0,0,0,1,0,0,1,1,0,1,1,0,0,0,0,0,0,1,1,0,0,1,1,0,0,1,1,1,0,1,0,0,1
143211521,0.002,1.2490001,1576,-10000,-10000,-10000,-10000,-25000,-25000,-25000,-25000,900,900,900,900,0,0,0,0,0,0,0,0,0,0,0,0,0,0,0,0,0,0,0,0,0,0,1,0,0,0,0,0,1,0,0,1,1,0,1,1,0,0,0,0,0,0,1,1,0,0,1,1,0,0,1,1,1,0,1,0,0,1
144232771,0.0,1.087,1576,-10000,-10000,-10000,-10000,-25000,-25000,-25000,-25000,900,900,900,900,0,0,0,0,0,0,0,0,0,0,0,0,0,0,0,0,0,0,0,0,0,0,1,0,0,0,0,0,1,0,0,1,1,0,1,1,0,0,0,0,0,0,1,1,0,0,1,1,0,0,1,1,1,0,1,0,0,1
145243494,0.0,1.1010001,1576,-10000,-10000,-10000,-10000,-25000,-25000,-25000,-25000,900,900,900,900,0,0,0,0,0,0,0,0,0,0,0,0,0,0,0,0,0,0,0,0,0,0,1,0,0,0,0,0,1,0,0,1,1,0,1,1,0,0,0,0,0,0,1,1,0,0,1,1,0,0,1,1,1,0,1,0,0,1
146264736,0.0,1.2520001,1576,-10000,-10000,-10000,-10000,-25000,-25000,-25000,-25000,900,900,900,900,0,0,0,0,0,0,0,0,0,0,0,0,0,0,0,0,0,0,0,0,0,0,1,0,0,0,0,0,1,0,0,1,1,0,1,1,0,0,0,0,0,0,1,1,0,0,1,1,0,0,1,1,1,0,1,0,0,1
147279121,0.0,1.248,1576,-10000,-10000,-10000,-10000,-25000,-25000,-25000,-25000,900,900,900,900,0,0,0,0,0,0,0,0,0,0,0,0,0,0,0,0,0,0,0,0,0,0,1,0,0,0,0,0,1,0,0,1,1,0,1,1,0,0,0,0,0,0,1,1,0,0,1,1,0,0,1,1,1,0,1,0,0,1
148289778,0.0,1.088,1576,-10000,-10000,-10000,-10000,-25000,-25000,-25000,-25000,900,900,900,900,0,0,0,0,0,0,0,0,0,0,0,0,0,0,0,0,0,0,0,0,0,0,1,0,0,0,0,0,1,0,0,1,1,0,1,1,0,0,0,0,0,0,1,1,0,0,1,1,0,0,1,1,1,0,1,0,0,1
149302338,0.002,1.1060001,1576,-10000,-10000,-10000,-10000,-25000,-25000,-25000,-25000,900,900,900,900,0,0,0,0,0,0,0,0,0,0,0,0,0,0,0,0,0,0,0,0,0,0,1,0,0,0,0,0,1,0,0,1,1,0,1,1,0,0,0,0,0,0,1,1,0,0,1,1,0,0,1,1,1,0,1,0,0,1
150310677,0.002,1.095,1576,-10000,-10000,-10000,-10000,-25000,-25000,-25000,-25000,900,900,900,900,0,0,0,0,0,0,0,0,0,0,0,0,0,0,0,0,0,0,0,0,0,0,1,0,0,0,0,0,1,0,0,1,1,0,1,1,0,0,0,0,0,0,1,1,0,0,1,1,0,0,1,1,1,0,1,0,0,1
151313462,0.0,1.11,1576,-10000,-10000,-10000,-10000,-25000,-25000,-25000,-25000,900,900,900,900,0,0,0,0,0,0,0,0,0,0,0,0,0,0,0,0,0,0,0,0,0,0,1,0,0,0,0,0,1,0,0,1,1,0,1,1,0,0,0,0,0,0,1,1,0,0,1,1,0,0,1,1,1,0,1,0,0,1
152317702,0.0,1.248,1576,-10000,-10000,-10000,-10000,-25000,-25000,-25000,-25000,900,900,900,900,0,0,0,0,0,0,0,0,0,0,0,0,0,0,0,0,0,0,0,0,0,0,1,0,0,0,0,0,1,0,0,1,1,0,1,1,0,0,0,0,0,0,1,1,0,0,1,1,0,0,1,1,1,0,1,0,0,1
153334475,0.002,1.241,1576,-10000,-10000,-10000,-10000,-25000,-25000,-25000,-25000,900,900,900,900,0,0,0,0,0,0,0,0,0,0,0,0,0,0,0,0,0,0,0,0,0,0,1,0,0,0,0,0,1,0,0,1,1,0,1,1,0,0,0,0,0,0,1,1,0,0,1,1,0,0,1,1,1,0,1,0,0,1
154338429,0.0,1.248,1576,-10000,-10000,-10000,-10000,-25000,-25000,-25000,-25000,900,900,900,900,0,0,0,0,0,0,0,0,0,0,0,0,0,0,0,0,0,0,0,0,0,0,1,0,0,0,0,0,1,0,0,1,1,0,1,1,0,0,0,0,0,0,1,1,0,0,1,1,0,0,1,1,1,0,1,0,0,1
155349197,0.0,1.087,1576,-10000,-10000,-10000,-10000,-25000,-25000,-25000,-25000,900,900,900,900,0,0,0,0,0,0,0,0,0,0,0,0,0,0,0,0,0,0,0,0,0,0,1,0,0,0,0,0,1,0,0,1,1,0,1,1,0,0,0,0,0,0,1,1,0,0,1,1,0,0,1,1,1,0,1,0,0,1
156358043,0.0,1.088,1576,-10000,-10000,-10000,-10000,-25000,-25000,-25000,-25000,900,900,900,900,0,0,0,0,0,0,0,0,0,0,0,0,0,0,0,0,0,0,0,0,0,0,1,0,0,0,0,0,1,0,0,1,1,0,1,1,0,0,0,0,0,0,1,1,0,0,1,1,0,0,1,1,1,0,1,0,0,1
157369967,0.0,1.093,1576,-10000,-10000,-10000,-10000,-25000,-25000,-25000,-25000,900,900,900,900,0,0,0,0,0,0,0,0,0,0,0,0,0,0,0,0,0,0,0,0,0,0,1,0,0,0,0,0,1,0,0,1,1,0,1,1,0,0,0,0,0,0,1,1,0,0,1,1,0,0,1,1,1,0,1,0,0,1
158385532,0.0,1.113,1576,-10000,-10000,-10000,-10000,-25000,-25000,-25000,-25000,900,900,900,900,0,0,0,0,0,0,0,0,0,0,0,0,0,0,0,0,0,0,0,0,0,0,1,0,0,0,0,0,1,0,0,1,1,0,1,1,0,0,0,0,0,0,1,1,0,0,1,1,0,0,1,1,1,0,1,0,0,1
159401982,0.002,1.107,1576,-10000,-10000,-10000,-10000,-25000,-25000,-25000,-25000,900,900,900,900,0,0,0,0,0,0,0,0,0,0,0,0,0,0,0,0,0,0,0,0,0,0,1,0,0,0,0,0,1,0,0,1,1,0,1,1,0,0,0,0,0,0,1,1,0,0,1,1,0,0,1,1,1,0,1,0,0,1
160414340,0.0,1.264,1576,-10000,-10000,-10000,-10000,-25000,-25000,-25000,-25000,900,900,900,900,0,0,0,0,0,0,0,0,0,0,0,0,0,0,0,0,0,0,0,0,0,0,1,0,0,0,0,0,1,0,0,1,1,0,1,1,0,0,0,0,0,0,1,1,0,0,1,1,0,0,1,1,1,0,1,0,0,1
161434447,0.0,1.077,1576,-10000,-10000,-10000,-10000,-25000,-25000,-25000,-25000,900,900,900,900,0,0,0,0,0,0,0,0,0,0,0,0,0,0,0,0,0,0,0,0,0,0,1,0,0,0,0,0,1,0,0,1,1,0,1,1,0,0,0,0,0,0,1,1,0,0,1,1,0,0,1,1,1,0,1,0,0,1
162445516,0.0,1.2520001,1576,-10000,-10000,-10000,-10000,-25000,-25000,-25000,-25000,900,900,900,900,0,0,0,0,0,0,0,0,0,0,0,0,0,0,0,0,0,0,0,0,0,0,1,0,0,0,0,0,1,0,0,1,1,0,1,1,0,0,0,0,0,0,1,1,0,0,1,1,0,0,1,1,1,0,1,0,0,1
163466218,0.0,1.248,1576,-10000,-10000,-10000,-10000,-25000,-25000,-25000,-25000,900,900,900,900,0,0,0,0,0,0,0,0,0,0,0,0,0,0,0,0,0,0,0,0,0,0,1,0,0,0,0,0,1,0,0,1,1,0,1,1,0,0,0,0,0,0,1,1,0,0,1,1,0,0,1,1,1,0,1,0,0,1
164470852,0.002,1.092,1576,-10000,-10000,-10000,-10000,-25000,-25000,-25000,-25000,900,900,900,900,0,0,0,0,0,0,0,0,0,0,0,0,0,0,0,0,0,0,0,0,0,0,1,0,0,0,0,0,1,0,0,1,1,0,1,1,0,0,0,0,0,0,1,1,0,0,1,1,0,0,1,1,1,0,1,0,0,1
165487045,0.0,1.0830001,1576,-10000,-10000,-10000,-10000,-25000,-25000,-25000,-25000,900,900,900,900,0,0,0,0,0,0,0,0,0,0,0,0,0,0,0,0,0,0,0,0,0,0,1,0,0,0,0,0,1,0,0,1,1,0,1,1,0,0,0,0,0,0,1,1,0,0,1,1,0,0,1,1,1,0,1,0,0,1
166502370,0.0,1.0940001,1576,-10000,-10000,-10000,-10000,-25000,-25000,-25000,-25000,900,900,900,900,0,0,0,0,0,0,0,0,0,0,0,0,0,0,0,0,0,0,0,0,0,0,1,0,0,0,0,0,1,0,0,1,1,0,1,1,0,0,0,0,0,0,1,1,0,0,1,1,0,0,1,1,1,0,1,0,0,1
167522478,0.0,1.0840001,1576,-10000,-10000,-10000,-10000,-25000,-25000,-25000,-25000,900,900,900,900,0,0,0,0,0,0,0,0,0,0,0,0,0,0,0,0,0,0,0,0,0,0,1,0,0,0,0,0,1,0,0,1,1,0,1,1,0,0,0,0,0,0,1,1,0,0,1,1,0,0,1,1,1,0,1,0,0,1
168526753,0.0,1.0940001,1576,-10000,-10000,-10000,-10000,-25000,-25000,-25000,-25000,900,900,900,900,0,0,0,0,0,0,0,0,0,0,0,0,0,0,0,0,0,0,0,0,0,0,1,0,0,0,0,0,1,0,0,1,1,0,1,1,0,0,0,0,0,0,1,1,0,0,1,1,0,0,1,1,1,0,1,0,0,1
169534742,0.0,1.261,1576,-10000,-10000,-10000,-10000,-25000,-25000,-25000,-25000,900,900,900,900,0,0,0,0,0,0,0,0,0,0,0,0,0,0,0,0,0,0,0,0,0,0,1,0,0,0,0,0,1,0,0,1,1,0,1,1,0,0,0,0,0,0,1,1,0,0,1,1,0,0,1,1,1,0,1,0,0,1
170543010,0.002,1.103,1576,-10000,-10000,-10000,-10000,-25000,-25000,-25000,-25000,900,900,900,900,0,0,0,0,0,0,0,0,0,0,0,0,0,0,0,0,0,0,0,0,0,0,1,0,0,0,0,0,1,0,0,1,1,0,1,1,0,0,0,0,0,0,1,1,0,0,1,1,0,0,1,1,1,0,1,0,0,1
171562600,0.0,1.097,1576,-10000,-10000,-10000,-10000,-25000,-25000,-25000,-25000,900,900,900,900,0,0,0,0,0,0,0,0,0,0,0,0,0,0,0,0,0,0,0,0,0,0,1,0,0,0,0,0,1,0,0,1,1,0,1,1,0,0,0,0,0,0,1,1,0,0,1,1,0,0,1,1,1,0,1,0,0,1
172583877,0.0,1.09,1576,-10000,-10000,-10000,-10000,-25000,-25000,-25000,-25000,900,900,900,900,0,0,0,0,0,0,0,0,0,0,0,0,0,0,0,0,0,0,0,0,0,0,1,0,0,0,0,0,1,0,0,1,1,0,1,1,0,0,0,0,0,0,1,1,0,0,1,1,0,0,1,1,1,0,1,0,0,1
173603367,0.002,1.241,1576,-10000,-10000,-10000,-10000,-25000,-25000,-25000,-25000,900,900,900,900,0,0,0,0,0,0,0,0,0,0,0,0,0,0,0,0,0,0,0,0,0,0,1,0,0,0,0,0,1,0,0,1,1,0,1,1,0,0,0,0,0,0,1,1,0,0,1,1,0,0,1,1,1,0,1,0,0,1
174622709,0.0,1.0830001,1576,-10000,-10000,-10000,-10000,-25000,-25000,-25000,-25000,900,900,900,900,0,0,0,0,0,0,0,0,0,0,0,0,0,0,0,0,0,0,0,0,0,0,1,0,0,0,0,0,1,0,0,1,1,0,1,1,0,0,0,0,0,0,1,1,0,0,1,1,0,0,1,1,1,0,1,0,0,1
175645169,0.0,1.0840001,1576,-10000,-10000,-10000,-10000,-25000,-25000,-25000,-25000,900,900,900,900,0,0,0,0,0,0,0,0,0,0,0,0,0,0,0,0,0,0,0,0,0,0,1,0,0,0,0,0,1,0,0,1,1,0,1,1,0,0,0,0,0,0,1,1,0,0,1,1,0,0,1,1,1,0,1,0,0,1
176659283,0.002,1.1060001,1576,-10000,-10000,-10000,-10000,-25000,-25000,-25000,-25000,900,900,900,900,0,0,0,0,0,0,0,0,0,0,0,0,0,0,0,0,0,0,0,0,0,0,1,0,0,0,0,0,1,0,0,1,1,0,1,1,0,0,0,0,0,0,1,1,0,0,1,1,0,0,1,1,1,0,1,0,0,1
177669991,0.0,1.102,1576,-10000,-10000,-10000,-10000,-25000,-25000,-25000,-25000,900,900,900,900,0,0,0,0,0,0,0,0,0,0,0,0,0,0,0,0,0,0,0,0,0,0,1,0,0,0,0,0,1,0,0,1,1,0,1,1,0,0,0,0,0,0,1,1,0,0,1,1,0,0,1,1,1,0,1,0,0,1
178686745,0.002,1.2520001,1576,-10000,-10000,-10000,-10000,-25000,-25000,-25000,-25000,900,900,900,900,0,0,0,0,0,0,0,0,0,0,0,0,0,0,0,0,0,0,0,0,0,0,1,0,0,0,0,0,1,0,0,1,1,0,1,1,0,0,0,0,0,0,1,1,0,0,1,1,0,0,1,1,1,0,1,0,0,1
179700608,0.002,1.0940001,1576,-10000,-10000,-10000,-10000,-25000,-25000,-25000,-25000,900,900,900,900,0,0,0,0,0,0,0,0,0,0,0,0,0,0,0,0,0,0,0,0,0,0,1,0,0,0,0,0,1,0,0,1,1,0,1,1,0,0,0,0,0,0,1,1,0,0,1,1,0,0,1,1,1,0,1,0,0,1
180714710,0.0,1.0830001,1576,-10000,-10000,-10000,-10000,-25000,-25000,-25000,-25000,900,900,900,900,0,0,0,0,0,0,0,0,0,0,0,0,0,0,0,0,0,0,0,0,0,0,1,0,0,0,0,0,1,0,0,1,1,0,1,1,0,0,0,0,0,0,1,1,0,0,1,1,0,0,1,1,1,0,1,0,0,1
181734864,0.002,1.2420001,1576,-10000,-10000,-10000,-10000,-25000,-25000,-25000,-25000,900,900,900,900,0,0,0,0,0,0,0,0,0,0,0,0,0,0,0,0,0,0,0,0,0,0,1,0,0,0,0,0,1,0,0,1,1,0,1,1,0,0,0,0,0,0,1,1,0,0,1,1,0,0,1,1,1,0,1,0,0,1
182751399,0.0,1.0840001,1576,-10000,-10000,-10000,-10000,-25000,-25000,-25000,-25000,900,900,900,900,0,0,0,0,0,0,0,0,0,0,0,0,0,0,0,0,0,0,0,0,0,0,1,0,0,0,0,0,1,0,0,1,1,0,1,1,0,0,0,0,0,0,1,1,0,0,1,1,0,0,1,1,1,0,1,0,0,1
183762957,0.0,1.253,1576,-10000,-10000,-10000,-10000,-25000,-25000,-25000,-25000,900,900,900,900,0,0,0,0,0,0,0,0,0,0,0,0,0,0,0,0,0,0,0,0,0,0,1,0,0,0,0,0,1,0,0,1,1,0,1,1,0,0,0,0,0,0,1,1,0,0,1,1,0,0,1,1,1,0,1,0,0,1
184782851,0.0,1.085,1576,-10000,-10000,-10000,-10000,-25000,-25000,-25000,-25000,900,900,900,900,0,0,0,0,0,0,0,0,0,0,0,0,0,0,0,0,0,0,0,0,0,0,1,0,0,0,0,0,1,0,0,1,1,0,1,1,0,0,0,0,0,0,1,1,0,0,1,1,0,0,1,1,1,0,1,0,0,1
185786669,0.0,1.246,1576,-10000,-10000,-10000,-10000,-25000,-25000,-25000,-25000,900,900,900,900,0,0,0,0,0,0,0,0,0,0,0,0,0,0,0,0,0,0,0,0,0,0,1,0,0,0,0,0,1,0,0,1,1,0,1,1,0,0,0,0,0,0,1,1,0,0,1,1,0,0,1,1,1,0,1,0,0,1
186790401,0.002,1.1110001,1576,-10000,-10000,-10000,-10000,-25000,-25000,-25000,-25000,900,900,900,900,0,0,0,0,0,0,0,0,0,0,0,0,0,0,0,0,0,0,0,0,0,0,1,0,0,0,0,0,1,0,0,1,1,0,1,1,0,0,0,0,0,0,1,1,0,0,1,1,0,0,1,1,1,0,1,0,0,1
187795356,0.002,1.1,1576,-10000,-10000,-10000,-10000,-25000,-25000,-25000,-25000,900,900,900,900,0,0,0,0,0,0,0,0,0,0,0,0,0,0,0,0,0,0,0,0,0,0,1,0,0,0,0,0,1,0,0,1,1,0,1,1,0,0,0,0,0,0,1,1,0,0,1,1,0,0,1,1,1,0,1,0,0,1
188798512,0.002,1.11,1576,-10000,-10000,-10000,-10000,-25000,-25000,-25000,-25000,900,900,900,900,0,0,0,0,0,0,0,0,0,0,0,0,0,0,0,0,0,0,0,0,0,0,1,0,0,0,0,0,1,0,0,1,1,0,1,1,0,0,0,0,0,0,1,1,0,0,1,1,0,0,1,1,1,0,1,0,0,1
189802798,0.0,1.248,1576,-10000,-10000,-10000,-10000,-25000,-25000,-25000,-25000,900,900,900,900,0,0,0,0,0,0,0,0,0,0,0,0,0,0,0,0,0,0,0,0,0,0,1,0,0,0,0,0,1,0,0,1,1,0,1,1,0,0,0,0,0,0,1,1,0,0,1,1,0,0,1,1,1,0,1,0,0,1
190826586,0.002,1.253,1576,-10000,-10000,-10000,-10000,-25000,-25000,-25000,-25000,900,900,900,900,0,0,0,0,0,0,0,0,0,0,0,0,0,0,0,0,0,0,0,0,0,0,1,0,0,0,0,0,1,0,0,1,1,0,1,1,0,0,0,0,0,0,1,1,0,0,1,1,0,0,1,1,1,0,1,0,0,1
191835805,0.002,1.098,1576,-10000,-10000,-10000,-10000,-25000,-25000,-25000,-25000,900,900,900,900,0,0,0,0,0,0,0,0,0,0,0,0,0,0,0,0,0,0,0,0,0,0,1,0,0,0,0,0,1,0,0,1,1,0,1,1,0,0,0,0,0,0,1,1,0,0,1,1,0,0,1,1,1,0,1,0,0,1
192846884,0.0,1.098,1576,-10000,-10000,-10000,-10000,-25000,-25000,-25000,-25000,900,900,900,900,0,0,0,0,0,0,0,0,0,0,0,0,0,0,0,0,0,0,0,0,0,0,1,0,0,0,0,0,1,0,0,1,1,0,1,1,0,0,0,0,0,0,1,1,0,0,1,1,0,0,1,1,1,0,1,0,0,1
193850789,0.0,1.256,1576,-10000,-10000,-10000,-10000,-25000,-25000,-25000,-25000,900,900,900,900,0,0,0,0,0,0,0,0,0,0,0,0,0,0,0,0,0,0,0,0,0,0,1,0,0,0,0,0,1,0,0,1,1,0,1,1,0,0,0,0,0,0,1,1,0,0,1,1,0,0,1,1,1,0,1,0,0,1
194871268,0.002,1.1120001,1576,-10000,-10000,-10000,-10000,-25000,-25000,-25000,-25000,900,900,900,900,0,0,0,0,0,0,0,0,0,0,0,0,0,0,0,0,0,0,0,0,0,0,1,0,0,0,0,0,1,0,0,1,1,0,1,1,0,0,0,0,0,0,1,1,0,0,1,1,0,0,1,1,1,0,1,0,0,1
195876226,0.002,1.103,1576,-10000,-10000,-10000,-10000,-25000,-25000,-25000,-25000,900,900,900,900,0,0,0,0,0,0,0,0,0,0,0,0,0,0,0,0,0,0,0,0,0,0,1,0,0,0,0,0,1,0,0,1,1,0,1,1,0,0,0,0,0,0,1,1,0,0,1,1,0,0,1,1,1,0,1,0,0,1
196892276,0.002,1.248,1576,-10000,-10000,-10000,-10000,-25000,-25000,-25000,-25000,900,900,900,900,0,0,0,0,0,0,0,0,0,0,0,0,0,0,0,0,0,0,0,0,0,0,1,0,0,0,0,0,1,0,0,1,1,0,1,1,0,0,0,0,0,0,1,1,0,0,1,1,0,0,1,1,1,0,1,0,0,1
197908130,0.0,1.2570001,1576,-10000,-10000,-10000,-10000,-25000,-25000,-25000,-25000,900,900,900,900,0,0,0,0,0,0,0,0,0,0,0,0,0,0,0,0,0,0,0,0,0,0,1,0,0,0,0,0,1,0,0,1,1,0,1,1,0,0,0,0,0,0,1,1,0,0,1,1,0,0,1,1,1,0,1,0,0,1
198927877,0.002,1.25,1576,-10000,-10000,-10000,-10000,-25000,-25000,-25000,-25000,900,900,900,900,0,0,0,0,0,0,0,0,0,0,0,0,0,0,0,0,0,0,0,0,0,0,1,0,0,0,0,0,1,0,0,1,1,0,1,1,0,0,0,0,0,0,1,1,0,0,1,1,0,0,1,1,1,0,1,0,0,1
199936725,0.0,1.077,1576,-10000,-10000,-10000,-10000,-25000,-25000,-25000,-25000,900,900,900,900,0,0,0,0,0,0,0,0,0,0,0,0,0,0,0,0,0,0,0,0,0,0,1,0,0,0,0,0,1,0,0,1,1,0,1,1,0,0,0,0,0,0,1,1,0,0,1,1,0,0,1,1,1,0,1,0,0,1
200944346,0.0,1.256,1576,-10000,-10000,-10000,-10000,-25000,-25000,-25000,-25000,900,900,900,900,0,0,0,0,0,0,0,0,0,0,0,0,0,0,0,0,0,0,0,0,0,0,1,0,0,0,0,0,1,0,0,1,1,0,1,1,0,0,0,0,0,0,1,1,0,0,1,1,0,0,1,1,1,0,1,0,0,1
201960184,0.0,1.256,1576,-10000,-10000,-10000,-10000,-25000,-25000,-25000,-25000,900,900,900,900,0,0,0,0,0,0,0,0,0,0,0,0,0,0,0,0,0,0,0,0,0,0,1,0,0,0,0,0,1,0,0,1,1,0,1,1,0,0,0,0,0,0,1,1,0,0,1,1,0,0,1,1,1,0,1,0,0,1
202980476,0.002,1.2320001,1576,-10000,-10000,-10000,-10000,-25000,-25000,-25000,-25000,900,900,900,900,0,0,0,0,0,0,0,0,0,0,0,0,0,0,0,0,0,0,0,0,0,0,1,0,0,0,0,0,1,0,0,1,1,0,1,1,0,0,0,0,0,0,1,1,0,0,1,1,0,0,1,1,1,0,1,0,0,1
203996569,0.002,1.09,1576,-10000,-10000,-10000,-10000,-25000,-25000,-25000,-25000,900,900,900,900,0,0,0,0,0,0,0,0,0,0,0,0,0,0,0,0,0,0,0,0,0,0,1,0,0,0,0,0,1,0,0,1,1,0,1,1,0,0,0,0,0,0,1,1,0,0,1,1,0,0,1,1,1,0,1,0,0,1
205004565,0.002,1.235,1576,-10000,-10000,-10000,-10000,-25000,-25000,-25000,-25000,900,900,900,900,0,0,0,0,0,0,0,0,0,0,0,0,0,0,0,0,0,0,0,0,0,0,1,0,0,0,0,0,1,0,0,1,1,0,1,1,0,0,0,0,0,0,1,1,0,0,1,1,0,0,1,1,1,0,1,0,0,1
206008099,0.002,1.235,1576,-10000,-10000,-10000,-10000,-25000,-25000,-25000,-25000,900,900,900,900,0,0,0,0,0,0,0,0,0,0,0,0,0,0,0,0,0,0,0,0,0,0,1,0,0,0,0,0,1,0,0,1,1,0,1,1,0,0,0,0,0,0,1,1,0,0,1,1,0,0,1,1,1,0,1,0,0,1
207032408,0.002,1.2360001,1576,-10000,-10000,-10000,-10000,-25000,-25000,-25000,-25000,900,900,900,900,0,0,0,0,0,0,0,0,0,0,0,0,0,0,0,0,0,0,0,0,0,0,1,0,0,0,0,0,1,0,0,1,1,0,1,1,0,0,0,0,0,0,1,1,0,0,1,1,0,0,1,1,1,0,1,0,0,1
208039151,0.0,1.2540001,1576,-10000,-10000,-10000,-10000,-25000,-25000,-25000,-25000,900,900,900,900,0,0,0,0,0,0,0,0,0,0,0,0,0,0,0,0,0,0,0,0,0,0,1,0,0,0,0,0,1,0,0,1,1,0,1,1,0,0,0,0,0,0,1,1,0,0,1,1,0,0,1,1,1,0,1,0,0,1
209044032,0.0,1.2470001,1576,-10000,-10000,-10000,-10000,-25000,-25000,-25000,-25000,900,900,900,900,0,0,0,0,0,0,0,0,0,0,0,0,0,0,0,0,0,0,0,0,0,0,1,0,0,0,0,0,1,0,0,1,1,0,1,1,0,0,0,0,0,0,1,1,0,0,1,1,0,0,1,1,1,0,1,0,0,1
210051856,0.0,1.2490001,1576,-10000,-10000,-10000,-10000,-25000,-25000,-25000,-25000,900,900,900,900,0,0,0,0,0,0,0,0,0,0,0,0,0,0,0,0,0,0,0,0,0,0,1,0,0,0,0,0,1,0,0,1,1,0,1,1,0,0,0,0,0,0,1,1,0,0,1,1,0,0,1,1,1,0,1,0,0,1
211077003,0.002,1.103,1576,-10000,-10000,-10000,-10000,-25000,-25000,-25000,-25000,900,900,900,900,0,0,0,0,0,0,0,0,0,0,0,0,0,0,0,0,0,0,0,0,0,0,1,0,0,0,0,0,1,0,0,1,1,0,1,1,0,0,0,0,0,0,1,1,0,0,1,1,0,0,1,1,1,0,1,0,0,1
212087933,0.002,1.233,1576,-10000,-10000,-10000,-10000,-25000,-25000,-25000,-25000,900,900,900,900,0,0,0,0,0,0,0,0,0,0,0,0,0,0,0,0,0,0,0,0,0,0,1,0,0,0,0,0,1,0,0,1,1,0,1,1,0,0,0,0,0,0,1,1,0,0,1,1,0,0,1,1,1,0,1,0,0,1
213103990,0.0,1.0810001,1576,-10000,-10000,-10000,-10000,-25000,-25000,-25000,-25000,900,900,900,900,0,0,0,0,0,0,0,0,0,0,0,0,0,0,0,0,0,0,0,0,0,0,1,0,0,0,0,0,1,0,0,1,1,0,1,1,0,0,0,0,0,0,1,1,0,0,1,1,0,0,1,1,1,0,1,0,0,1
214112156,0.002,1.12,1576,-10000,-10000,-10000,-10000,-25000,-25000,-25000,-25000,900,900,900,900,0,0,0,0,0,0,0,0,0,0,0,0,0,0,0,0,0,0,0,0,0,0,1,0,0,0,0,0,1,0,0,1,1,0,1,1,0,0,0,0,0,0,1,1,0,0,1,1,0,0,1,1,1,0,1,0,0,1
215135610,0.0,1.264,1576,-10000,-10000,-10000,-10000,-25000,-25000,-25000,-25000,900,900,900,900,0,0,0,0,0,0,0,0,0,0,0,0,0,0,0,0,0,0,0,0,0,0,1,0,0,0,0,0,1,0,0,1,1,0,1,1,0,0,0,0,0,0,1,1,0,0,1,1,0,0,1,1,1,0,1,0,0,1
216147895,0.0,1.268,1576,-10000,-10000,-10000,-10000,-25000,-25000,-25000,-25000,900,900,900,900,0,0,0,0,0,0,0,0,0,0,0,0,0,0,0,0,0,0,0,0,0,0,1,0,0,0,0,0,1,0,0,1,1,0,1,1,0,0,0,0,0,0,1,1,0,0,1,1,0,0,1,1,1,0,1,0,0,1
217164263,0.002,1.243,1576,-10000,-10000,-10000,-10000,-25000,-25000,-25000,-25000,900,900,900,900,0,0,0,0,0,0,0,0,0,0,0,0,0,0,0,0,0,0,0,0,0,0,1,0,0,0,0,0,1,0,0,1,1,0,1,1,0,0,0,0,0,0,1,1,0,0,1,1,0,0,1,1,1,0,1,0,0,1
218167834,0.0,1.0910001,1576,-10000,-10000,-10000,-10000,-25000,-25000,-25000,-25000,900,900,900,900,0,0,0,0,0,0,0,0,0,0,0,0,0,0,0,0,0,0,0,0,0,0,1,0,0,0,0,0,1,0,0,1,1,0,1,1,0,0,0,0,0,0,1,1,0,0,1,1,0,0,1,1,1,0,1,0,0,1
219185109,0.0,1.0940001,1576,-10000,-10000,-10000,-10000,-25000,-25000,-25000,-25000,900,900,900,900,0,0,0,0,0,0,0,0,0,0,0,0,0,0,0,0,0,0,0,0,0,0,1,0,0,0,0,0,1,0,0,1,1,0,1,1,0,0,0,0,0,0,1,1,0,0,1,1,0,0,1,1,1,0,1,0,0,1
220187952,0.0,1.1110001,1576,-10000,-10000,-10000,-10000,-25000,-25000,-25000,-25000,900,900,900,900,0,0,0,0,0,0,0,0,0,0,0,0,0,0,0,0,0,0,0,0,0,0,1,0,0,0,0,0,1,0,0,1,1,0,1,1,0,0,0,0,0,0,1,1,0,0,1,1,0,0,1,1,1,0,1,0,0,1
221208044,0.002,1.2520001,1576,-10000,-10000,-10000,-10000,-25000,-25000,-25000,-25000,900,900,900,900,0,0,0,0,0,0,0,0,0,0,0,0,0,0,0,0,0,0,0,0,0,0,1,0,0,0,0,0,1,0,0,1,1,0,1,1,0,0,0,0,0,0,1,1,0,0,1,1,0,0,1,1,1,0,1,0,0,1
222228494,0.0,1.264,1576,-10000,-10000,-10000,-10000,-25000,-25000,-25000,-25000,900,900,900,900,0,0,0,0,0,0,0,0,0,0,0,0,0,0,0,0,0,0,0,0,0,0,1,0,0,0,0,0,1,0,0,1,1,0,1,1,0,0,0,0,0,0,1,1,0,0,1,1,0,0,1,1,1,0,1,0,0,1
223248643,0.0,1.098,1576,-10000,-10000,-10000,-10000,-25000,-25000,-25000,-25000,900,900,900,900,0,0,0,0,0,0,0,0,0,0,0,0,0,0,0,0,0,0,0,0,0,0,1,0,0,0,0,0,1,0,0,1,1,0,1,1,0,0,0,0,0,0,1,1,0,0,1,1,0,0,1,1,1,0,1,0,0,1
224260380,0.0,1.0940001,1576,-10000,-10000,-10000,-10000,-25000,-25000,-25000,-25000,900,900,900,900,0,0,0,0,0,0,0,0,0,0,0,0,0,0,0,0,0,0,0,0,0,0,1,0,0,0,0,0,1,0,0,1,1,0,1,1,0,0,0,0,0,0,1,1,0,0,1,1,0,0,1,1,1,0,1,0,0,1
225269833,0.002,1.0990001,1576,-10000,-10000,-10000,-10000,-25000,-25000,-25000,-25000,900,900,900,900,0,0,0,0,0,0,0,0,0,0,0,0,0,0,0,0,0,0,0,0,0,0,1,0,0,0,0,0,1,0,0,1,1,0,1,1,0,0,0,0,0,0,1,1,0,0,1,1,0,0,1,1,1,0,1,0,0,1
226292470,0.002,1.11,1576,-10000,-10000,-10000,-10000,-25000,-25000,-25000,-25000,900,900,900,900,0,0,0,0,0,0,0,0,0,0,0,0,0,0,0,0,0,0,0,0,0,0,1,0,0,0,0,0,1,0,0,1,1,0,1,1,0,0,0,0,0,0,1,1,0,0,1,1,0,0,1,1,1,0,1,0,0,1
227313821,0.0,1.09,1576,-10000,-10000,-10000,-10000,-25000,-25000,-25000,-25000,900,900,900,900,0,0,0,0,0,0,0,0,0,0,0,0,0,0,0,0,0,0,0,0,0,0,1,0,0,0,0,0,1,0,0,1,1,0,1,1,0,0,0,0,0,0,1,1,0,0,1,1,0,0,1,1,1,0,1,0,0,1
228329618,0.0,1.0840001,1576,-10000,-10000,-10000,-10000,-25000,-25000,-25000,-25000,900,900,900,900,0,0,0,0,0,0,0,0,0,0,0,0,0,0,0,0,0,0,0,0,0,0,1,0,0,0,0,0,1,0,0,1,1,0,1,1,0,0,0,0,0,0,1,1,0,0,1,1,0,0,1,1,1,0,1,0,0,1
229332885,0.0,1.0910001,1576,-10000,-10000,-10000,-10000,-25000,-25000,-25000,-25000,900,900,900,900,0,0,0,0,0,0,0,0,0,0,0,0,0,0,0,0,0,0,0,0,0,0,1,0,0,0,0,0,1,0,0,1,1,0,1,1,0,0,0,0,0,0,1,1,0,0,1,1,0,0,1,1,1,0,1,0,0,1
230348171,0.0,1.08,1576,-10000,-10000,-10000,-10000,-25000,-25000,-25000,-25000,900,900,900,900,0,0,0,0,0,0,0,0,0,0,0,0,0,0,0,0,0,0,0,0,0,0,1,0,0,0,0,0,1,0,0,1,1,0,1,1,0,0,0,0,0,0,1,1,0,0,1,1,0,0,1,1,1,0,1,0,0,1
231372700,0.002,1.2520001,1576,-10000,-10000,-10000,-10000,-25000,-25000,-25000,-25000,900,900,900,900,0,0,0,0,0,0,0,0,0,0,0,0,0,0,0,0,0,0,0,0,0,0,1,0,0,0,0,0,1,0,0,1,1,0,1,1,0,0,0,0,0,0,1,1,0,0,1,1,0,0,1,1,1,0,1,0,0,1
232380341,0.002,1.1110001,1576,-10000,-10000,-10000,-10000,-25000,-25000,-25000,-25000,900,900,900,900,0,0,0,0,0,0,0,0,0,0,0,0,0,0,0,0,0,0,0,0,0,0,1,0,0,0,0,0,1,0,0,1,1,0,1,1,0,0,0,0,0,0,1,1,0,0,1,1,0,0,1,1,1,0,1,0,0,1
233388886,0.002,1.1060001,1576,-10000,-10000,-10000,-10000,-25000,-25000,-25000,-25000,900,900,900,900,0,0,0,0,0,0,0,0,0,0,0,0,0,0,0,0,0,0,0,0,0,0,1,0,0,0,0,0,1,0,0,1,1,0,1,1,0,0,0,0,0,0,1,1,0,0,1,1,0,0,1,1,1,0,1,0,0,1
234409778,0.0,1.25,1576,-10000,-10000,-10000,-10000,-25000,-25000,-25000,-25000,900,900,900,900,0,0,0,0,0,0,0,0,0,0,0,0,0,0,0,0,0,0,0,0,0,0,1,0,0,0,0,0,1,0,0,1,1,0,1,1,0,0,0,0,0,0,1,1,0,0,1,1,0,0,1,1,1,0,1,0,0,1
235432424,0.002,1.2340001,1576,-10000,-10000,-10000,-10000,-25000,-25000,-25000,-25000,900,900,900,900,0,0,0,0,0,0,0,0,0,0,0,0,0,0,0,0,0,0,0,0,0,0,1,0,0,0,0,0,1,0,0,1,1,0,1,1,0,0,0,0,0,0,1,1,0,0,1,1,0,0,1,1,1,0,1,0,0,1
236437166,0.002,1.115,1576,-10000,-10000,-10000,-10000,-25000,-25000,-25000,-25000,900,900,900,900,0,0,0,0,0,0,0,0,0,0,0,0,0,0,0,0,0,0,0,0,0,0,1,0,0,0,0,0,1,0,0,1,1,0,1,1,0,0,0,0,0,0,1,1,0,0,1,1,0,0,1,1,1,0,1,0,0,1
237453442,0.0,1.246,1576,-10000,-10000,-10000,-10000,-25000,-25000,-25000,-25000,900,900,900,900,0,0,0,0,0,0,0,0,0,0,0,0,0,0,0,0,0,0,0,0,0,0,1,0,0,0,0,0,1,0,0,1,1,0,1,1,0,0,0,0,0,0,1,1,0,0,1,1,0,0,1,1,1,0,1,0,0,1
238465250,0.0,1.2650001,1576,-10000,-10000,-10000,-10000,-25000,-25000,-25000,-25000,900,900,900,900,0,0,0,0,0,0,0,0,0,0,0,0,0,0,0,0,0,0,0,0,0,0,1,0,0,0,0,0,1,0,0,1,1,0,1,1,0,0,0,0,0,0,1,1,0,0,1,1,0,0,1,1,1,0,1,0,0,1
239481350,0.002,1.1110001,1576,-10000,-10000,-10000,-10000,-25000,-25000,-25000,-25000,900,900,900,900,0,0,0,0,0,0,0,0,0,0,0,0,0,0,0,0,0,0,0,0,0,0,1,0,0,0,0,0,1,0,0,1,1,0,1,1,0,0,0,0,0,0,1,1,0,0,1,1,0,0,1,1,1,0,1,0,0,1
240485913,0.0,1.09,1576,-10000,-10000,-10000,-10000,-25000,-25000,-25000,-25000,900,900,900,900,0,0,0,0,0,0,0,0,0,0,0,0,0,0,0,0,0,0,0,0,0,0,1,0,0,0,0,0,1,0,0,1,1,0,1,1,0,0,0,0,0,0,1,1,0,0,1,1,0,0,1,1,1,0,1,0,0,1
241501679,0.002,1.108,1576,-10000,-10000,-10000,-10000,-25000,-25000,-25000,-25000,900,900,900,900,0,0,0,0,0,0,0,0,0,0,0,0,0,0,0,0,0,0,0,0,0,0,1,0,0,0,0,0,1,0,0,1,1,0,1,1,0,0,0,0,0,0,1,1,0,0,1,1,0,0,1,1,1,0,1,0,0,1
242516636,0.002,1.2490001,1576,-10000,-10000,-10000,-10000,-25000,-25000,-25000,-25000,900,900,900,900,0,0,0,0,0,0,0,0,0,0,0,0,0,0,0,0,0,0,0,0,0,0,1,0,0,0,0,0,1,0,0,1,1,0,1,1,0,0,0,0,0,0,1,1,0,0,1,1,0,0,1,1,1,0,1,0,0,1
243533093,0.0,1.08,1576,-10000,-10000,-10000,-10000,-25000,-25000,-25000,-25000,900,900,900,900,0,0,0,0,0,0,0,0,0,0,0,0,0,0,0,0,0,0,0,0,0,0,1,0,0,0,0,0,1,0,0,1,1,0,1,1,0,0,0,0,0,0,1,1,0,0,1,1,0,0,1,1,1,0,1,0,0,1
244553684,0.002,1.253,1576,-10000,-10000,-10000,-10000,-25000,-25000,-25000,-25000,900,900,900,900,0,0,0,0,0,0,0,0,0,0,0,0,0,0,0,0,0,0,0,0,0,0,1,0,0,0,0,0,1,0,0,1,1,0,1,1,0,0,0,0,0,0,1,1,0,0,1,1,0,0,1,1,1,0,1,0,0,1
245572819,0.0,1.0810001,1576,-10000,-10000,-10000,-10000,-25000,-25000,-25000,-25000,900,900,900,900,0,0,0,0,0,0,0,0,0,0,0,0,0,0,0,0,0,0,0,0,0,0,1,0,0,0,0,0,1,0,0,1,1,0,1,1,0,0,0,0,0,0,1,1,0,0,1,1,0,0,1,1,1,0,1,0,0,1
246589275,0.002,1.2540001,1576,-10000,-10000,-10000,-10000,-25000,-25000,-25000,-25000,900,900,900,900,0,0,0,0,0,0,0,0,0,0,0,0,0,0,0,0,0,0,0,0,0,0,1,0,0,0,0,0,1,0,0,1,1,0,1,1,0,0,0,0,0,0,1,1,0,0,1,1,0,0,1,1,1,0,1,0,0,1
247613372,0.0,1.256,1576,-10000,-10000,-10000,-10000,-25000,-25000,-25000,-25000,900,900,900,900,0,0,0,0,0,0,0,0,0,0,0,0,0,0,0,0,0,0,0,0,0,0,1,0,0,0,0,0,1,0,0,1,1,0,1,1,0,0,0,0,0,0,1,1,0,0,1,1,0,0,1,1,1,0,1,0,0,1
248625676,0.002,1.0960001,1576,-10000,-10000,-10000,-10000,-25000,-25000,-25000,-25000,900,900,900,900,0,0,0,0,0,0,0,0,0,0,0,0,0,0,0,0,0,0,0,0,0,0,1,0,0,0,0,0,1,0,0,1,1,0,1,1,0,0,0,0,0,0,1,1,0,0,1,1,0,0,1,1,1,0,1,0,0,1
249642076,0.0,1.241,1576,-10000,-10000,-10000,-10000,-25000,-25000,-25000,-25000,900,900,900,900,0,0,0,0,0,0,0,0,0,0,0,0,0,0,0,0,0,0,0,0,0,0,1,0,0,0,0,0,1,0,0,1,1,0,1,1,0,0,0,0,0,0,1,1,0,0,1,1,0,0,1,1,1,0,1,0,0,1
250657595,0.0,1.0960001,1576,-10000,-10000,-10000,-10000,-25000,-25000,-25000,-25000,900,900,900,900,0,0,0,0,0,0,0,0,0,0,0,0,0,0,0,0,0,0,0,0,0,0,1,0,0,0,0,0,1,0,0,1,1,0,1,1,0,0,0,0,0,0,1,1,0,0,1,1,0,0,1,1,1,0,1,0,0,1
251677229,0.0,1.24,1576,-10000,-10000,-10000,-10000,-25000,-25000,-25000,-25000,900,900,900,900,0,0,0,0,0,0,0,0,0,0,0,0,0,0,0,0,0,0,0,0,0,0,1,0,0,0,0,0,1,0,0,1,1,0,1,1,0,0,0,0,0,0,1,1,0,0,1,1,0,0,1,1,1,0,1,0,0,1
252689545,0.002,1.248,1576,-10000,-10000,-10000,-10000,-25000,-25000,-25000,-25000,900,900,900,900,0,0,0,0,0,0,0,0,0,0,0,0,0,0,0,0,0,0,0,0,0,0,1,0,0,0,0,0,1,0,0,1,1,0,1,1,0,0,0,0,0,0,1,1,0,0,1,1,0,0,1,1,1,0,1,0,0,1
253709663,0.002,1.103,1576,-10000,-10000,-10000,-10000,-25000,-25000,-25000,-25000,900,900,900,900,0,0,0,0,0,0,0,0,0,0,0,0,0,0,0,0,0,0,0,0,0,0,1,0,0,0,0,0,1,0,0,1,1,0,1,1,0,0,0,0,0,0,1,1,0,0,1,1,0,0,1,1,1,0,1,0,0,1
254734193,0.0,1.2600001,1576,-10000,-10000,-10000,-10000,-25000,-25000,-25000,-25000,900,900,900,900,0,0,0,0,0,0,0,0,0,0,0,0,0,0,0,0,0,0,0,0,0,0,1,0,0,0,0,0,1,0,0,1,1,0,1,1,0,0,0,0,0,0,1,1,0,0,1,1,0,0,1,1,1,0,1,0,0,1
255754884,0.002,1.2470001,1576,-10000,-10000,-10000,-10000,-25000,-25000,-25000,-25000,900,900,900,900,0,0,0,0,0,0,0,0,0,0,0,0,0,0,0,0,0,0,0,0,0,0,1,0,0,0,0,0,1,0,0,1,1,0,1,1,0,0,0,0,0,0,1,1,0,0,1,1,0,0,1,1,1,0,1,0,0,1
256765914,0.0,1.2520001,1576,-10000,-10000,-10000,-10000,-25000,-25000,-25000,-25000,900,900,900,900,0,0,0,0,0,0,0,0,0,0,0,0,0,0,0,0,0,0,0,0,0,0,1,0,0,0,0,0,1,0,0,1,1,0,1,1,0,0,0,0,0,0,1,1,0,0,1,1,0,0,1,1,1,0,1,0,0,1
257782327,0.0,1.092,1576,-10000,-10000,-10000,-10000,-25000,-25000,-25000,-25000,900,900,900,900,0,0,0,0,0,0,0,0,0,0,0,0,0,0,0,0,0,0,0,0,0,0,1,0,0,0,0,0,1,0,0,1,1,0,1,1,0,0,0,0,0,0,1,1,0,0,1,1,0,0,1,1,1,0,1,0,0,1
258805513,0.0,1.258,1576,-10000,-10000,-10000,-10000,-25000,-25000,-25000,-25000,900,900,900,900,0,0,0,0,0,0,0,0,0,0,0,0,0,0,0,0,0,0,0,0,0,0,1,0,0,0,0,0,1,0,0,1,1,0,1,1,0,0,0,0,0,0,1,1,0,0,1,1,0,0,1,1,1,0,1,0,0,1
259822071,0.0,1.24,1576,-10000,-10000,-10000,-10000,-25000,-25000,-25000,-25000,900,900,900,900,0,0,0,0,0,0,0,0,0,0,0,0,0,0,0,0,0,0,0,0,0,0,1,0,0,0,0,0,1,0,0,1,1,0,1,1,0,0,0,0,0,0,1,1,0,0,1,1,0,0,1,1,1,0,1,0,0,1
260846027,0.002,1.248,1576,-10000,-10000,-10000,-10000,-25000,-25000,-25000,-25000,900,900,900,900,0,0,0,0,0,0,0,0,0,0,0,0,0,0,0,0,0,0,0,0,0,0,1,0,0,0,0,0,1,0,0,1,1,0,1,1,0,0,0,0,0,0,1,1,0,0,1,1,0,0,1,1,1,0,1,0,0,1
261868075,0.0,1.2520001,1576,-10000,-10000,-10000,-10000,-25000,-25000,-25000,-25000,900,900,900,900,0,0,0,0,0,0,0,0,0,0,0,0,0,0,0,0,0,0,0,0,0,0,1,0,0,0,0,0,1,0,0,1,1,0,1,1,0,0,0,0,0,0,1,1,0,0,1,1,0,0,1,1,1,0,1,0,0,1
262889585,0.0,1.2540001,1576,-10000,-10000,-10000,-10000,-25000,-25000,-25000,-25000,900,900,900,900,0,0,0,0,0,0,0,0,0,0,0,0,0,0,0,0,0,0,0,0,0,0,1,0,0,0,0,0,1,0,0,1,1,0,1,1,0,0,0,0,0,0,1,1,0,0,1,1,0,0,1,1,1,0,1,0,0,1
263910907,0.002,1.2490001,1576,-10000,-10000,-10000,-10000,-25000,-25000,-25000,-25000,900,900,900,900,0,0,0,0,0,0,0,0,0,0,0,0,0,0,0,0,0,0,0,0,0,0,1,0,0,0,0,0,1,0,0,1,1,0,1,1,0,0,0,0,0,0,1,1,0,0,1,1,0,0,1,1,1,0,1,0,0,1
264918400,0.0,1.2390001,1576,-10000,-10000,-10000,-10000,-25000,-25000,-25000,-25000,900,900,900,900,0,0,0,0,0,0,0,0,0,0,0,0,0,0,0,0,0,0,0,0,0,0,1,0,0,0,0,0,1,0,0,1,1,0,1,1,0,0,0,0,0,0,1,1,0,0,1,1,0,0,1,1,1,0,1,0,0,1
265933981,0.002,1.243,1576,-10000,-10000,-10000,-10000,-25000,-25000,-25000,-25000,900,900,900,900,0,0,0,0,0,0,0,0,0,0,0,0,0,0,0,0,0,0,0,0,0,0,1,0,0,0,0,0,1,0,0,1,1,0,1,1,0,0,0,0,0,0,1,1,0,0,1,1,0,0,1,1,1,0,1,0,0,1
266938459,0.002,1.095,1576,-10000,-10000,-10000,-10000,-25000,-25000,-25000,-25000,900,900,900,900,0,0,0,0,0,0,0,0,0,0,0,0,0,0,0,0,0,0,0,0,0,0,1,0,0,0,0,0,1,0,0,1,1,0,1,1,0,0,0,0,0,0,1,1,0,0,1,1,0,0,1,1,1,0,1,0,0,1
267954027,0.0,1.256,1576,-10000,-10000,-10000,-10000,-25000,-25000,-25000,-25000,900,900,900,900,0,0,0,0,0,0,0,0,0,0,0,0,0,0,0,0,0,0,0,0,0,0,1,0,0,0,0,0,1,0,0,1,1,0,1,1,0,0,0,0,0,0,1,1,0,0,1,1,0,0,1,1,1,0,1,0,0,1
268422009,0.0,1.2620001,1576,-10000,-10000,-10000,-10000,-25000,-25000,-25000,-25000,900,900,900,900,0,0,0,0,0,0,0,0,0,0,0,0,0,0,0,0,0,0,0,0,0,0,1,0,0,0,0,0,1,0,0,1,1,0,1,1,0,0,0,0,0,0,1,1,0,0,1,0,0,0,1,1,1,0,1,0,0,1
