timestamp,timestamp_sample,q[0],q[1],q[2],q[3],delta_q_reset[0],delta_q_reset[1],delta_q_reset[2],delta_q_reset[3],quat_reset_counter
33366017,33365755,0.9998687,0.009612859,-0.0064880266,-0.011319425,0.99987245,-1.3224058e-11,9.536187e-11,-0.01597456,1
33370072,33369771,0.9998691,0.009601207,-0.0064292257,-0.011333862,0.99987245,-1.3224058e-11,9.536187e-11,-0.01597456,1
33865492,33865233,0.9999198,0.008715015,-0.0064964546,-0.006512833,0.9999999,9.841441e-10,6.9424977e-10,-0.00051576976,2
34365308,34365036,0.99990374,0.0086109545,-0.007722132,-0.007675515,0.9999999,9.841441e-10,6.9424977e-10,-0.00051576976,2
34866041,34865675,0.99991244,0.0075704544,-0.009470982,-0.0053048255,0.9999999,9.841441e-10,6.9424977e-10,-0.00051576976,2
35369450,35369190,0.9999064,0.006626317,-0.008986288,-0.00791127,0.9999999,9.841441e-10,6.9424977e-10,-0.00051576976,2
35869564,35869307,0.99995303,0.0042653936,-0.008281253,-0.0027015698,0.9999999,9.841441e-10,6.9424977e-10,-0.00051576976,2
36370146,36369877,0.9999804,0.0038334667,-0.0025881433,-0.004227082,0.9999999,9.841441e-10,6.9424977e-10,-0.00051576976,2
36865929,36865668,0.99998116,0.0059376108,-0.0011367077,-0.0010885721,0.9999999,9.841441e-10,6.9424977e-10,-0.00051576976,2
37366064,37365797,0.99997365,0.0068553025,0.0013990648,-0.0019534777,0.9999999,9.841441e-10,6.9424977e-10,-0.00051576976,2
37865661,37865393,0.9999751,0.0066677667,-0.00033868375,-0.0023229364,0.9999999,9.841441e-10,6.9424977e-10,-0.00051576976,2
38366110,38365852,0.9999792,0.0056520184,-0.0031404737,-0.00013564025,0.9999999,9.841441e-10,6.9424977e-10,-0.00051576976,2
38866512,38866140,0.9999942,0.002671888,-0.0021367725,-0.00023453591,0.9999999,9.841441e-10,6.9424977e-10,-0.00051576976,2
39369506,39369250,0.99999654,0.0018625759,-0.0017673362,0.00069095404,0.9999999,9.841441e-10,6.9424977e-10,-0.00051576976,2
39870271,39870007,0.99999243,-0.0018532743,0.0027379426,-0.0020762635,0.9999999,9.841441e-10,6.9424977e-10,-0.00051576976,2
40367078,40366815,0.9999801,-0.0021725583,0.002293318,-0.005476128,0.9999999,9.841441e-10,6.9424977e-10,-0.00051576976,2
40866345,40866082,0.99999017,0.00068480655,-0.0012014485,-0.0042190854,0.9999999,9.841441e-10,6.9424977e-10,-0.00051576976,2
41365672,41365403,0.9999809,-0.00084857777,-0.003984448,-0.0046441546,0.9999999,9.841441e-10,6.9424977e-10,-0.00051576976,2
41866290,41865958,0.9999847,-0.00062411075,-0.0044128597,-0.0032837456,0.9999999,9.841441e-10,6.9424977e-10,-0.00051576976,2
42366240,42365974,0.99998146,-0.0016683297,-0.0049072998,-0.003184641,0.9999999,9.841441e-10,6.9424977e-10,-0.00051576976,2
42870149,42869881,0.99997336,-0.0026147577,-0.0065913885,-0.0017252292,0.9999999,9.841441e-10,6.9424977e-10,-0.00051576976,2
43370536,43370274,0.9999717,-0.0016480484,-0.006643571,-0.0031587093,0.9999999,9.841441e-10,6.9424977e-10,-0.00051576976,2
43865730,43865462,0.9999594,-0.00048607992,-0.0076698717,-0.004708555,0.9999999,9.841441e-10,6.9424977e-10,-0.00051576976,2
44365609,44365345,0.9999587,0.00053517567,-0.008022931,-0.004256112,0.9999999,9.841441e-10,6.9424977e-10,-0.00051576976,2
44866171,44865903,0.9999802,0.00096082233,-0.0062256595,-0.0003790234,0.9999999,9.841441e-10,6.9424977e-10,-0.00051576976,2
45365644,45365379,0.99999475,-0.0008614225,-0.0024700013,-0.001974947,0.9999999,9.841441e-10,6.9424977e-10,-0.00051576976,2
45866493,45866111,0.9999872,-0.001503408,-0.0023417415,-0.0042471443,0.9999999,9.841441e-10,6.9424977e-10,-0.00051576976,2
46370255,46369984,0.9999877,-0.0028395073,-0.0036136457,-0.0018812566,0.9999999,9.841441e-10,6.9424977e-10,-0.00051576976,2
46870535,46870278,0.9999617,-0.0042563723,-0.006374144,-0.004236691,0.9999999,9.841441e-10,6.9424977e-10,-0.00051576976,2
47366419,47366153,0.9999522,-0.002583533,-0.008185088,-0.004695754,0.9999999,9.841441e-10,6.9424977e-10,-0.00051576976,2
47865850,47865583,0.99996525,-0.0055546593,-0.0018116422,-0.0059535396,0.9999999,9.841441e-10,6.9424977e-10,-0.00051576976,2
48366491,48366227,0.99992234,-0.009785223,-0.006679878,-0.0038774598,0.9999999,9.841441e-10,6.9424977e-10,-0.00051576976,2
48866427,48866163,0.9999154,-0.009003933,-0.009120532,-0.0022409584,0.9999999,9.841441e-10,6.9424977e-10,-0.00051576976,2
49361765,49361502,0.99991435,-0.009241873,-0.00828362,-0.0041597406,0.99995446,1.2974818e-10,-3.827073e-10,-0.009548696,3
49869976,49869717,0.999922,-0.005156419,-0.011213523,-0.001943652,0.99995446,1.2974818e-10,-3.827073e-10,-0.009548696,3
50370595,50370336,0.999893,-0.0064890883,-0.011257958,-0.006726702,0.99995446,1.2974818e-10,-3.827073e-10,-0.009548696,3
50866528,50866265,0.99992365,-0.0052717505,-0.010909489,-0.0024592339,0.99995446,1.2974818e-10,-3.827073e-10,-0.009548696,3
51366142,51365879,0.9999386,-0.00055311806,-0.010676867,-0.0029099719,0.99995446,1.2974818e-10,-3.827073e-10,-0.009548696,3
51866490,51866219,0.9999297,0.000691116,-0.011211578,-0.003803437,0.99995446,1.2974818e-10,-3.827073e-10,-0.009548696,3
52366971,52366703,0.99993145,0.0012126244,-0.010863122,-0.004192968,0.99995446,1.2974818e-10,-3.827073e-10,-0.009548696,3
52866652,52866388,0.9999629,3.6372763e-05,-0.007958324,-0.0033013402,0.99995446,1.2974818e-10,-3.827073e-10,-0.009548696,3
53370209,53369938,0.99996006,-0.00393857,-0.006689188,-0.0044405134,0.99995446,1.2974818e-10,-3.827073e-10,-0.009548696,3
53870582,53870324,0.99997073,-0.0022015239,-0.0064490503,-0.0034956697,0.99995446,1.2974818e-10,-3.827073e-10,-0.009548696,3
54366390,54366127,0.99994695,0.0029333069,-0.0087261265,-0.0046350895,0.99995446,1.2974818e-10,-3.827073e-10,-0.009548696,3
54866006,54865745,0.999954,0.0011677443,-0.008749075,-0.0037729996,0.99995446,1.2974818e-10,-3.827073e-10,-0.009548696,3
55366715,55366446,0.99994624,0.0021853226,-0.009629639,-0.0031753043,0.99995446,1.2974818e-10,-3.827073e-10,-0.009548696,3
55866342,55866084,0.99996,0.0011748358,-0.008149479,-0.003504721,0.99995446,1.2974818e-10,-3.827073e-10,-0.009548696,3
56366171,56365909,0.9999451,4.091596e-05,-0.0101628145,-0.0025516504,0.99995446,1.2974818e-10,-3.827073e-10,-0.009548696,3
56867125,56866866,0.99982363,0.0024821542,-0.017693795,-0.0058038393,0.99995446,1.2974818e-10,-3.827073e-10,-0.009548696,3
57366808,57366543,0.99970716,0.0005297281,-0.023728628,-0.004740499,0.99995446,1.2974818e-10,-3.827073e-10,-0.009548696,3
57866883,57866621,0.9997292,-0.0018770779,-0.022779286,-0.0043641045,0.99995446,1.2974818e-10,-3.827073e-10,-0.009548696,3
58367013,58366751,0.9995653,-0.0007476923,-0.028986137,-0.0053459476,0.99995446,1.2974818e-10,-3.827073e-10,-0.009548696,3
58866909,58866636,0.9994312,-0.0046050833,-0.032868817,-0.0059863166,0.99995446,1.2974818e-10,-3.827073e-10,-0.009548696,3
59366765,59366500,0.99953705,-0.0033917222,-0.029781442,-0.0052243224,0.99995446,1.2974818e-10,-3.827073e-10,-0.009548696,3
59867078,59866819,0.9995661,-0.007202733,-0.02812797,-0.00496046,0.99995446,1.2974818e-10,-3.827073e-10,-0.009548696,3
60367156,60366890,0.9997507,-0.0061593405,-0.020908006,-0.004855351,0.99995446,1.2974818e-10,-3.827073e-10,-0.009548696,3
60866824,60866562,0.99982476,-0.0062144203,-0.016440455,-0.0064562554,0.99995446,1.2974818e-10,-3.827073e-10,-0.009548696,3
61366963,61366700,0.9998185,-0.005611273,-0.016267922,-0.008182912,0.99995446,1.2974818e-10,-3.827073e-10,-0.009548696,3
61855959,61855703,0.9998024,-0.00619102,-0.017954193,-0.005875185,0.99995446,1.2974818e-10,-3.827073e-10,-0.009548696,3
62366762,62366490,0.9998235,-0.0057913456,-0.017172975,-0.0049587977,0.99995446,1.2974818e-10,-3.827073e-10,-0.009548696,3
62866689,62866424,0.99986607,-0.011115992,-0.009737777,-0.0070452136,0.99995446,1.2974818e-10,-3.827073e-10,-0.009548696,3
63366655,63366381,0.9999137,-0.010977786,-0.0046425033,-0.0055319513,0.99995446,1.2974818e-10,-3.827073e-10,-0.009548696,3
63867085,63866822,0.9999617,-0.0057743867,-0.0021571163,-0.0062314756,0.99995446,1.2974818e-10,-3.827073e-10,-0.009548696,3
64370501,64370236,0.9999393,-0.004928301,-0.006257532,-0.007608983,0.99995446,1.2974818e-10,-3.827073e-10,-0.009548696,3
64867042,64866784,0.9999444,-0.003177788,-0.00858114,-0.0052607805,0.99995446,1.2974818e-10,-3.827073e-10,-0.009548696,3
65367257,65366991,0.99991447,-0.0049090628,-0.01011571,-0.006679675,0.99995446,1.2974818e-10,-3.827073e-10,-0.009548696,3
65866655,65866391,0.99994797,-0.0064217714,-0.0052780267,-0.0059267804,0.99995446,1.2974818e-10,-3.827073e-10,-0.009548696,3
66366714,66366449,0.99994856,-0.008604686,-0.0030317686,-0.0044418597,0.99995446,1.2974818e-10,-3.827073e-10,-0.009548696,3
66866897,66866639,0.99992466,-0.007777187,-0.0045499993,-0.008341271,0.99995446,1.2974818e-10,-3.827073e-10,-0.009548696,3
67367156,67366891,0.99996656,-0.005486049,-0.0010926728,-0.0059665903,0.99995446,1.2974818e-10,-3.827073e-10,-0.009548696,3
67870476,67870205,0.99997133,-0.0048393873,0.0019367719,-0.0054993723,0.99995446,1.2974818e-10,-3.827073e-10,-0.009548696,3
68367362,68367103,0.9999708,-0.0036276097,0.0015162337,-0.00654931,0.99995446,1.2974818e-10,-3.827073e-10,-0.009548696,3
68866783,68866517,0.9999567,-0.0053670644,0.0028579985,-0.0070462655,0.99995446,1.2974818e-10,-3.827073e-10,-0.009548696,3
69367112,69366847,0.9999497,-0.006677187,0.0028920001,-0.0069095804,0.99995446,1.2974818e-10,-3.827073e-10,-0.009548696,3
69867333,69867074,0.9999205,-0.010639078,0.0037953262,-0.0056208773,0.99995446,1.2974818e-10,-3.827073e-10,-0.009548696,3
70367259,70366993,0.99985665,-0.01342623,0.0074010016,-0.0071850023,0.99995446,1.2974818e-10,-3.827073e-10,-0.009548696,3
70867319,70867004,0.99978983,-0.01605342,0.010577867,-0.0071220314,0.99995446,1.2974818e-10,-3.827073e-10,-0.009548696,3
71367048,71366786,0.9997617,-0.01897341,0.007459365,-0.00780342,0.99995446,1.2974818e-10,-3.827073e-10,-0.009548696,3
71866830,71866565,0.9994139,-0.014856694,-0.0104982,0.028997673,0.99995446,1.2974818e-10,-3.827073e-10,-0.009548696,3
72367371,72367106,0.989107,-0.021531342,-0.11763343,0.08582619,0.99995446,1.2974818e-10,-3.827073e-10,-0.009548696,3
72867295,72867031,0.9865663,-0.020294974,-0.1525234,0.054878026,0.99995446,1.2974818e-10,-3.827073e-10,-0.009548696,3
73367032,73366773,0.9862181,-0.021341514,-0.15597007,0.050909083,0.99995446,1.2974818e-10,-3.827073e-10,-0.009548696,3
73866952,73866690,0.99461913,-0.0141941365,-0.085991986,0.056007516,0.99995446,1.2974818e-10,-3.827073e-10,-0.009548696,3
74367643,74367374,0.9972777,-0.023497997,-0.03611892,0.059837833,0.99995446,1.2974818e-10,-3.827073e-10,-0.009548696,3
74867643,74867374,0.9967371,-0.026532145,-0.049825747,0.05769443,0.99995446,1.2974818e-10,-3.827073e-10,-0.009548696,3
75367666,75367405,0.99681944,-0.02966869,-0.047690514,0.056537513,0.99995446,1.2974818e-10,-3.827073e-10,-0.009548696,3
75867462,75867199,0.9967628,-0.032758504,-0.05007535,0.053696353,0.99995446,1.2974818e-10,-3.827073e-10,-0.009548696,3
76367680,76367412,0.99705154,-0.03263091,-0.047271706,0.050881114,0.99995446,1.2974818e-10,-3.827073e-10,-0.009548696,3
76867063,76866796,0.9972462,-0.030323623,-0.04678619,0.04890401,0.99995446,1.2974818e-10,-3.827073e-10,-0.009548696,3
77367564,77367301,0.9975241,-0.036759526,-0.04058948,0.044125736,0.99995446,1.2974818e-10,-3.827073e-10,-0.009548696,3
77867767,77867497,0.99772537,-0.037032567,-0.040769372,0.038866207,0.99995446,1.2974818e-10,-3.827073e-10,-0.009548696,3
78367651,78367380,0.99780977,-0.03436327,-0.040514752,0.039414797,0.99995446,1.2974818e-10,-3.827073e-10,-0.009548696,3
78867182,78866920,0.9980301,-0.027894909,-0.04341618,0.03567814,0.99995446,1.2974818e-10,-3.827073e-10,-0.009548696,3
79367810,79367539,0.9982251,-0.026467288,-0.042102415,0.03276637,0.99995446,1.2974818e-10,-3.827073e-10,-0.009548696,3
79867737,79867464,0.9986746,-0.02478772,-0.040648185,0.019557424,0.99995446,1.2974818e-10,-3.827073e-10,-0.009548696,3
80367596,80367319,0.9988673,-0.019321084,-0.042598028,-0.008733373,0.99995446,1.2974818e-10,-3.827073e-10,-0.009548696,3
80867704,80867435,0.99737674,-0.052861188,-0.04052228,0.028343638,0.99995446,1.2974818e-10,-3.827073e-10,-0.009548696,3
81367811,81367539,0.99859864,-0.01324982,-0.04481958,0.024828797,0.99995446,1.2974818e-10,-3.827073e-10,-0.009548696,3
81867184,81866913,0.99846405,-0.012973892,-0.04767837,0.025061976,0.99995446,1.2974818e-10,-3.827073e-10,-0.009548696,3
82367433,82367169,0.9983645,-0.015403618,-0.049864806,0.023333948,0.99995446,1.2974818e-10,-3.827073e-10,-0.009548696,3
82867595,82867332,0.9983486,-0.016556794,-0.049764853,0.023439853,0.99995446,1.2974818e-10,-3.827073e-10,-0.009548696,3
83367299,83367035,0.99817157,-0.01754173,-0.05280877,0.023603944,0.99995446,1.2974818e-10,-3.827073e-10,-0.009548696,3
83867592,83867328,0.99823314,-0.018705409,-0.05112878,0.023803324,0.99995446,1.2974818e-10,-3.827073e-10,-0.009548696,3
84367477,84367208,0.99813825,-0.021003088,-0.050830364,0.02636901,0.99995446,1.2974818e-10,-3.827073e-10,-0.009548696,3
84868009,84867746,0.99824,-0.017774532,-0.051489912,0.023447698,0.99995446,1.2974818e-10,-3.827073e-10,-0.009548696,3
85367516,85367128,0.9980813,-0.021974282,-0.05268616,0.023982285,0.99995446,1.2974818e-10,-3.827073e-10,-0.009548696,3
85868079,85867822,0.99805593,-0.025107967,-0.05266501,0.021917874,0.99995446,1.2974818e-10,-3.827073e-10,-0.009548696,3
86367842,86367575,0.9980372,-0.028175684,-0.051263135,0.022361666,0.99995446,1.2974818e-10,-3.827073e-10,-0.009548696,3
86864072,86863812,0.9980848,-0.028018462,-0.050483145,0.022211134,0.99995446,1.2974818e-10,-3.827073e-10,-0.009548696,3
87367675,87367412,0.9982972,-0.02726218,-0.046577856,0.022137225,0.99995446,1.2974818e-10,-3.827073e-10,-0.009548696,3
87867607,87867345,0.9982255,-0.026589766,-0.04965561,0.019316278,0.99995446,1.2974818e-10,-3.827073e-10,-0.009548696,3
88367929,88367670,0.99809515,-0.023597606,-0.052575022,0.022027891,0.99995446,1.2974818e-10,-3.827073e-10,-0.009548696,3
88867712,88867447,0.99818,-0.021674607,-0.051635887,0.022376426,0.99995446,1.2974818e-10,-3.827073e-10,-0.009548696,3
89364064,89363806,0.99796164,-0.02139374,-0.056054216,0.021745399,0.99995446,1.2974818e-10,-3.827073e-10,-0.009548696,3
89867604,89867341,0.9980145,-0.019987024,-0.055214625,0.022781795,0.99995446,1.2974818e-10,-3.827073e-10,-0.009548696,3
90363786,90363521,0.9980009,-0.018489093,-0.05576199,0.02330118,0.99995446,1.2974818e-10,-3.827073e-10,-0.009548696,3
90863371,90863110,0.9981566,-0.019903759,-0.05293481,0.022026744,0.99995446,1.2974818e-10,-3.827073e-10,-0.009548696,3
91368041,91367772,0.9980491,-0.020636918,-0.0555019,0.019789457,0.99995446,1.2974818e-10,-3.827073e-10,-0.009548696,3
91867754,91867482,0.99793595,-0.019213453,-0.05764917,0.020769015,0.99995446,1.2974818e-10,-3.827073e-10,-0.009548696,3
92367960,92367702,0.9978515,-0.019966945,-0.057893775,0.023285946,0.99995446,1.2974818e-10,-3.827073e-10,-0.009548696,3
92863810,92863541,0.99794406,-0.020118346,-0.05745366,0.02005537,0.99995446,1.2974818e-10,-3.827073e-10,-0.009548696,3
93367830,93367568,0.9979306,-0.017178144,-0.058348414,0.020856792,0.99995446,1.2974818e-10,-3.827073e-10,-0.009548696,3
93868394,93868131,0.99790114,-0.014261918,-0.059565607,0.021023093,0.99995446,1.2974818e-10,-3.827073e-10,-0.009548696,3
94363910,94363647,0.99796045,-0.012987465,-0.058590747,0.021759408,0.99995446,1.2974818e-10,-3.827073e-10,-0.009548696,3
94868106,94867845,0.9980079,-0.0139041,-0.05738898,0.022214212,0.99995446,1.2974818e-10,-3.827073e-10,-0.009548696,3
95368179,95367910,0.9979409,-0.014443016,-0.058340352,0.0224002,0.99995446,1.2974818e-10,-3.827073e-10,-0.009548696,3
95868428,95868163,0.99807197,-0.017733434,-0.055978455,0.020108903,0.99995446,1.2974818e-10,-3.827073e-10,-0.009548696,3
96364421,96363980,0.99927264,-0.02016229,0.026448116,0.018662957,0.99995446,1.2974818e-10,-3.827073e-10,-0.009548696,3
96864120,96863852,0.9990614,-0.021257887,0.033459645,0.017460022,0.99995446,1.2974818e-10,-3.827073e-10,-0.009548696,3
97367711,97367444,0.99911755,-0.018788187,0.034312576,0.015296081,0.99995446,1.2974818e-10,-3.827073e-10,-0.009548696,3
97868503,97868240,0.9991948,-0.019587621,0.03149565,0.015299034,0.99995446,1.2974818e-10,-3.827073e-10,-0.009548696,3
98367896,98367627,0.99945295,-0.013150335,-0.01954673,0.02321317,0.99995446,1.2974818e-10,-3.827073e-10,-0.009548696,3
98867932,98867672,0.97492784,0.08142038,0.0196895,0.20615244,0.99995446,1.2974818e-10,-3.827073e-10,-0.009548696,3
99368355,99368090,0.8954885,0.10247431,0.015898917,0.4328356,0.99995446,1.2974818e-10,-3.827073e-10,-0.009548696,3
99864552,99864288,0.80054,0.0687464,-0.08091009,0.5897993,0.99995446,1.2974818e-10,-3.827073e-10,-0.009548696,3
100364597,100364335,0.76678276,0.077631615,-0.14639607,0.62014985,0.99995446,1.2974818e-10,-3.827073e-10,-0.009548696,3
100868270,100868005,0.8082615,0.020179646,-0.09125539,0.58135927,0.99995446,1.2974818e-10,-3.827073e-10,-0.009548696,3
101364281,101364022,0.80791944,-0.0011180665,-0.03805961,0.5880617,0.99995446,1.2974818e-10,-3.827073e-10,-0.009548696,3
101868698,101868431,0.8028044,0.007815222,-0.046509102,0.59437436,0.99995446,1.2974818e-10,-3.827073e-10,-0.009548696,3
102368490,102368225,0.80392605,0.011891822,-0.046122346,0.5928188,0.99995446,1.2974818e-10,-3.827073e-10,-0.009548696,3
102868735,102868469,0.80459243,0.0128177125,-0.042582568,0.59216005,0.99995446,1.2974818e-10,-3.827073e-10,-0.009548696,3
103364616,103364353,0.8036888,0.01035441,-0.04433615,0.5933054,0.99995446,1.2974818e-10,-3.827073e-10,-0.009548696,3
103868050,103867791,0.8040893,0.011321105,-0.043209665,0.5928281,0.99995446,1.2974818e-10,-3.827073e-10,-0.009548696,3
104368167,104367896,0.80362964,0.013411783,-0.042896926,0.5934301,0.99995446,1.2974818e-10,-3.827073e-10,-0.009548696,3
104868768,104868507,0.80409783,0.011517039,-0.04196911,0.5929018,0.99995446,1.2974818e-10,-3.827073e-10,-0.009548696,3
105368081,105367817,0.80420715,0.012280843,-0.042140774,0.5927262,0.99995446,1.2974818e-10,-3.827073e-10,-0.009548696,3
105868571,105868306,0.80818105,0.057475872,-0.04838465,0.58412236,0.99995446,1.2974818e-10,-3.827073e-10,-0.009548696,3
106368658,106368393,0.83579755,0.009019147,-0.04241574,0.5473227,0.99995446,1.2974818e-10,-3.827073e-10,-0.009548696,3
106864689,106864427,0.8293959,-0.010931631,-0.03856276,0.5572216,0.99995446,1.2974818e-10,-3.827073e-10,-0.009548696,3
107364716,107364444,0.8200453,5.6696314e-05,-0.03757657,0.5710639,0.99995446,1.2974818e-10,-3.827073e-10,-0.009548696,3
107864171,107863889,0.8160499,0.013896212,-0.033399835,0.57684845,0.99995446,1.2974818e-10,-3.827073e-10,-0.009548696,3
108368693,108368429,0.8140731,0.020032197,-0.03294159,0.57948136,0.99995446,1.2974818e-10,-3.827073e-10,-0.009548696,3
108868872,108868575,0.81167233,0.022983866,-0.03753698,0.58245236,0.99995446,1.2974818e-10,-3.827073e-10,-0.009548696,3
109368806,109368540,0.8097359,0.018946214,-0.03690581,0.58532625,0.99995446,1.2974818e-10,-3.827073e-10,-0.009548696,3
109868575,109868315,0.80701905,0.01744186,-0.04311265,0.58869123,0.99995446,1.2974818e-10,-3.827073e-10,-0.009548696,3
110364754,110364491,0.8068899,0.014621627,-0.041866887,0.58903486,0.99995446,1.2974818e-10,-3.827073e-10,-0.009548696,3
110865160,110864896,0.8066865,0.015729677,-0.041203093,0.5893315,0.99995446,1.2974818e-10,-3.827073e-10,-0.009548696,3
111361182,111360911,0.80518275,0.013237331,-0.04108106,0.5914542,0.99995446,1.2974818e-10,-3.827073e-10,-0.009548696,3
111865159,111864893,0.8036145,0.011301274,-0.039178196,0.5937517,0.99995446,1.2974818e-10,-3.827073e-10,-0.009548696,3
112368757,112368486,0.8047085,0.0130772665,-0.038793962,0.592257,0.99995446,1.2974818e-10,-3.827073e-10,-0.009548696,3
112869271,112869009,0.8036426,0.014950877,-0.035192974,0.5938828,0.99995446,1.2974818e-10,-3.827073e-10,-0.009548696,3
113370088,113369827,0.8028402,0.013788283,-0.037318062,0.5948654,0.99995446,1.2974818e-10,-3.827073e-10,-0.009548696,3
113869139,113868864,0.8037123,0.0130328145,-0.03903381,0.59359336,0.99995446,1.2974818e-10,-3.827073e-10,-0.009548696,3
114364789,114364515,0.803295,0.016533706,-0.039856885,0.5940163,0.99995446,1.2974818e-10,-3.827073e-10,-0.009548696,3
114864955,114864697,0.80203086,0.018223321,-0.03983125,0.5956744,0.99995446,1.2974818e-10,-3.827073e-10,-0.009548696,3
115369057,115368787,0.79896605,0.028204286,0.02349427,0.6002548,0.99995446,1.2974818e-10,-3.827073e-10,-0.009548696,3
115869193,115868929,0.73911,-0.01245032,0.06135552,0.670669,0.99995446,1.2974818e-10,-3.827073e-10,-0.009548696,3
116368522,116368262,0.7312082,-0.0071642916,0.032711808,0.68133193,0.99995446,1.2974818e-10,-3.827073e-10,-0.009548696,3
116868523,116868273,0.76574665,0.006529326,0.01580141,0.6429151,0.99995446,1.2974818e-10,-3.827073e-10,-0.009548696,3
117364599,117364338,0.7846047,0.004203573,0.007027411,0.6199423,0.99995446,1.2974818e-10,-3.827073e-10,-0.009548696,3
117864618,117864362,0.788238,0.0020900806,0.0047974596,0.61534834,0.99995446,1.2974818e-10,-3.827073e-10,-0.009548696,3
118364749,118364485,0.78963536,-0.0014507015,0.0030621581,0.6135672,0.99995446,1.2974818e-10,-3.827073e-10,-0.009548696,3
118868719,118868455,0.79787296,-0.0074455575,0.0025344954,0.6027744,0.99995446,1.2974818e-10,-3.827073e-10,-0.009548696,3
119369211,119368946,0.8581027,-0.009391075,0.0037895162,0.5133782,0.99995446,1.2974818e-10,-3.827073e-10,-0.009548696,3
119868989,119868728,0.9547014,-0.0038314562,0.004321849,0.29750952,0.99995446,1.2974818e-10,-3.827073e-10,-0.009548696,3
120369213,120368955,0.99510443,-0.042296406,-0.067937285,-0.057989273,0.99995446,1.2974818e-10,-3.827073e-10,-0.009548696,3
120865333,120865018,0.91733885,-0.039114732,-0.05852406,-0.39183465,0.99995446,1.2974818e-10,-3.827073e-10,-0.009548696,3
121365177,121364918,0.86399287,-0.024088647,-0.027781418,-0.5021597,0.99995446,1.2974818e-10,-3.827073e-10,-0.009548696,3
121864840,121864574,0.9108113,-0.015096571,-0.011324195,-0.41239157,0.99995446,1.2974818e-10,-3.827073e-10,-0.009548696,3
122368608,122368346,0.98615295,-0.010430038,-0.0073167277,-0.16534878,0.99995446,1.2974818e-10,-3.827073e-10,-0.009548696,3
122869080,122868794,0.9935845,-0.009963593,-0.003568763,-0.1125956,0.99995446,1.2974818e-10,-3.827073e-10,-0.009548696,3
123369207,123368943,0.9972846,-0.0015719342,0.016156971,-0.07183363,0.99995446,1.2974818e-10,-3.827073e-10,-0.009548696,3
123869740,123869478,0.9879987,-0.03893485,-0.026657237,-0.14707826,0.99995446,1.2974818e-10,-3.827073e-10,-0.009548696,3
124369877,124369608,0.9856377,-0.0046077496,-0.09176159,-0.14169328,0.99995446,1.2974818e-10,-3.827073e-10,-0.009548696,3
124865534,124865270,0.9961579,0.03424649,-0.038740736,-0.07068234,0.99995446,1.2974818e-10,-3.827073e-10,-0.009548696,3
125365652,125365388,0.9812061,0.031999078,0.00649353,0.19018011,0.99995446,1.2974818e-10,-3.827073e-10,-0.009548696,3
125865384,125865116,0.8991213,0.10318873,0.009469816,0.42525703,0.99995446,1.2974818e-10,-3.827073e-10,-0.009548696,3
126369350,126369082,0.8095577,0.057172943,-0.031951718,0.5833753,0.99995446,1.2974818e-10,-3.827073e-10,-0.009548696,3
126869427,126869163,0.7386611,0.07254026,-0.13925894,0.65553397,0.99995446,1.2974818e-10,-3.827073e-10,-0.009548696,3
127369468,127369204,0.7839759,0.091289684,-0.113946214,0.60337746,0.99995446,1.2974818e-10,-3.827073e-10,-0.009548696,3
127865520,127865256,0.8066776,0.012040304,-0.06176109,0.5876325,0.99995446,1.2974818e-10,-3.827073e-10,-0.009548696,3
128365070,128364808,0.80090284,0.01229953,-0.02772139,0.59802574,0.99995446,1.2974818e-10,-3.827073e-10,-0.009548696,3
128864924,128864660,0.7982745,0.02659303,-0.02722653,0.6010901,0.99995446,1.2974818e-10,-3.827073e-10,-0.009548696,3
129365185,129364929,0.8003817,0.032331094,-0.029455647,0.5978933,0.99995446,1.2974818e-10,-3.827073e-10,-0.009548696,3
129865459,129865197,0.80006975,0.033749573,-0.028257765,0.5982899,0.99995446,1.2974818e-10,-3.827073e-10,-0.009548696,3
130369639,130369370,0.80040103,0.031912155,-0.024876622,0.59809786,0.99995446,1.2974818e-10,-3.827073e-10,-0.009548696,3
130869770,130869500,0.8013009,0.026502065,-0.017572057,0.5974159,0.99995446,1.2974818e-10,-3.827073e-10,-0.009548696,3
131369483,131369202,0.80072516,0.02428732,-0.013765525,0.59838104,0.99995446,1.2974818e-10,-3.827073e-10,-0.009548696,3
131865607,131865350,0.8010361,0.019550279,-0.0127896685,0.5981601,0.99995446,1.2974818e-10,-3.827073e-10,-0.009548696,3
132365657,132365388,0.80197924,0.018945137,-0.010675907,0.5969561,0.99995446,1.2974818e-10,-3.827073e-10,-0.009548696,3
132869232,132868951,0.8005673,0.019344658,-0.009682645,0.5988523,0.99995446,1.2974818e-10,-3.827073e-10,-0.009548696,3
133369521,133369259,0.8007684,0.018002527,-0.011326947,0.5985965,0.99995446,1.2974818e-10,-3.827073e-10,-0.009548696,3
133869643,133869375,0.80264026,0.018720001,-0.010617099,0.59607524,0.99995446,1.2974818e-10,-3.827073e-10,-0.009548696,3
134369819,134369551,0.8015142,0.015654366,-0.009205984,0.5977,0.99995446,1.2974818e-10,-3.827073e-10,-0.009548696,3
134869669,134869402,0.80042475,0.020719348,-0.009876173,0.59899366,0.99995446,1.2974818e-10,-3.827073e-10,-0.009548696,3
135365860,135365593,0.8017449,0.020950599,-0.010081672,0.59721404,0.99995446,1.2974818e-10,-3.827073e-10,-0.009548696,3
135865767,135865504,0.7862903,-0.018150246,0.0009813233,0.61758983,0.99995446,1.2974818e-10,-3.827073e-10,-0.009548696,3
136365733,136365457,0.7600096,0.028561482,-0.007971674,0.64923507,0.99995446,1.2974818e-10,-3.827073e-10,-0.009548696,3
136869733,136869457,0.76719165,0.04151093,6.682955e-05,0.6400734,0.99995446,1.2974818e-10,-3.827073e-10,-0.009548696,3
137369531,137369273,0.77527434,0.032691214,-0.006915194,0.6307402,0.99995446,1.2974818e-10,-3.827073e-10,-0.009548696,3
137869736,137869469,0.7829472,0.019823369,-0.0091154715,0.6217055,0.99995446,1.2974818e-10,-3.827073e-10,-0.009548696,3
138366044,138365786,0.7884797,0.014751089,-0.012961306,0.61474735,0.99995446,1.2974818e-10,-3.827073e-10,-0.009548696,3
138865925,138865662,0.79329044,-0.030286014,0.026190137,0.6075255,0.99995446,1.2974818e-10,-3.827073e-10,-0.009548696,3
139365732,139365465,0.7959512,-0.03988876,0.04279612,0.60252726,0.99995446,1.2974818e-10,-3.827073e-10,-0.009548696,3
139866016,139865638,0.79841065,-0.040298507,0.0527568,0.5984423,0.99995446,1.2974818e-10,-3.827073e-10,-0.009548696,3
140369541,140369282,0.7966088,-0.037288684,0.058190167,0.6005314,0.99995446,1.2974818e-10,-3.827073e-10,-0.009548696,3
140870145,140869881,0.782463,-0.030833537,0.07780789,0.61704695,0.99995446,1.2974818e-10,-3.827073e-10,-0.009548696,3
141370176,141369911,0.6168184,0.07120507,0.121394046,0.77442133,0.99995446,1.2974818e-10,-3.827073e-10,-0.009548696,3
141866234,141865976,0.42559108,0.056961663,0.049604695,0.90175784,0.99995446,1.2974818e-10,-3.827073e-10,-0.009548696,3
142366318,142366000,0.24721636,0.011449239,0.015367097,0.96877086,0.99995446,1.2974818e-10,-3.827073e-10,-0.009548696,3
142866035,142865773,0.16112201,0.04969577,-0.014708669,0.9855729,0.99995446,1.2974818e-10,-3.827073e-10,-0.009548696,3
143366450,143366182,0.21700585,0.14772058,0.004784671,0.9649167,0.99995446,1.2974818e-10,-3.827073e-10,-0.009548696,3
143866137,143865872,0.22339313,0.1359111,-0.0074244966,0.9651781,0.99995446,1.2974818e-10,-3.827073e-10,-0.009548696,3
144369786,144369501,0.2242441,0.03931744,-0.013061338,0.973652,0.99995446,1.2974818e-10,-3.827073e-10,-0.009548696,3
144869904,144869646,0.22594489,0.035863373,-0.01811591,0.9733111,0.99995446,1.2974818e-10,-3.827073e-10,-0.009548696,3
145366174,145365902,0.22781402,0.044072025,-0.019289237,0.97251546,0.99995446,1.2974818e-10,-3.827073e-10,-0.009548696,3
145865654,145865390,0.22497804,0.04351528,-0.016979167,0.9732436,0.99995446,1.2974818e-10,-3.827073e-10,-0.009548696,3
146366141,146365875,0.22786586,0.04278528,-0.015225255,0.97263294,0.99995446,1.2974818e-10,-3.827073e-10,-0.009548696,3
146866228,146865916,0.22637238,0.04508475,-0.018127192,0.972828,0.99995446,1.2974818e-10,-3.827073e-10,-0.009548696,3
147366135,147365871,0.22863406,0.0443135,-0.018352654,0.9723303,0.99995446,1.2974818e-10,-3.827073e-10,-0.009548696,3
147866408,147866143,0.22891845,0.04316916,-0.019623606,0.9722899,0.99995446,1.2974818e-10,-3.827073e-10,-0.009548696,3
148369921,148369662,0.22843784,0.043770123,-0.02115408,0.97234404,0.99995446,1.2974818e-10,-3.827073e-10,-0.009548696,3
148866011,148865750,0.22895852,0.04579173,-0.01809239,0.97219026,0.99995446,1.2974818e-10,-3.827073e-10,-0.009548696,3
149366249,149365988,0.23000817,0.04534868,-0.019458145,0.9719368,0.99995446,1.2974818e-10,-3.827073e-10,-0.009548696,3
149865745,149865477,0.22967944,0.04465283,-0.02206269,0.9719911,0.99995446,1.2974818e-10,-3.827073e-10,-0.009548696,3
150366309,150366045,0.23100463,0.0481617,-0.025059711,0.9714368,0.99995446,1.2974818e-10,-3.827073e-10,-0.009548696,3
150869738,150869464,0.23212461,0.046049852,-0.028786208,0.97116894,0.99995446,1.2974818e-10,-3.827073e-10,-0.009548696,3
151366450,151366190,0.23583849,0.046112247,-0.03306089,0.97013456,0.99995446,1.2974818e-10,-3.827073e-10,-0.009548696,3
151869987,151869706,0.23517758,0.0457958,-0.031032499,0.97037685,0.99995446,1.2974818e-10,-3.827073e-10,-0.009548696,3
152366365,152366101,0.2386671,0.044628497,-0.03122794,0.9695727,0.99995446,1.2974818e-10,-3.827073e-10,-0.009548696,3
152865988,152865728,0.23932907,0.04539966,-0.02988067,0.96941614,0.99995446,1.2974818e-10,-3.827073e-10,-0.009548696,3
153366539,153366281,0.24092032,0.047783695,-0.027534857,0.9689768,0.99995446,1.2974818e-10,-3.827073e-10,-0.009548696,3
153866424,153866165,0.24282454,0.048698653,-0.022115009,0.9685947,0.99995446,1.2974818e-10,-3.827073e-10,-0.009548696,3
154366545,154366284,0.24085365,0.050137535,-0.01868088,0.9690856,0.99995446,1.2974818e-10,-3.827073e-10,-0.009548696,3
154866516,154866254,0.24309978,0.048440576,-0.018113965,0.9686217,0.99995446,1.2974818e-10,-3.827073e-10,-0.009548696,3
155370359,155370092,0.24572931,0.050106864,-0.015755642,0.9679144,0.99995446,1.2974818e-10,-3.827073e-10,-0.009548696,3
155866446,155866182,0.24827512,0.04913445,-0.015383443,0.9673203,0.99995446,1.2974818e-10,-3.827073e-10,-0.009548696,3
156366858,156366592,0.25695306,0.04756494,-0.013167389,0.96516293,0.99995446,1.2974818e-10,-3.827073e-10,-0.009548696,3
156862975,156862711,0.27095312,0.04334878,-0.004692218,0.96160454,0.99995446,1.2974818e-10,-3.827073e-10,-0.009548696,3
157366697,157366433,0.2562517,0.037033327,-0.02278505,0.9656317,0.99995446,1.2974818e-10,-3.827073e-10,-0.009548696,3
157866918,157866654,0.2554466,0.038480364,-0.0020914718,0.96605486,0.99995446,1.2974818e-10,-3.827073e-10,-0.009548696,3
158366924,158366548,0.25711358,0.03963942,-0.0009651482,0.9655674,0.99995446,1.2974818e-10,-3.827073e-10,-0.009548696,3
158870361,158870095,0.25575843,0.042077385,-0.006482666,0.9658029,0.99995446,1.2974818e-10,-3.827073e-10,-0.009548696,3
159366650,159366382,0.2564501,0.04436271,-0.00862731,0.9655003,0.99995446,1.2974818e-10,-3.827073e-10,-0.009548696,3
159866794,159866526,0.2576583,0.04275708,-0.010194591,0.96523577,0.99995446,1.2974818e-10,-3.827073e-10,-0.009548696,3
160366184,160365912,0.2571401,0.04189962,-0.010060792,0.965413,0.99995446,1.2974818e-10,-3.827073e-10,-0.009548696,3
160866566,160866305,0.2572394,0.04294302,-0.010453199,0.9653365,0.99995446,1.2974818e-10,-3.827073e-10,-0.009548696,3
161366638,161366374,0.25613022,0.048958603,-0.010607199,0.9653435,0.99995446,1.2974818e-10,-3.827073e-10,-0.009548696,3
161867156,161866895,0.25911,0.0522296,-0.012887676,0.9643485,0.99995446,1.2974818e-10,-3.827073e-10,-0.009548696,3
162370746,162370472,0.25670832,0.055917747,-0.011092935,0.96480626,0.99995446,1.2974818e-10,-3.827073e-10,-0.009548696,3
162866893,162866634,0.2577049,0.05104195,-0.008929051,0.96483326,0.99995446,1.2974818e-10,-3.827073e-10,-0.009548696,3
163366757,163366493,0.25741106,0.04924124,-0.011117265,0.9649825,0.99995446,1.2974818e-10,-3.827073e-10,-0.009548696,3
163866716,163866447,0.2573402,0.050067615,-0.009170372,0.96497935,0.99995446,1.2974818e-10,-3.827073e-10,-0.009548696,3
164366716,164366450,0.25692225,0.04822238,-0.009028091,0.965186,0.99995446,1.2974818e-10,-3.827073e-10,-0.009548696,3
164866588,164866331,0.25583267,0.04922263,-0.0113745,0.96540016,0.99995446,1.2974818e-10,-3.827073e-10,-0.009548696,3
165366731,165366458,0.2587603,0.04724588,-0.013868119,0.9646858,0.99995446,1.2974818e-10,-3.827073e-10,-0.009548696,3
165870552,165870288,0.25779784,0.048407946,-0.014898344,0.9648705,0.99995446,1.2974818e-10,-3.827073e-10,-0.009548696,3
166370733,166370457,0.26085815,0.04854427,-0.015249573,0.96403533,0.99995446,1.2974818e-10,-3.827073e-10,-0.009548696,3
166867306,166866989,0.26268384,0.04876876,-0.0208488,0.9634232,0.99995446,1.2974818e-10,-3.827073e-10,-0.009548696,3
167367073,167366809,0.2640004,0.047466915,-0.023656998,0.9630634,0.99995446,1.2974818e-10,-3.827073e-10,-0.009548696,3
167867163,167866903,0.2648174,0.045693938,-0.024623862,0.9629006,0.99995446,1.2974818e-10,-3.827073e-10,-0.009548696,3
168367241,168366928,0.26597336,0.046765257,-0.023852583,0.96254987,0.99995446,1.2974818e-10,-3.827073e-10,-0.009548696,3
168867248,168866983,0.26901406,0.045526873,-0.023512151,0.96177226,0.99995446,1.2974818e-10,-3.827073e-10,-0.009548696,3
169370612,169370349,0.27274606,0.043117493,-0.02672586,0.9607478,0.99995446,1.2974818e-10,-3.827073e-10,-0.009548696,3
169867406,169867143,0.2774024,0.040764064,-0.027172752,0.959504,0.99995446,1.2974818e-10,-3.827073e-10,-0.009548696,3
170367154,170366885,0.28492394,0.0074352934,-0.015159671,0.9584014,0.99995446,1.2974818e-10,-3.827073e-10,-0.009548696,3
170867281,170867017,0.28659818,-0.041574683,-0.0009904681,0.95714796,0.99995446,1.2974818e-10,-3.827073e-10,-0.009548696,3
171367479,171367214,0.29248965,-0.04328936,0.00041098872,0.95528835,0.99995446,1.2974818e-10,-3.827073e-10,-0.009548696,3
171866988,171866729,0.31176925,-0.05069562,0.003871307,0.94879663,0.99995446,1.2974818e-10,-3.827073e-10,-0.009548696,3
172367157,172366892,0.34044847,-0.05503007,-0.008329019,0.9386145,0.99995446,1.2974818e-10,-3.827073e-10,-0.009548696,3
172867111,172866844,0.38752353,-0.04917212,-0.014491879,0.9204334,0.99995446,1.2974818e-10,-3.827073e-10,-0.009548696,3
173367096,173366835,0.30898717,-0.034300257,0.060601804,0.94851357,0.99995446,1.2974818e-10,-3.827073e-10,-0.009548696,3
173867051,173866789,0.040044747,-0.017416876,0.07010225,0.99658364,0.99995446,1.2974818e-10,-3.827073e-10,-0.009548696,3
174367270,174366948,-0.1698473,-0.007002186,0.01171375,0.9853759,0.99995446,1.2974818e-10,-3.827073e-10,-0.009548696,3
174867320,174867052,-0.34926543,-0.0025468182,0.02066687,0.9367925,0.99995446,1.2974818e-10,-3.827073e-10,-0.009548696,3
175367368,175367100,-0.48347127,0.08781658,0.03698006,0.87015873,0.99995446,1.2974818e-10,-3.827073e-10,-0.009548696,3
175866594,175866330,-0.43322194,0.14328517,0.111236,0.8828447,0.99995446,1.2974818e-10,-3.827073e-10,-0.009548696,3
176367424,176367052,-0.41258773,0.13156931,0.074968845,0.8982431,0.99995446,1.2974818e-10,-3.827073e-10,-0.009548696,3
176867634,176867369,-0.4225445,0.028320368,0.017553579,0.9057296,0.99995446,1.2974818e-10,-3.827073e-10,-0.009548696,3
177366976,177366710,-0.42327154,0.03904298,0.015618086,0.90502656,0.99995446,1.2974818e-10,-3.827073e-10,-0.009548696,3
177867126,177866868,-0.42344537,0.0488348,0.009919831,0.90455014,0.99995446,1.2974818e-10,-3.827073e-10,-0.009548696,3
178367576,178367317,-0.42113638,0.05073755,0.00979896,0.9055242,0.99995446,1.2974818e-10,-3.827073e-10,-0.009548696,3
178866935,178866672,-0.42171004,0.05242554,0.0051340023,0.90519935,0.99995446,1.2974818e-10,-3.827073e-10,-0.009548696,3
179367303,179367042,-0.42230034,0.054673944,0.007934559,0.90477085,0.99995446,1.2974818e-10,-3.827073e-10,-0.009548696,3
179867751,179867483,-0.42208788,0.05182474,0.011293472,0.90500194,0.99995446,1.2974818e-10,-3.827073e-10,-0.009548696,3
180367382,180367117,-0.42175215,0.05079324,0.014184357,0.9051762,0.99995446,1.2974818e-10,-3.827073e-10,-0.009548696,3
180867418,180867153,-0.42363122,0.048594896,0.016598871,0.904378,0.99995446,1.2974818e-10,-3.827073e-10,-0.009548696,3
181367483,181367219,-0.42335984,0.04835924,0.014396224,0.90455556,0.99995446,1.2974818e-10,-3.827073e-10,-0.009548696,3
181867824,181867560,-0.42330468,0.051303927,0.014294165,0.9044208,0.99995446,1.2974818e-10,-3.827073e-10,-0.009548696,3
182367857,182367578,-0.4231721,0.05333815,0.012335798,0.9043939,0.99995446,1.2974818e-10,-3.827073e-10,-0.009548696,3
182867547,182867289,-0.42229673,0.05343126,0.012919994,0.90478927,0.99995446,1.2974818e-10,-3.827073e-10,-0.009548696,3
183367650,183367382,-0.42067078,0.053256534,0.011687287,0.9055735,0.99995446,1.2974818e-10,-3.827073e-10,-0.009548696,3
183867507,183867249,-0.42101708,0.053515904,0.0128221465,0.9053819,0.99995446,1.2974818e-10,-3.827073e-10,-0.009548696,3
184367566,184367310,-0.42217737,0.052265324,0.015855778,0.90486646,0.99995446,1.2974818e-10,-3.827073e-10,-0.009548696,3
184867724,184867455,-0.42278516,0.05100018,0.016737703,0.9046389,0.99995446,1.2974818e-10,-3.827073e-10,-0.009548696,3
185367993,185367694,-0.41647565,0.01886952,0.02872176,0.90849715,0.99995446,1.2974818e-10,-3.827073e-10,-0.009548696,3
185867289,185867028,-0.38510135,0.05110216,0.015076689,0.9213351,0.99995446,1.2974818e-10,-3.827073e-10,-0.009548696,3
186367802,186367531,-0.38952526,0.058597516,0.0077639814,0.91911703,0.99995446,1.2974818e-10,-3.827073e-10,-0.009548696,3
186867449,186867075,-0.400906,0.06044436,0.008402394,0.9140844,0.99995446,1.2974818e-10,-3.827073e-10,-0.009548696,3
187363920,187363661,-0.40583915,0.05187015,0.013703351,0.91236854,0.99995446,1.2974818e-10,-3.827073e-10,-0.009548696,3
187864179,187863912,-0.40829584,0.05101291,0.017449062,0.9112561,0.99995446,1.2974818e-10,-3.827073e-10,-0.009548696,3
188367189,188366928,-0.4114487,0.050150275,0.020142313,0.90982926,0.99995446,1.2974818e-10,-3.827073e-10,-0.009548696,3
188867440,188867181,-0.41464767,0.048485827,0.024180586,0.9083676,0.99995446,1.2974818e-10,-3.827073e-10,-0.009548696,3
189367778,189367514,-0.4175976,0.047791254,0.023585465,0.90706784,0.99995446,1.2974818e-10,-3.827073e-10,-0.009548696,3
189867764,189867494,-0.4198386,0.048848055,0.02475346,0.90594524,0.99995446,1.2974818e-10,-3.827073e-10,-0.009548696,3
190367931,190367657,-0.4184166,0.053003747,0.020916358,0.9064661,0.99995446,1.2974818e-10,-3.827073e-10,-0.009548696,3
190867453,190867192,-0.41990122,0.05128549,0.020827102,0.90588033,0.99995446,1.2974818e-10,-3.827073e-10,-0.009548696,3
191368282,191367951,-0.42040846,0.051187456,0.020309104,0.90566236,0.99995446,1.2974818e-10,-3.827073e-10,-0.009548696,3
191867867,191867607,-0.42091373,0.05251668,0.017810462,0.9054041,0.99995446,1.2974818e-10,-3.827073e-10,-0.009548696,3
192368075,192367799,-0.41800258,0.023131358,0.0037442541,0.9081436,0.99995446,1.2974818e-10,-3.827073e-10,-0.009548696,3
192867385,192867126,-0.41512156,-0.016372435,-0.01867052,0.90942705,0.99995446,1.2974818e-10,-3.827073e-10,-0.009548696,3
193368052,193367795,-0.40930417,-0.016914425,-0.023132008,0.91194785,0.99995446,1.2974818e-10,-3.827073e-10,-0.009548696,3
193868312,193868046,-0.39337844,-0.0134349065,-0.030753175,0.918764,0.99995446,1.2974818e-10,-3.827073e-10,-0.009548696,3
194367596,194367339,-0.37085697,-0.0079632355,-0.031509176,0.92812115,0.99995446,1.2974818e-10,-3.827073e-10,-0.009548696,3
194868012,194867746,-0.35009286,-0.0056400755,-0.02804188,0.93627816,0.99995446,1.2974818e-10,-3.827073e-10,-0.009548696,3
195368215,195367954,-0.32948032,-0.0005008252,-0.01880355,0.94397515,0.99995446,1.2974818e-10,-3.827073e-10,-0.009548696,3
195868092,195867826,-0.3232106,0.0009893,-0.013054688,0.94623655,0.99995446,1.2974818e-10,-3.827073e-10,-0.009548696,3
196365093,196364833,-0.32216084,0.0022694636,-0.0026455563,0.9466785,0.99995446,1.2974818e-10,-3.827073e-10,-0.009548696,3
196868240,196867963,-0.3222576,0.0018005117,0.0014656621,0.94664925,0.99995446,1.2974818e-10,-3.827073e-10,-0.009548696,3
197367606,197367341,-0.32305506,-0.0011927076,0.008710747,0.94633937,0.99995446,1.2974818e-10,-3.827073e-10,-0.009548696,3
197867618,197867355,-0.32469392,0.0013556636,0.010454577,0.9457605,0.99995446,1.2974818e-10,-3.827073e-10,-0.009548696,3
198364401,198364141,-0.32441518,-0.0006148005,0.013240276,0.94582194,0.99995446,1.2974818e-10,-3.827073e-10,-0.009548696,3
198868281,198867962,-0.32372236,0.0031006266,0.014854181,0.94603044,0.99995446,1.2974818e-10,-3.827073e-10,-0.009548696,3
199367535,199367274,-0.32216626,0.0002550254,0.011653779,0.9466114,0.99995446,1.2974818e-10,-3.827073e-10,-0.009548696,3
199867791,199867523,-0.3233151,0.003467393,0.011080483,0.9462202,0.99995446,1.2974818e-10,-3.827073e-10,-0.009548696,3
200368154,200367866,-0.322674,0.001483721,0.009133552,0.946465,0.99995446,1.2974818e-10,-3.827073e-10,-0.009548696,3
200868250,200867983,-0.32177666,0.0034028287,0.01058106,0.9467504,0.99995446,1.2974818e-10,-3.827073e-10,-0.009548696,3
201368256,201367991,-0.3232382,0.004833514,0.0115009975,0.9462355,0.99995446,1.2974818e-10,-3.827073e-10,-0.009548696,3
201865499,201865234,-0.32463375,0.0045000366,0.012113587,0.9457516,0.99995446,1.2974818e-10,-3.827073e-10,-0.009548696,3
202368012,202367730,-0.32329157,0.0007853968,0.007887317,0.9462662,0.99995446,1.2974818e-10,-3.827073e-10,-0.009548696,3
202868488,202868228,-0.32526326,-0.0016457033,0.0060684644,0.94560266,0.99995446,1.2974818e-10,-3.827073e-10,-0.009548696,3
203368763,203368494,-0.32298097,-0.005810525,0.0011196237,0.946387,0.99995446,1.2974818e-10,-3.827073e-10,-0.009548696,3
203868253,203867982,-0.32513842,-0.008175761,-0.0019778379,0.945629,0.99995446,1.2974818e-10,-3.827073e-10,-0.009548696,3
204367875,204367595,-0.3235106,-0.009151521,0.002679568,0.94617647,0.99995446,1.2974818e-10,-3.827073e-10,-0.009548696,3
204864517,204864137,-0.32450593,-0.0058967667,0.0021044577,0.945863,0.99995446,1.2974818e-10,-3.827073e-10,-0.009548696,3
205364465,205364201,-0.32361948,-0.0040864106,0.0030942205,0.9461735,0.99995446,1.2974818e-10,-3.827073e-10,-0.009548696,3
205867949,205867668,-0.32483062,-0.005668862,-0.00046203626,0.9457552,0.99995446,1.2974818e-10,-3.827073e-10,-0.009548696,3
206368438,206368173,-0.32320866,-0.0073504476,-0.0021428145,0.94629675,0.99995446,1.2974818e-10,-3.827073e-10,-0.009548696,3
206868451,206868186,-0.324967,-0.006832642,0.0028899892,0.94569623,0.99995446,1.2974818e-10,-3.827073e-10,-0.009548696,3
207368373,207368102,-0.32680583,-0.0037903609,0.004801796,0.9450718,0.99995446,1.2974818e-10,-3.827073e-10,-0.009548696,3
207868320,207868009,-0.3230224,-0.0062972265,0.004227221,0.94636095,0.99995446,1.2974818e-10,-3.827073e-10,-0.009548696,3
208368604,208368339,-0.3245883,-0.009750522,0.005079192,0.94579154,0.99995446,1.2974818e-10,-3.827073e-10,-0.009548696,3
208864802,208864529,-0.32197356,-0.01269927,0.0029085488,0.9466591,0.99995446,1.2974818e-10,-3.827073e-10,-0.009548696,3
209368773,209368499,-0.32487732,-0.01318922,0.0025259187,0.9456608,0.99995446,1.2974818e-10,-3.827073e-10,-0.009548696,3
209868074,209867806,-0.32300314,-0.012382216,0.008197391,0.9462815,0.99995446,1.2974818e-10,-3.827073e-10,-0.009548696,3
210368454,210368195,-0.3235989,-0.014219474,0.009050833,0.9460442,0.99995446,1.2974818e-10,-3.827073e-10,-0.009548696,3
210868540,210868282,-0.32472837,-0.018561797,0.0075798435,0.94559485,0.99995446,1.2974818e-10,-3.827073e-10,-0.009548696,3
211368900,211368638,-0.32431966,-0.019687135,0.0070628524,0.9457163,0.99995446,1.2974818e-10,-3.827073e-10,-0.009548696,3
211864717,211864448,-0.32441598,-0.02177713,0.011036986,0.9455995,0.99995446,1.2974818e-10,-3.827073e-10,-0.009548696,3
212364634,212364371,-0.3231762,-0.023977848,0.010552026,0.9459762,0.99995446,1.2974818e-10,-3.827073e-10,-0.009548696,3
212864933,212864671,-0.32363334,-0.02642059,0.010486235,0.9457556,0.99995446,1.2974818e-10,-3.827073e-10,-0.009548696,3
213368861,213368576,-0.32353485,-0.026227906,0.0065423218,0.9458301,0.99995446,1.2974818e-10,-3.827073e-10,-0.009548696,3
213868884,213868595,-0.32350367,-0.025841711,0.0061178124,0.94585425,0.99995446,1.2974818e-10,-3.827073e-10,-0.009548696,3
214368734,214368471,-0.32319623,-0.026337883,0.004971813,0.9459523,0.99995446,1.2974818e-10,-3.827073e-10,-0.009548696,3
214868980,214868722,-0.32244587,-0.024358686,0.0070269043,0.94624835,0.99995446,1.2974818e-10,-3.827073e-10,-0.009548696,3
215364658,215364394,-0.32332212,-0.019091621,0.011132263,0.94603086,0.99995446,1.2974818e-10,-3.827073e-10,-0.009548696,3
215868169,215867905,-0.32327542,-0.01438914,0.012752892,0.9461096,0.99995446,1.2974818e-10,-3.827073e-10,-0.009548696,3
216365128,216364869,-0.32596666,-0.011990761,0.014277717,0.9451974,0.99995446,1.2974818e-10,-3.827073e-10,-0.009548696,3
216869237,216868952,-0.3233862,-0.008403347,0.013407027,0.9461348,0.99995446,1.2974818e-10,-3.827073e-10,-0.009548696,3
217368949,217368691,-0.32234007,-0.0092668515,0.016229754,0.9464395,0.99995446,1.2974818e-10,-3.827073e-10,-0.009548696,3
217869100,217868838,-0.32379586,-0.0088852,0.015138971,0.9459641,0.99995446,1.2974818e-10,-3.827073e-10,-0.009548696,3
218369119,218368852,-0.32324526,-0.010008934,0.012587072,0.9461786,0.99995446,1.2974818e-10,-3.827073e-10,-0.009548696,3
218865139,218864880,-0.32510397,-0.011625752,0.008057021,0.94557256,0.99995446,1.2974818e-10,-3.827073e-10,-0.009548696,3
219365157,219364896,-0.32251906,-0.013765495,0.0050252746,0.9464496,0.99995446,1.2974818e-10,-3.827073e-10,-0.009548696,3
219868596,219868334,-0.32431686,-0.011542061,0.0023398392,0.9458752,0.99995446,1.2974818e-10,-3.827073e-10,-0.009548696,3
220369171,220368902,-0.3243528,-0.010065264,0.0007517925,0.9458823,0.99995446,1.2974818e-10,-3.827073e-10,-0.009548696,3
220869047,220868788,-0.32295024,-0.007704114,-0.0012498421,0.9463838,0.99995446,1.2974818e-10,-3.827073e-10,-0.009548696,3
221369078,221368821,-0.32484388,-0.0075578894,0.0007173888,0.9457372,0.99995446,1.2974818e-10,-3.827073e-10,-0.009548696,3
221869267,221868954,-0.32411113,-0.009030274,-9.975704e-06,0.9459759,0.99995446,1.2974818e-10,-3.827073e-10,-0.009548696,3
222364842,222364574,-0.32369652,-0.009183053,0.0022801855,0.94611365,0.99995446,1.2974818e-10,-3.827073e-10,-0.009548696,3
222865423,222865162,-0.32311547,-0.007757662,0.003064417,0.9463228,0.99995446,1.2974818e-10,-3.827073e-10,-0.009548696,3
223365277,223365011,-0.32358718,-0.008364701,0.0041635106,0.94615227,0.99995446,1.2974818e-10,-3.827073e-10,-0.009548696,3
223868985,223868727,-0.3262243,-0.0052222637,-0.0011737935,0.94527733,0.99995446,1.2974818e-10,-3.827073e-10,-0.009548696,3
224369446,224369186,-0.3245406,-0.0034477517,-0.0032495214,0.94585997,0.99995446,1.2974818e-10,-3.827073e-10,-0.009548696,3
224869240,224868936,-0.32591766,-0.00073278695,-0.0062009078,0.9453776,0.99995446,1.2974818e-10,-3.827073e-10,-0.009548696,3
225368863,225368596,-0.3231941,0.0029551492,-0.005686875,0.94631106,0.99995446,1.2974818e-10,-3.827073e-10,-0.009548696,3
225869119,225868848,-0.3239077,0.006003069,-0.004114615,0.9460608,0.99995446,1.2974818e-10,-3.827073e-10,-0.009548696,3
226365547,226365280,-0.3246042,0.010094775,-0.0036283184,0.9457891,0.99995446,1.2974818e-10,-3.827073e-10,-0.009548696,3
226865688,226865420,-0.32514846,0.009920878,-0.004768915,0.94559896,0.99995446,1.2974818e-10,-3.827073e-10,-0.009548696,3
227369145,227368878,-0.3233848,0.011890506,-0.0015742045,0.9461916,0.99995446,1.2974818e-10,-3.827073e-10,-0.009548696,3
227869156,227868888,-0.326278,0.012275197,-0.0013768945,0.9451932,0.99995446,1.2974818e-10,-3.827073e-10,-0.009548696,3
228369128,228368866,-0.32926622,0.014277292,-0.0018851672,0.9441274,0.99995446,1.2974818e-10,-3.827073e-10,-0.009548696,3
228868924,228868665,-0.32406297,0.011605757,-0.0014476175,0.94596326,0.99995446,1.2974818e-10,-3.827073e-10,-0.009548696,3
229365503,229365239,-0.32546282,0.006348843,-0.00446373,0.945523,0.99995446,1.2974818e-10,-3.827073e-10,-0.009548696,3
229865523,229865266,-0.32648227,0.0016170915,-0.004248808,0.94519246,0.99995446,1.2974818e-10,-3.827073e-10,-0.009548696,3
230365648,230365379,-0.32466757,0.0021731907,-0.0061157374,0.9458059,0.99995446,1.2974818e-10,-3.827073e-10,-0.009548696,3
230865694,230865418,-0.32480073,0.0019481659,-0.0038150158,0.94577277,0.99995446,1.2974818e-10,-3.827073e-10,-0.009548696,3
231369484,231369224,-0.32326442,0.0009805567,-0.0040430874,0.9462996,0.99995446,1.2974818e-10,-3.827073e-10,-0.009548696,3
231869297,231869036,-0.3243655,-0.0019208015,-0.004389871,0.9459197,0.99995446,1.2974818e-10,-3.827073e-10,-0.009548696,3
232369509,232369252,-0.32348514,-0.003935768,-0.0041063763,0.94621617,0.99995446,1.2974818e-10,-3.827073e-10,-0.009548696,3
232865643,232865378,-0.32337517,-0.0045074895,-0.008523093,0.94622177,0.99995446,1.2974818e-10,-3.827073e-10,-0.009548696,3
233365559,233365297,-0.3228288,-0.0047578174,-0.009862244,0.9463941,0.99995446,1.2974818e-10,-3.827073e-10,-0.009548696,3
233865678,233865415,-0.32553533,-0.0038553986,-0.0072711883,0.9454941,0.99995446,1.2974818e-10,-3.827073e-10,-0.009548696,3
234368945,234368686,-0.32336673,-0.0035122372,-0.005136181,0.9462533,0.99995446,1.2974818e-10,-3.827073e-10,-0.009548696,3
234869563,234869304,-0.3232005,-0.0010981177,-0.00032209043,0.9463299,0.99995446,1.2974818e-10,-3.827073e-10,-0.009548696,3
235369325,235369020,-0.3229572,0.0022203026,0.0016270395,0.94640964,0.99995446,1.2974818e-10,-3.827073e-10,-0.009548696,3
235869062,235868801,-0.3245394,0.006356174,0.0022815159,0.9458481,0.99995446,1.2974818e-10,-3.827073e-10,-0.009548696,3
236369213,236368955,-0.32332224,0.008112527,0.0026331944,0.94625056,0.99995446,1.2974818e-10,-3.827073e-10,-0.009548696,3
236865690,236865423,-0.32392824,0.01092381,0.0063813664,0.94599706,0.99995446,1.2974818e-10,-3.827073e-10,-0.009548696,3
237365836,237365573,-0.32173792,0.018121716,0.0047189617,0.9466436,0.99995446,1.2974818e-10,-3.827073e-10,-0.009548696,3
237865952,237865574,-0.3223724,0.018244972,0.00268964,0.94643337,0.99995446,1.2974818e-10,-3.827073e-10,-0.009548696,3
238365987,238365724,-0.3229512,0.017701952,0.0020726018,0.94624776,0.99995446,1.2974818e-10,-3.827073e-10,-0.009548696,3
238869554,238869293,-0.32179287,0.01428446,-0.0007073892,0.9467021,0.99995446,1.2974818e-10,-3.827073e-10,-0.009548696,3
239370044,239369747,-0.3242196,0.01331339,3.3713368e-05,0.9458882,0.99995446,1.2974818e-10,-3.827073e-10,-0.009548696,3
239865796,239865531,-0.32366997,0.014588005,-5.7436766e-05,0.94605756,0.99995446,1.2974818e-10,-3.827073e-10,-0.009548696,3
240365918,240365659,-0.32240146,0.014374509,2.7900534e-05,0.94649386,0.99995446,1.2974818e-10,-3.827073e-10,-0.009548696,3
240865587,240865324,-0.32247302,0.011332929,0.000719317,0.9465106,0.99995446,1.2974818e-10,-3.827073e-10,-0.009548696,3
241366099,241365829,-0.32476696,0.008868596,0.0034987105,0.945746,0.99995446,1.2974818e-10,-3.827073e-10,-0.009548696,3
241869771,241869501,-0.32299778,0.008883971,0.0020141378,0.94635594,0.99995446,1.2974818e-10,-3.827073e-10,-0.009548696,3
242369210,242368948,-0.3240696,0.0095900595,0.004040652,0.945976,0.99995446,1.2974818e-10,-3.827073e-10,-0.009548696,3
242869909,242869650,-0.32255173,0.010777686,0.007827656,0.9464582,0.99995446,1.2974818e-10,-3.827073e-10,-0.009548696,3
243366153,243365891,-0.32281455,0.0058304067,0.011347293,0.9463763,0.99995446,1.2974818e-10,-3.827073e-10,-0.009548696,3
243865361,243865046,-0.32114118,0.004967396,0.009108498,0.9469745,0.99995446,1.2974818e-10,-3.827073e-10,-0.009548696,3
244365780,244365515,-0.32414848,0.0043399823,0.0065140966,0.9459738,0.99995446,1.2974818e-10,-3.827073e-10,-0.009548696,3
244866161,244865896,-0.32134613,0.0059367283,0.0073434855,0.9469148,0.99995446,1.2974818e-10,-3.827073e-10,-0.009548696,3
245366288,245366016,-0.3221339,0.007326535,0.008675607,0.946626,0.99995446,1.2974818e-10,-3.827073e-10,-0.009548696,3
245869996,245869735,-0.32265425,0.007624992,0.012208522,0.94640744,0.99995446,1.2974818e-10,-3.827073e-10,-0.009548696,3
246369878,246369612,-0.32084894,0.0060977745,0.014845286,0.9469945,0.99995446,1.2974818e-10,-3.827073e-10,-0.009548696,3
246865485,246865225,-0.32226014,0.0070424397,0.012370514,0.9465441,0.99995446,1.2974818e-10,-3.827073e-10,-0.009548696,3
247365425,247365162,-0.32487652,0.002291147,0.014146727,0.9456479,0.99995446,1.2974818e-10,-3.827073e-10,-0.009548696,3
247866042,247865778,-0.32107982,-0.0016591026,0.018799016,0.94686407,0.99995446,1.2974818e-10,-3.827073e-10,-0.009548696,3
248366168,248365904,-0.3190935,-0.0005655065,0.022008995,0.94746757,0.99995446,1.2974818e-10,-3.827073e-10,-0.009548696,3
248866449,248866020,-0.32370383,0.0009955348,0.024478244,0.9458413,0.99995446,1.2974818e-10,-3.827073e-10,-0.009548696,3
249370081,249369814,-0.324369,0.004132803,0.02996118,0.94544697,0.99995446,1.2974818e-10,-3.827073e-10,-0.009548696,3
249870404,249870138,-0.32261306,0.0053873444,0.027822329,0.9461066,0.99995446,1.2974818e-10,-3.827073e-10,-0.009548696,3
250366363,250366100,-0.323169,0.00444665,0.028781988,0.94589305,0.99995446,1.2974818e-10,-3.827073e-10,-0.009548696,3
250866114,250865854,-0.3227034,0.0037260118,0.028147774,0.94607425,0.99995446,1.2974818e-10,-3.827073e-10,-0.009548696,3
251366020,251365759,-0.32257998,0.004580131,0.026742022,0.9461533,0.99995446,1.2974818e-10,-3.827073e-10,-0.009548696,3
251866395,251866134,-0.32256922,0.007052962,0.027311644,0.94612557,0.99995446,1.2974818e-10,-3.827073e-10,-0.009548696,3
252366142,252365878,-0.3214906,0.007592821,0.026278391,0.94651765,0.99995446,1.2974818e-10,-3.827073e-10,-0.009548696,3
252869982,252869716,-0.32305065,0.010794321,0.024571812,0.9460011,0.99995446,1.2974818e-10,-3.827073e-10,-0.009548696,3
253369951,253369667,-0.3224264,0.013693365,0.026512627,0.9461241,0.99995446,1.2974818e-10,-3.827073e-10,-0.009548696,3
253866159,253865900,-0.32275096,0.016889265,0.027693862,0.945928,0.99995446,1.2974818e-10,-3.827073e-10,-0.009548696,3
254365873,254365607,-0.3226377,0.015197036,0.030452635,0.94591045,0.99995446,1.2974818e-10,-3.827073e-10,-0.009548696,3
254866398,254866135,-0.32297775,0.01738623,0.03587652,0.9455665,0.99995446,1.2974818e-10,-3.827073e-10,-0.009548696,3
255366139,255365879,-0.32267216,0.015692279,0.03357901,0.94578487,0.99995446,1.2974818e-10,-3.827073e-10,-0.009548696,3
255866449,255866072,-0.32058826,0.017851742,0.03647512,0.9463478,0.99995446,1.2974818e-10,-3.827073e-10,-0.009548696,3
256366519,256366261,-0.3222719,0.0161312,0.034020558,0.9458981,0.99995446,1.2974818e-10,-3.827073e-10,-0.009548696,3
256870121,256869820,-0.32306945,0.01409191,0.033399023,0.94568074,0.99995446,1.2974818e-10,-3.827073e-10,-0.009548696,3
257366141,257365884,-0.3223119,0.014504426,0.032665182,0.9459587,0.99995446,1.2974818e-10,-3.827073e-10,-0.009548696,3
257866754,257866485,-0.32215932,0.008933445,0.032679845,0.9460791,0.99995446,1.2974818e-10,-3.827073e-10,-0.009548696,3
258366652,258366386,-0.32276836,0.010307806,0.03484186,0.9457804,0.99995446,1.2974818e-10,-3.827073e-10,-0.009548696,3
258866619,258866361,-0.32378942,0.009160779,0.032817733,0.94551545,0.99995446,1.2974818e-10,-3.827073e-10,-0.009548696,3
259366566,259366302,-0.32051462,0.010027723,0.033756483,0.9465888,0.99995446,1.2974818e-10,-3.827073e-10,-0.009548696,3
259866789,259866521,-0.3226806,0.008308279,0.030199092,0.94598955,0.99995446,1.2974818e-10,-3.827073e-10,-0.009548696,3
260370693,260370419,-0.32251918,0.009205374,0.03315319,0.94593745,0.99995446,1.2974818e-10,-3.827073e-10,-0.009548696,3
260866699,260866437,-0.32058343,0.00936862,0.03665663,0.9464644,0.99995446,1.2974818e-10,-3.827073e-10,-0.009548696,3
261366836,261366573,-0.3243088,0.009752691,0.03473907,0.9452629,0.99995446,1.2974818e-10,-3.827073e-10,-0.009548696,3
261866789,261866530,0.8905414,-0.029751088,-0.017713048,-0.4535826,0.99995446,1.2974818e-10,-3.827073e-10,-0.009548696,3
262366798,262366527,-0.92195326,0.0077153877,0.00415694,-0.387202,0.99995446,1.2974818e-10,-3.827073e-10,-0.009548696,3
262862794,262862511,-0.9976833,0.04132613,0.034033533,0.041975614,0.99995446,1.2974818e-10,-3.827073e-10,-0.009548696,3
263366675,263366400,-0.9985892,0.0363486,0.032508858,0.021014297,0.99995446,1.2974818e-10,-3.827073e-10,-0.009548696,3
263870564,263870303,-0.99940675,0.021140942,0.022418784,0.015385458,0.99995446,1.2974818e-10,-3.827073e-10,-0.009548696,3
264370837,264370568,-0.99966097,0.013956931,0.019259239,0.010602436,0.99995446,1.2974818e-10,-3.827073e-10,-0.009548696,3
264867027,264866766,-0.9998067,0.006790904,0.01728369,0.006466361,0.99995446,1.2974818e-10,-3.827073e-10,-0.009548696,3
265366412,265366146,-0.9998602,0.0028669406,0.015801786,0.0046612527,0.99995446,1.2974818e-10,-3.827073e-10,-0.009548696,3
265866833,265866558,-0.9998585,-0.0034717433,0.016409475,0.0012931493,0.99995446,1.2974818e-10,-3.827073e-10,-0.009548696,3
266366653,266366388,-0.9998921,-0.0053459965,0.013552024,-0.0019002117,0.99995446,1.2974818e-10,-3.827073e-10,-0.009548696,3
266867061,266866800,-0.99986273,-0.0066572907,0.014376166,-0.004856556,0.99995446,1.2974818e-10,-3.827073e-10,-0.009548696,3
267370251,267369937,-0.99975914,-0.010378657,0.01659452,-0.009934025,0.99995446,1.2974818e-10,-3.827073e-10,-0.009548696,3
267866822,267866553,-0.99968374,-0.011247315,0.019209929,-0.011703611,0.99995446,1.2974818e-10,-3.827073e-10,-0.009548696,3
268367214,268366950,-0.99959636,-0.011069954,0.021382034,-0.015082846,0.99995446,1.2974818e-10,-3.827073e-10,-0.009548696,3
268866277,268866020,-0.99952036,-0.015495825,0.018651055,-0.019264588,0.99995446,1.2974818e-10,-3.827073e-10,-0.009548696,3
269367048,269366785,-0.99923825,-0.015437013,0.023963748,-0.026653694,0.99995446,1.2974818e-10,-3.827073e-10,-0.009548696,3
