timestamp,timestamp_sample,baro_device_id,baro_alt_meter,baro_temp_celcius,baro_pressure_pa,rho
26989374,26965201,6620172,49.52235,25.0,100731.586,1.1767865
27041941,27017190,6620172,49.52235,25.0,100731.586,1.1767865
27145636,27121251,6620172,49.609547,25.0,100730.54,1.1767743
27354312,27329100,6620172,49.44308,25.0,100732.53,1.1767975
27561592,27537186,6620172,49.580482,25.0,100730.9,1.1767784
27770329,27745309,6620172,49.79187,25.0,100728.375,1.176749
27982640,27957598,6620172,49.612194,25.0,100730.51,1.1767739
28190428,28165344,6620172,49.773373,25.0,100728.6,1.1767516
28354043,28327261,6620172,49.593693,25.0,100730.74,1.1767765
28562075,28537686,6620172,49.672962,25.0,100729.78,1.1767654
28769742,28745710,6620172,49.63069,25.0,100730.3,1.1767714
28977825,28953724,6620172,49.55406,25.0,100731.22,1.1767823
29186027,29161144,6620172,49.503857,25.0,100731.82,1.1767892
29341893,29317668,6620172,49.498573,25.0,100731.86,1.1767896
29550386,29525571,6620172,49.9187,25.0,100726.85,1.1767311
29781451,29758440,6620172,49.87378,25.0,100727.4,1.1767375
29946242,29912845,6620172,49.488,25.0,100731.984,1.1767911
30163165,30134454,6620172,49.971546,25.0,100726.22,1.1767237
30378704,30352420,6620172,49.672962,25.0,100729.8,1.1767656
30589769,30564224,6620172,49.64126,25.0,100730.16,1.1767697
30750031,30729103,6620172,49.66504,25.0,100729.88,1.1767665
30962282,30933715,6620172,49.73638,25.0,100729.03,1.1767566
31170391,31145387,6620172,49.723167,25.0,100729.195,1.1767585
31377867,31353308,6620172,49.593693,25.0,100730.73,1.1767764
31586103,31561513,6620172,49.71524,25.0,100729.28,1.1767596
31741766,31718542,6620172,49.83679,25.0,100727.836,1.1767427
31949575,31925947,6620172,49.68089,25.0,100729.71,1.1767646
32158777,32133431,6620172,49.68882,25.0,100729.586,1.176763
32366082,32339927,6620172,49.530277,25.0,100731.48,1.1767851
32574466,32549588,6620172,49.609547,25.0,100730.53,1.1767741
32782264,32760176,6620172,49.74431,25.0,100728.93,1.1767554
32991177,32965731,6620172,49.63069,25.0,100730.29,1.1767714
33146035,33121506,6620172,49.5567,25.0,100731.18,1.1767817
33362812,33334131,6620172,49.83415,25.0,100727.86,1.1767429
33570033,33548069,6620172,49.70996,25.0,100729.35,1.1767604
33778308,33754927,6620172,49.64126,25.0,100730.17,1.17677
33986688,33962025,6620172,49.810364,25.0,100728.15,1.1767462
34146922,34117732,6620172,49.5567,25.0,100731.16,1.1767815
34354859,34329571,6620172,49.567272,25.0,100731.04,1.1767801
34561879,34537507,6620172,49.59634,25.0,100730.7,1.1767762
34769851,34746043,6620172,49.59898,25.0,100730.66,1.1767757
34978293,34953687,6620172,49.68882,25.0,100729.59,1.1767632
35186350,35161924,6620172,49.8315,25.0,100727.89,1.1767433
35342720,35317723,6620172,49.60162,25.0,100730.65,1.1767756
35550209,35525603,6620172,49.54349,25.0,100731.336,1.1767836
35758647,35734652,6620172,49.717888,25.0,100729.26,1.1767592
35965738,35941716,6620172,49.580482,25.0,100730.9,1.1767784
36174453,36149683,6620172,49.548775,25.0,100731.26,1.1767826
36382661,36357814,6620172,49.857925,25.0,100727.56,1.1767395
36589723,36564492,6620172,49.699387,25.0,100729.47,1.1767617
36746747,36721497,6620172,49.64126,25.0,100730.15,1.1767697
36955360,36929818,6620172,49.667683,25.0,100729.84,1.1767662
37163219,37137775,6620172,49.770733,25.0,100728.61,1.1767517
37370284,37345726,6620172,49.741665,25.0,100728.98,1.176756
37578415,37553951,6620172,49.63597,25.0,100730.234,1.1767707
37786379,37761864,6620172,49.609547,25.0,100730.555,1.1767744
37942339,37917831,6620172,49.657112,25.0,100729.98,1.1767677
38150512,38125898,6620172,49.609547,25.0,100730.53,1.1767741
38358563,38333657,6620172,49.617477,25.0,100730.43,1.176773
38566304,38541891,6620172,49.68882,25.0,100729.61,1.1767634
38774601,38749581,6620172,49.81565,25.0,100728.086,1.1767455
38982715,38957837,6620172,49.733738,25.0,100729.07,1.1767571
39191228,39164846,6620172,49.7813,25.0,100728.48,1.1767502
39346548,39321729,6620172,49.889637,25.0,100727.2,1.1767352
39554997,39529848,6620172,49.649185,25.0,100730.07,1.1767688
39762438,39737813,6620172,49.865852,25.0,100727.484,1.1767386
39970567,39946062,6620172,49.604267,25.0,100730.59,1.1767749
40178427,40154119,6620172,49.530277,25.0,100731.5,1.1767855
40387229,40362148,6620172,49.810364,25.0,100728.14,1.1767461
40542460,40517979,6620172,49.82886,25.0,100727.914,1.1767436
40750274,40725769,6620172,49.60162,25.0,100730.625,1.1767752
40959484,40933911,6620172,49.797157,25.0,100728.29,1.1767479
41166517,41141726,6620172,49.923985,25.0,100726.79,1.1767304
41374569,41349913,6620172,49.739025,25.0,100729.01,1.1767563
41583121,41557992,6620172,49.56199,25.0,100731.11,1.1767808
41790439,41766105,6620172,49.79187,25.0,100728.35,1.1767488
41947145,41922023,6620172,49.813007,25.0,100728.12,1.176746
42155260,42130144,6620172,49.672962,25.0,100729.78,1.1767654
42362606,42338249,6620172,49.80508,25.0,100728.195,1.1767468
42570625,42546041,6620172,49.625404,25.0,100730.34,1.176772
42778727,42753988,6620172,49.667683,25.0,100729.86,1.1767663
42986384,42961994,6620172,49.7126,25.0,100729.305,1.1767598
43141889,43117715,6620172,49.699387,25.0,100729.47,1.1767617
43351026,43325639,6620172,49.7126,25.0,100729.305,1.1767598
43558684,43534196,6620172,49.67825,25.0,100729.73,1.1767647
43767430,43740314,6620172,49.686176,25.0,100729.62,1.1767634
43974703,43949867,6620172,49.720528,25.0,100729.2,1.1767586
44183286,44158215,6620172,49.699387,25.0,100729.45,1.1767615
44389923,44365636,6620172,49.59634,25.0,100730.7,1.1767762
44547211,44522158,6620172,49.70203,25.0,100729.44,1.1767613
44754769,44730001,6620172,49.63333,25.0,100730.266,1.176771
44962475,44938071,6620172,49.68089,25.0,100729.69,1.1767642
45170726,45146216,6620172,49.52235,25.0,100731.58,1.1767864
45378732,45352488,6620172,49.799797,25.0,100728.266,1.1767477
45587369,45562104,6620172,49.75752,25.0,100728.78,1.1767538
45742077,45717750,6620172,49.783943,25.0,100728.47,1.1767501
45950418,45925936,6620172,49.733738,25.0,100729.07,1.1767571
46158452,46135963,6620172,49.728455,25.0,100729.125,1.1767577
46366409,46340767,6620172,49.79451,25.0,100728.336,1.1767485
46578769,46554212,6620172,49.707314,25.0,100729.38,1.1767607
46787549,46762131,6620172,49.694103,25.0,100729.53,1.1767625
46943682,46918125,6620172,49.74431,25.0,100728.945,1.1767555
47150701,47128258,6620172,49.667683,25.0,100729.85,1.1767663
47358499,47334217,6620172,49.60162,25.0,100730.625,1.1767752
47564415,47541911,6620172,49.90549,25.0,100727.01,1.176733
47771280,47746146,6620172,49.992687,25.0,100725.95,1.1767207
47978746,47954142,6620172,49.942482,25.0,100726.55,1.1767277
48190603,48161119,6620172,50.29655,25.0,100722.34,1.1766785
48347435,48322369,6620172,50.193504,25.0,100723.56,1.1766927
48555450,48530174,6620172,50.6242,25.0,100718.4,1.1766324
48762083,48738547,6620172,50.901646,25.0,100715.11,1.176594
48970711,48946082,6620172,50.753674,25.0,100716.86,1.1766144
49178556,49154171,6620172,51.480312,25.0,100708.18,1.176513
49385994,49361700,6620172,51.414253,25.0,100708.984,1.1765224
49543421,49518267,6620172,51.665276,25.0,100705.96,1.1764871
49750071,49724690,6620172,51.93479,25.0,100702.75,1.1764497
49959473,49935549,6620172,52.146175,25.0,100700.234,1.1764202
50167235,50142393,6620172,52.362846,25.0,100697.625,1.1763898
50375317,50349476,6620172,52.642933,25.0,100694.3,1.1763508
50582553,50559876,6620172,53.08948,25.0,100688.97,1.1762886
50738891,50714365,6620172,53.192535,25.0,100687.73,1.1762741
50946274,50922271,6620172,53.64966,25.0,100682.26,1.1762103
51158902,51130486,6620172,53.818764,25.0,100680.234,1.1761866
51366965,51342151,6620172,54.14641,25.0,100676.33,1.1761409
51574985,51550876,6620172,54.635242,25.0,100670.47,1.1760725
51782667,51758314,6620172,54.75943,25.0,100669.0,1.1760553
51938714,51914245,6620172,55.118786,25.0,100664.7,1.1760051
52147167,52122389,6620172,55.17956,25.0,100663.99,1.1759968
52355752,52330383,6620172,55.787296,25.0,100656.71,1.1759118
52567371,52538689,6620172,56.03831,25.0,100653.72,1.1758767
52775346,52750373,6620172,56.24706,25.0,100651.21,1.1758475
52983668,52958295,6620172,56.71475,25.0,100645.65,1.1757824
53190934,53166260,6620172,57.09524,25.0,100641.086,1.1757293
53346464,53322220,6620172,57.37004,25.0,100637.805,1.1756909
53554840,53530525,6620172,57.481018,25.0,100636.48,1.1756753
53762460,53738192,6620172,57.930214,25.0,100631.125,1.1756129
53971061,53946550,6620172,58.231438,25.0,100627.52,1.1755708
54179480,54154256,6620172,58.667423,25.0,100622.32,1.17551
54386367,54361985,6620172,58.931656,25.0,100619.14,1.1754729
54543429,54518141,6620172,59.261944,25.0,100615.22,1.175427
54750390,54725187,6620172,59.597515,25.0,100611.21,1.1753802
54958699,54934293,6620172,59.95423,25.0,100606.945,1.1753304
55166828,55142348,6620172,60.073135,25.0,100605.53,1.1753138
55378852,55354550,6620172,60.601597,25.0,100599.2,1.1752399
55587690,55562348,6620172,61.09043,25.0,100593.39,1.175172
55743743,55718640,6620172,61.518482,25.0,100588.26,1.175112
55950888,55926341,6620172,61.917477,25.0,100583.49,1.1750563
56158606,56134602,6620172,62.659966,25.0,100574.625,1.1749527
56367108,56342221,6620172,63.23335,25.0,100567.79,1.174873
56575032,56550462,6620172,63.524006,25.0,100564.32,1.1748325
56783809,56758551,6620172,64.1106,25.0,100557.31,1.1747506
56991906,56966604,6620172,64.81345,25.0,100548.93,1.1746526
57146881,57122376,6620172,65.05919,25.0,100545.99,1.1746182
57359168,57334540,6620172,65.65107,25.0,100538.92,1.1745356
57567115,57542391,6620172,66.09498,25.0,100533.63,1.1744739
57775655,57750434,6620172,66.80312,25.0,100525.18,1.1743752
57983044,57958476,6620172,67.4822,25.0,100517.07,1.1742804
58192353,58166675,6620172,67.77285,25.0,100513.61,1.17424
58346673,58322627,6620172,68.55498,25.0,100504.26,1.1741308
58555786,58530637,6620172,69.02267,25.0,100498.695,1.1740657
58762971,58740214,6620172,69.540565,25.0,100492.52,1.1739936
58971703,58946520,6620172,70.43896,25.0,100481.81,1.1738685
59179012,59153946,6620172,70.86701,25.0,100476.69,1.1738087
59387358,59362542,6620172,71.3717,25.0,100470.664,1.1737384
59546942,59518936,6620172,72.15646,25.0,100461.3,1.1736288
59755862,59730705,6620172,72.671715,25.0,100455.15,1.173557
59962752,59938465,6620172,73.525185,25.0,100444.99,1.1734383
60171995,60146707,6620172,73.99816,25.0,100439.35,1.1733725
60379161,60354630,6620172,74.44207,25.0,100434.055,1.1733105
60587685,60562808,6620172,75.24005,25.0,100424.52,1.1731992
60743444,60718709,6620172,75.5492,25.0,100420.84,1.1731563
60951447,60926523,6620172,76.215065,25.0,100412.89,1.1730634
61159775,61134649,6620172,76.89414,25.0,100404.81,1.172969
61367692,61342986,6620172,77.451675,25.0,100398.16,1.1728913
61574839,61550589,6620172,78.24437,25.0,100388.71,1.1727809
61782578,61764381,6620172,78.70941,25.0,100383.17,1.1727161
61939156,61919080,6620172,79.333,25.0,100375.74,1.1726294
62147999,62122458,6620172,79.94866,25.0,100368.4,1.1725435
62359666,62334634,6620172,80.63831,25.0,100360.164,1.1724474
62575156,62546650,6620172,81.19055,25.0,100353.61,1.1723708
62783198,62758638,6620172,81.98589,25.0,100344.11,1.1722598
62991296,62966735,6620172,82.49586,25.0,100338.05,1.172189
63147270,63121107,6620172,82.89749,25.0,100333.26,1.1721331
63355891,63330752,6620172,83.6162,25.0,100324.7,1.1720331
63563211,63538872,6620172,84.155235,25.0,100318.26,1.1719579
63776141,63750830,6620172,84.85809,25.0,100309.89,1.1718601
63983563,63958754,6620172,85.42883,25.0,100303.086,1.1717806
64191946,64166680,6620172,86.04185,25.0,100295.8,1.1716954
64347081,64322843,6620172,86.66015,25.0,100288.42,1.1716092
64555852,64530952,6620172,87.19919,25.0,100281.99,1.1715342
64763409,64738811,6620172,87.777855,25.0,100275.1,1.1714536
64971392,64946786,6620172,88.36973,25.0,100268.055,1.1713713
65179549,65154859,6620172,88.95633,25.0,100261.06,1.1712897
65388081,65362796,6620172,89.31833,25.0,100256.766,1.1712394
65543559,65517743,6620172,89.8785,25.0,100250.09,1.1711615
65751384,65726910,6620172,90.41489,25.0,100243.71,1.1710869
65958851,65934798,6620172,91.115105,25.0,100235.375,1.1709895
66167451,66143316,6620172,91.67528,25.0,100228.695,1.1709116
66375562,66350847,6620172,92.142975,25.0,100223.14,1.1708467
66583448,66558722,6620172,92.668785,25.0,100216.87,1.1707734
66792016,66766775,6620172,93.184044,25.0,100210.74,1.1707017
66947586,66922823,6620172,93.72043,25.0,100204.37,1.1706274
67155555,67130930,6620172,94.1432,25.0,100199.33,1.1705685
67363565,67338959,6620172,94.40743,25.0,100196.18,1.1705316
67571790,67546889,6620172,95.06009,25.0,100188.42,1.170441
67779307,67754679,6620172,95.5542,25.0,100182.52,1.1703721
67991520,67966962,6620172,95.696884,25.0,100180.84,1.1703525
68148001,68122923,6620172,96.15665,25.0,100175.36,1.1702884
68355824,68331905,6620172,96.48958,25.0,100171.39,1.1702421
68562863,68537416,6620172,96.671906,25.0,100169.22,1.1702167
68776637,68750781,6620172,96.99162,25.0,100165.43,1.1701725
68983965,68958465,6620172,97.32456,25.0,100161.45,1.170126
69191694,69168232,6620172,97.3272,25.0,100161.445,1.1701258
69347431,69323077,6620172,97.530655,25.0,100159.016,1.1700975
69555148,69530677,6620172,97.81603,25.0,100155.59,1.1700575
69763004,69738988,6620172,98.072334,25.0,100152.58,1.1700222
69971581,69947158,6620172,98.29693,25.0,100149.91,1.169991
70179907,70154929,6620172,98.41584,25.0,100148.47,1.1699742
70388333,70363059,6620172,98.59815,25.0,100146.32,1.1699492
70544252,70519109,6620172,98.569084,25.0,100146.65,1.169953
70755875,70727089,6620172,98.690636,25.0,100145.21,1.1699362
70963544,70939029,6620172,98.83861,25.0,100143.46,1.1699157
71175751,71150706,6620172,99.12662,25.0,100140.03,1.1698757
71388109,71362998,6620172,98.976,25.0,100141.805,1.1698964
71547954,71519291,6620172,99.11604,25.0,100140.14,1.1698769
71756596,71730186,6620172,99.343285,25.0,100137.45,1.1698456
71964753,71939074,6620172,99.22967,25.0,100138.8,1.1698613
72173749,72146935,6620172,99.36178,25.0,100137.234,1.1698431
72383479,72359125,6620172,99.338005,25.0,100137.49,1.169846
72591183,72567143,6620172,99.435776,25.0,100136.336,1.1698325
72746961,72723013,6620172,99.61809,25.0,100134.19,1.1698074
72959822,72933314,6620172,99.68679,25.0,100133.36,1.1697977
73167576,73143289,6620172,99.54939,25.0,100134.99,1.1698169
73377220,73350945,6620172,99.82154,25.0,100131.74,1.1697788
73583391,73558963,6620172,99.73436,25.0,100132.78,1.169791
73743592,73720401,6620172,99.52032,25.0,100135.336,1.1698208
73949236,73925766,6620172,99.702644,25.0,100133.164,1.1697954
74157945,74129987,6620172,99.493904,25.0,100135.65,1.1698245
74369696,74342962,6620172,99.56525,25.0,100134.78,1.1698143
74575972,74551352,6620172,99.573166,25.0,100134.71,1.1698135
74789408,74763105,6620172,99.69472,25.0,100133.26,1.1697966
74943688,74919241,6620172,99.79777,25.0,100132.055,1.1697825
75148331,75123121,6620172,99.5811,25.0,100134.6,1.1698122
75359300,75335054,6620172,99.602234,25.0,100134.375,1.1698096
75567648,75543050,6620172,99.464836,25.0,100136.0,1.1698287
75777204,75752750,6620172,99.63394,25.0,100133.984,1.169805
75984499,75959179,6620172,99.61809,25.0,100134.16,1.169807
76191571,76167377,6620172,99.53089,25.0,100135.21,1.1698194
76346080,76321053,6620172,99.50446,25.0,100135.53,1.169823
76552703,76526339,6620172,99.57846,25.0,100134.64,1.1698128
76759776,76735342,6620172,99.705284,25.0,100133.14,1.1697952
76967844,76944076,6620172,99.6313,25.0,100134.016,1.1698054
77176477,77151266,6620172,99.85326,25.0,100131.375,1.1697745
77383945,77359406,6620172,99.78984,25.0,100132.125,1.1697834
77592467,77567133,6620172,99.647156,25.0,100133.83,1.1698033
77747284,77723126,6620172,99.68151,25.0,100133.43,1.1697985
77956263,77931385,6620172,99.89554,25.0,100130.86,1.1697686
78163732,78139276,6620172,99.879684,25.0,100131.07,1.169771
78371698,78347206,6620172,99.884964,25.0,100130.984,1.16977
78579776,78555309,6620172,99.702644,25.0,100133.18,1.1697956
78788497,78763697,6620172,99.8374,25.0,100131.57,1.1697768
78943907,78919451,6620172,99.6313,25.0,100134.01,1.1698053
79151905,79127404,6620172,99.737,25.0,100132.74,1.1697905
79359852,79335310,6620172,99.82154,25.0,100131.766,1.1697792
79568213,79543478,6620172,99.8929,25.0,100130.9,1.169769
79776003,79751123,6620172,99.74228,25.0,100132.69,1.1697899
79983475,79959149,6620172,99.78455,25.0,100132.19,1.1697841
80192224,80167189,6620172,99.77399,25.0,100132.32,1.1697856
80348658,80323505,6620172,99.74228,25.0,100132.69,1.1697899
80556601,80531399,6620172,99.77135,25.0,100132.35,1.169786
80768356,80743307,6620172,99.8929,25.0,100130.9,1.169769
80976501,80953355,6620172,99.7872,25.0,100132.16,1.1697837
81183984,81159526,6620172,99.65772,25.0,100133.72,1.169802
81340307,81317314,6620172,99.71321,25.0,100133.03,1.169794
81552410,81527338,6620172,99.74492,25.0,100132.66,1.1697896
81759491,81735342,6620172,99.61809,25.0,100134.17,1.1698072
81968108,81943523,6620172,99.726425,25.0,100132.87,1.1697919
82176394,82151435,6620172,99.731705,25.0,100132.805,1.1697912
82384718,82359438,6620172,99.78455,25.0,100132.19,1.1697841
82539911,82515291,6620172,99.66566,25.0,100133.62,1.1698008
82748098,82724898,6620172,99.63923,25.0,100133.914,1.1698042
82956729,82931395,6620172,99.71321,25.0,100133.04,1.169794
83164000,83139574,6620172,99.76606,25.0,100132.41,1.1697867
83376109,83351420,6620172,99.38293,25.0,100136.98,1.16984
83584780,83559193,6620172,99.63394,25.0,100133.984,1.169805
83740204,83715600,6620172,99.623375,25.0,100134.09,1.1698062
83948060,83923401,6620172,99.58902,25.0,100134.53,1.1698114
84157165,84131630,6620172,99.647156,25.0,100133.82,1.1698031
84364025,84339692,6620172,99.67094,25.0,100133.53,1.1697998
84572576,84547452,6620172,99.68679,25.0,100133.37,1.1697978
84779771,84755674,6620172,99.81626,25.0,100131.805,1.1697795
84988775,84963632,6620172,99.57846,25.0,100134.64,1.1698128
85143881,85118520,6620172,99.76077,25.0,100132.48,1.1697874
85352025,85327691,6620172,99.834755,25.0,100131.58,1.1697769
85561069,85536551,6620172,99.64451,25.0,100133.86,1.1698035
85768059,85744682,6620172,99.71321,25.0,100133.055,1.1697942
85975694,85951734,6620172,99.75285,25.0,100132.555,1.1697884
86184688,86159473,6620172,99.79513,25.0,100132.07,1.1697826
86391778,86367471,6620172,99.702644,25.0,100133.17,1.1697955
86547913,86523626,6620172,99.74228,25.0,100132.69,1.1697899
86756424,86732226,6620172,99.75285,25.0,100132.58,1.1697886
86964203,86939611,6620172,99.68943,25.0,100133.33,1.1697974
87172378,87147810,6620172,99.73436,25.0,100132.77,1.169791
87379711,87355524,6620172,99.832115,25.0,100131.63,1.1697775
87588116,87563510,6620172,99.86647,25.0,100131.23,1.1697729
87744400,87719668,6620172,99.726425,25.0,100132.88,1.1697922
87953008,87927876,6620172,99.69736,25.0,100133.22,1.1697961
88163695,88135937,6620172,99.85854,25.0,100131.31,1.1697738
88373179,88347748,6620172,99.81626,25.0,100131.8,1.1697795
88580398,88555483,6620172,99.676216,25.0,100133.484,1.1697992
88788390,88763087,6620172,99.66036,25.0,100133.664,1.1698012
88944503,88919759,6620172,99.71321,25.0,100133.03,1.169794
89152780,89127762,6620172,99.7185,25.0,100132.97,1.1697932
89360458,89335774,6620172,99.62866,25.0,100134.05,1.1698058
89568701,89543793,6620172,99.75285,25.0,100132.555,1.1697884
89780245,89755910,6620172,99.737,25.0,100132.74,1.1697905
89992295,89967743,6620172,99.705284,25.0,100133.13,1.1697952
90149090,90123630,6620172,99.78984,25.0,100132.13,1.1697834
90356115,90331641,6620172,99.86911,25.0,100131.195,1.1697724
90567926,90543798,6620172,99.70793,25.0,100133.12,1.1697949
90776418,90751656,6620172,99.544106,25.0,100135.055,1.1698176
90985149,90959892,6620172,99.5811,25.0,100134.61,1.1698123
91140892,91113959,6620172,99.62866,25.0,100134.055,1.1698059
91348304,91323662,6620172,99.65244,25.0,100133.75,1.1698023
91556413,91531723,6620172,99.79513,25.0,100132.06,1.1697825
91764422,91739607,6620172,99.84269,25.0,100131.5,1.169776
91972327,91947636,6620172,99.80834,25.0,100131.91,1.1697809
92179993,92155971,6620172,99.7687,25.0,100132.39,1.1697865
92388167,92363624,6620172,99.75549,25.0,100132.53,1.1697881
92545224,92519816,6620172,99.805695,25.0,100131.94,1.1697811
92753005,92727856,6620172,99.74492,25.0,100132.66,1.1697896
92960430,92935985,6620172,99.91403,25.0,100130.664,1.1697663
93168444,93145254,6620172,99.626015,25.0,100134.08,1.1698061
93376688,93351922,6620172,99.66566,25.0,100133.61,1.1698006
93589262,93564057,6620172,99.86118,25.0,100131.27,1.1697733
93744212,93720111,6620172,99.721146,25.0,100132.945,1.1697929
93952021,93928114,6620172,99.70793,25.0,100133.11,1.1697948
94160710,94136102,6620172,99.85326,25.0,100131.375,1.1697745
94371832,94343288,6620172,99.75285,25.0,100132.56,1.1697884
94580984,94555942,6620172,99.94309,25.0,100130.31,1.1697621
94788648,94761981,6620172,99.7872,25.0,100132.16,1.1697837
94944359,94919843,6620172,99.69736,25.0,100133.234,1.1697962
95153127,95128070,6620172,99.85326,25.0,100131.375,1.1697745
95364409,95340018,6620172,99.91139,25.0,100130.67,1.1697664
95576419,95549973,6620172,99.82154,25.0,100131.76,1.1697791
95785223,95760066,6620172,99.8374,25.0,100131.555,1.1697766
95993081,95967483,6620172,99.77135,25.0,100132.35,1.169786
96149071,96121997,6620172,99.69736,25.0,100133.24,1.1697963
96360507,96336045,6620172,99.74228,25.0,100132.7,1.1697901
96569145,96543834,6620172,99.75285,25.0,100132.56,1.1697884
96775940,96750401,6620172,99.71057,25.0,100133.086,1.1697946
96985186,96958863,6620172,99.81098,25.0,100131.88,1.1697805
97192675,97167319,6620172,99.826836,25.0,100131.695,1.1697782
97348601,97322230,6620172,99.855896,25.0,100131.33,1.169774
97558555,97532053,6620172,99.61809,25.0,100134.16,1.169807
97769017,97744045,6620172,99.86647,25.0,100131.23,1.1697729
97977105,97953777,6620172,99.8374,25.0,100131.56,1.1697767
98180528,98156321,6620172,99.68151,25.0,100133.414,1.1697984
98338859,98312079,6620172,99.61809,25.0,100134.164,1.1698071
98552921,98528221,6620172,99.7502,25.0,100132.59,1.1697888
98764779,98739953,6620172,99.700005,25.0,100133.195,1.1697959
98977856,98949721,6620172,99.49918,25.0,100135.586,1.1698238
99186487,99160011,6620172,99.63923,25.0,100133.93,1.1698045
99342536,99316653,6620172,99.69207,25.0,100133.3,1.169797
99550902,99524119,6620172,99.77399,25.0,100132.31,1.1697855
99764663,99740216,6620172,99.73964,25.0,100132.71,1.1697901
99972940,99947956,6620172,99.69207,25.0,100133.305,1.1697971
100184133,100158153,6620172,99.84005,25.0,100131.516,1.1697762
100340965,100316244,6620172,99.663,25.0,100133.65,1.1698011
100548627,100524139,6620172,99.55467,25.0,100134.94,1.1698163
100757194,100732377,6620172,99.68151,25.0,100133.43,1.1697985
100969521,100944052,6620172,99.60752,25.0,100134.305,1.1698087
101176886,101152268,6620172,99.467476,25.0,100135.98,1.1698283
101388707,101361926,6620172,99.48862,25.0,100135.72,1.1698253
101544781,101520030,6620172,99.41199,25.0,100136.64,1.169836
101753195,101727443,6620172,99.40142,25.0,100136.74,1.1698374
101964704,101936623,6620172,99.48862,25.0,100135.7,1.1698251
102172904,102148298,6620172,99.64187,25.0,100133.89,1.169804
102384995,102358234,6620172,99.60752,25.0,100134.3,1.1698086
102593133,102567418,6620172,99.48862,25.0,100135.71,1.1698252
102749326,102724393,6620172,99.596954,25.0,100134.414,1.16981
102956567,102933014,6620172,99.594315,25.0,100134.445,1.1698104
103160748,103136334,6620172,99.58638,25.0,100134.54,1.1698115
103366684,103340209,6620172,99.5124,25.0,100135.44,1.1698221
103572707,103548268,6620172,99.602234,25.0,100134.36,1.1698095
103784156,103756302,6620172,99.57581,25.0,100134.67,1.169813
103992699,103967725,6620172,99.573166,25.0,100134.695,1.1698134
104149525,104124384,6620172,99.58638,25.0,100134.55,1.1698116
104357261,104332252,6620172,99.62866,25.0,100134.04,1.1698056
104569030,104542134,6620172,99.62073,25.0,100134.14,1.169807
104776794,104752313,6620172,99.69207,25.0,100133.29,1.1697968
104985060,104960350,6620172,99.53353,25.0,100135.19,1.1698191
105140380,105116438,6620172,99.546745,25.0,100135.02,1.1698171
105349184,105324337,6620172,99.8374,25.0,100131.55,1.1697766
105560659,105536382,6620172,99.65244,25.0,100133.75,1.1698023
105769133,105743653,6620172,99.48862,25.0,100135.7,1.1698251
105976917,105952341,6620172,99.570526,25.0,100134.74,1.1698139
106184214,106158331,6620172,99.48597,25.0,100135.74,1.1698256
106341135,106316335,6620172,99.602234,25.0,100134.36,1.1698095
106548840,106524485,6620172,99.570526,25.0,100134.74,1.1698139
106756910,106732479,6620172,99.5626,25.0,100134.836,1.169815
106964921,106940548,6620172,99.67358,25.0,100133.5,1.1697993
107172900,107148352,6620172,99.39877,25.0,100136.76,1.1698374
107381398,107356491,6620172,99.58374,25.0,100134.57,1.169812
107588436,107563609,6620172,99.39085,25.0,100136.87,1.1698388
107744956,107720603,6620172,99.27724,25.0,100138.24,1.1698548
107953282,107928560,6620172,99.446335,25.0,100136.2,1.1698309
108161042,108136515,6620172,99.33272,25.0,100137.555,1.1698468
108368922,108344595,6620172,99.51768,25.0,100135.37,1.1698213
108577211,108552534,6620172,99.467476,25.0,100135.98,1.1698283
108784464,108758781,6620172,99.42256,25.0,100136.49,1.1698344
108940508,108917694,6620172,99.35914,25.0,100137.26,1.1698432
109148910,109124408,6620172,99.39613,25.0,100136.81,1.1698381
109357712,109332559,6620172,99.57581,25.0,100134.67,1.169813
109564859,109540490,6620172,99.60487,25.0,100134.336,1.1698092
109772528,109748620,6620172,99.65508,25.0,100133.734,1.1698021
109981169,109955033,6620172,99.45427,25.0,100136.12,1.16983
110188492,110164393,6620172,99.53353,25.0,100135.164,1.1698188
110345624,110320512,6620172,99.599594,25.0,100134.4,1.1698099
110552875,110528273,6620172,99.40142,25.0,100136.734,1.1698372
110761200,110736723,6620172,99.67094,25.0,100133.52,1.1697997
110969174,110944822,6620172,99.599594,25.0,100134.41,1.1698099
111177465,111152558,6620172,99.596954,25.0,100134.414,1.16981
111385831,111360542,6620172,99.41463,25.0,100136.59,1.1698356
111540695,111516645,6620172,99.570526,25.0,100134.73,1.1698136
111753182,111724566,6620172,99.65244,25.0,100133.75,1.1698023
111961643,111936773,6620172,99.56789,25.0,100134.766,1.1698142
112169613,112144496,6620172,99.65244,25.0,100133.766,1.1698025
112377682,112352608,6620172,99.544106,25.0,100135.055,1.1698176
112585339,112560769,6620172,99.63659,25.0,100133.945,1.1698046
112741668,112717568,6620172,99.90346,25.0,100130.79,1.1697677
112949215,112924573,6620172,99.51504,25.0,100135.39,1.1698215
113157593,113132777,6620172,99.65772,25.0,100133.69,1.1698016
113365014,113342403,6620172,99.7502,25.0,100132.59,1.1697888
113572747,113548666,6620172,99.61545,25.0,100134.195,1.1698076
113781348,113756433,6620172,99.5124,25.0,100135.414,1.1698217
113988700,113966066,6620172,99.61809,25.0,100134.164,1.1698071
114145058,114120684,6620172,99.65244,25.0,100133.76,1.1698024
114352682,114327452,6620172,99.84797,25.0,100131.43,1.1697751
114565011,114540660,6620172,99.71321,25.0,100133.03,1.169794
114773146,114748546,6620172,99.623375,25.0,100134.11,1.1698065
114984804,114960690,6620172,99.63659,25.0,100133.945,1.1698046
115193998,115168709,6620172,99.71057,25.0,100133.08,1.1697944
115348869,115324595,6620172,99.43312,25.0,100136.38,1.1698331
115555485,115530629,6620172,99.63923,25.0,100133.91,1.1698041
115767219,115740638,6620172,99.17683,25.0,100139.44,1.1698687
115972814,115948913,6620172,98.94166,25.0,100142.23,1.1699013
116181367,116156924,6620172,98.14368,25.0,100151.72,1.1700122
116389378,116366319,6620172,97.38533,25.0,100160.74,1.1701176
116547166,116520799,6620172,96.669266,25.0,100169.26,1.1702172
116753450,116729003,6620172,95.68368,25.0,100181.0,1.1703544
116957586,116932786,6620172,94.48671,25.0,100195.24,1.1705207
117169042,117143070,6620172,93.22896,25.0,100210.2,1.1706954
117373473,117347656,6620172,92.03728,25.0,100224.39,1.1708611
117581412,117556828,6620172,90.539085,25.0,100242.22,1.1710695
117739315,117712892,6620172,89.62484,25.0,100253.11,1.1711967
117949864,117922783,6620172,88.28783,25.0,100269.02,1.1713825
118157711,118132708,6620172,86.56503,25.0,100289.555,1.1716225
118364979,118340822,6620172,85.082695,25.0,100307.21,1.1718287
118573716,118548444,6620172,83.31763,25.0,100328.25,1.1720746
118780809,118756881,6620172,81.71902,25.0,100347.3,1.172297
118989977,118964790,6620172,79.89846,25.0,100369.0,1.1725506
119149544,119122819,6620172,78.698845,25.0,100383.3,1.1727176
119359473,119332917,6620172,76.67747,25.0,100407.39,1.1729991
119569550,119543232,6620172,74.611176,25.0,100432.04,1.173287
119777929,119752897,6620172,72.674355,25.0,100455.14,1.1735569
119987475,119962727,6620172,70.52879,25.0,100480.734,1.1738559
120147404,120120787,6620172,68.82185,25.0,100501.086,1.1740937
120361537,120337000,6620172,66.70271,25.0,100526.375,1.1743891
120575368,120546804,6620172,65.0222,25.0,100546.45,1.1746237
120787078,120760265,6620172,62.718098,25.0,100573.93,1.1749446
120949653,120924869,6620172,61.629463,25.0,100586.94,1.1750966
121163500,121137074,6620172,60.107483,25.0,100605.12,1.175309
121373431,121349085,6620172,58.474533,25.0,100624.62,1.1755369
121581030,121558273,6620172,57.407036,25.0,100637.375,1.1756859
121789662,121764795,6620172,56.04888,25.0,100653.586,1.1758752
121945590,121920883,6620172,55.00781,25.0,100666.02,1.1760206
122157475,122135752,6620172,53.781773,25.0,100680.664,1.1761916
122370727,122342943,6620172,52.7407,25.0,100693.125,1.1763371
122577955,122553001,6620172,52.19902,25.0,100699.6,1.1764128
122785576,122761203,6620172,51.49881,25.0,100707.97,1.1765106
122941721,122918930,6620172,51.327057,25.0,100710.03,1.1765347
123151799,123125225,6620172,51.493523,25.0,100708.016,1.176511
123358217,123333093,6620172,51.710194,25.0,100705.44,1.176481
123569350,123541052,6620172,52.254513,25.0,100698.93,1.176405
123781749,123756779,6620172,52.944157,25.0,100690.71,1.1763089
123989076,123964505,6620172,53.491116,25.0,100684.16,1.1762323
124150541,124124064,6620172,53.895393,25.0,100679.32,1.1761758
124357892,124331689,6620172,54.415928,25.0,100673.086,1.1761031
124566280,124541259,6620172,55.27468,25.0,100662.82,1.1759831
124777075,124751274,6620172,55.562695,25.0,100659.4,1.1759431
124985616,124960931,6620172,56.31047,25.0,100650.46,1.1758388
125141815,125117224,6620172,56.550922,25.0,100647.586,1.1758051
125352044,125325145,6620172,57.153374,25.0,100640.4,1.1757212
125561891,125537207,6620172,57.790173,25.0,100632.79,1.1756324
125769902,125743083,6620172,58.363552,25.0,100625.94,1.1755522
125977963,125953184,6620172,58.992428,25.0,100618.43,1.1754645
126187931,126161197,6620172,59.58695,25.0,100611.32,1.1753814
126348093,126319276,6620172,60.213177,25.0,100603.85,1.1752943
126553895,126529164,6620172,60.691437,25.0,100598.14,1.1752275
126763722,126737246,6620172,61.48413,25.0,100588.67,1.1751169
126970711,126945267,6620172,62.123573,25.0,100581.03,1.1750276
127177975,127153474,6620172,62.657326,25.0,100574.66,1.1749532
127391693,127365307,6620172,63.397175,25.0,100565.836,1.1748501
127548326,127521161,6620172,63.8173,25.0,100560.81,1.1747915
127755539,127729318,6620172,64.5915,25.0,100551.56,1.1746833
127965853,127939457,6620172,65.1094,25.0,100545.41,1.1746114
128173656,128149267,6620172,65.7964,25.0,100537.2,1.1745156
128382063,128357071,6620172,66.39356,25.0,100530.08,1.1744324
128585515,128561118,6620172,67.20476,25.0,100520.375,1.174319
128741961,128717408,6620172,67.50334,25.0,100516.82,1.1742775
128949328,128923199,6620172,68.08729,25.0,100509.86,1.1741961
129162360,129137254,6620172,68.71088,25.0,100502.414,1.1741091
129373758,129345609,6620172,69.3741,25.0,100494.5,1.1740167
129577785,129553363,6620172,70.21964,25.0,100484.41,1.1738988
129785634,129761232,6620172,70.89343,25.0,100476.39,1.1738051
129942971,129917343,6620172,71.51966,25.0,100468.89,1.1737175
130151051,130125308,6620172,71.96093,25.0,100463.63,1.1736561
130359919,130333598,6620172,72.73248,25.0,100454.42,1.1735486
130573374,130546214,6620172,73.46441,25.0,100445.7,1.1734467
130781813,130757419,6620172,74.16199,25.0,100437.39,1.1733496
130939365,130913279,6620172,74.45,25.0,100433.97,1.1733096
131146303,131121175,6620172,75.10793,25.0,100426.1,1.1732177
131354415,131329364,6620172,75.60733,25.0,100420.15,1.1731482
131561801,131537571,6620172,76.45551,25.0,100410.03,1.1730299
131773881,131747491,6620172,77.17687,25.0,100401.44,1.1729295
131981504,131957115,6620172,77.742325,25.0,100394.695,1.1728508
132189747,132165227,6620172,78.58523,25.0,100384.664,1.1727335
132345832,132321498,6620172,78.99742,25.0,100379.72,1.1726758
132555116,132529459,6620172,79.74521,25.0,100370.81,1.1725718
132761921,132737431,6620172,80.29217,25.0,100364.3,1.1724956
132969755,132945407,6620172,80.92104,25.0,100356.805,1.1724081
133178087,133154231,6620172,81.695244,25.0,100347.586,1.1723005
133385532,133361367,6620172,82.18406,25.0,100341.76,1.1722324
133593711,133571298,6620172,83.02696,25.0,100331.71,1.172115
133749935,133725435,6620172,83.63205,25.0,100324.51,1.1720308
133962956,133937490,6620172,84.107666,25.0,100318.82,1.1719644
134169849,134146814,6620172,84.641426,25.0,100312.484,1.1718904
134378769,134353529,6620172,85.55038,25.0,100301.65,1.1717638
134586752,134561281,6620172,86.10263,25.0,100295.06,1.1716868
134793925,134769200,6620172,86.66808,25.0,100288.32,1.1716081
134949984,134925514,6620172,87.289024,25.0,100280.92,1.1715215
135158395,135133711,6620172,87.71444,25.0,100275.875,1.1714627
135366089,135341709,6620172,88.41994,25.0,100267.48,1.1713645
135573647,135549523,6620172,89.128075,25.0,100259.016,1.1712657
135781966,135757399,6620172,89.75167,25.0,100251.6,1.171179
135937543,135911817,6620172,90.40961,25.0,100243.766,1.1710876
136151949,136125845,6620172,90.9777,25.0,100237.016,1.1710087
136354814,136329695,6620172,91.71491,25.0,100228.21,1.1709058
136562369,136536792,6620172,92.24602,25.0,100221.89,1.170832
136770140,136745722,6620172,93.17083,25.0,100210.91,1.1707036
136980436,136953552,6620172,93.678154,25.0,100204.86,1.1706331
137138374,137113497,6620172,94.26475,25.0,100197.88,1.1705515
137348085,137321433,6620172,94.94911,25.0,100189.72,1.1704562
137554180,137530109,6620172,95.646675,25.0,100181.44,1.1703594
137762417,137737568,6620172,96.30198,25.0,100173.625,1.1702682
137972140,137945746,6620172,96.87272,25.0,100166.83,1.1701887
138182955,138156623,6620172,97.5703,25.0,100158.52,1.1700917
138389969,138365594,6620172,97.90058,25.0,100154.59,1.1700459
138545991,138522039,6620172,98.278435,25.0,100150.09,1.1699932
138754999,138729502,6620172,98.75405,25.0,100144.46,1.1699274
138962978,138937698,6620172,98.98657,25.0,100141.67,1.1698948
139170306,139145591,6620172,99.21909,25.0,100138.91,1.1698626
139379443,139353313,6620172,99.48333,25.0,100135.76,1.1698258
139590325,139565662,6620172,99.594315,25.0,100134.44,1.1698103
139746247,139722574,6620172,99.64187,25.0,100133.89,1.169804
139958966,139933994,6620172,99.779274,25.0,100132.26,1.1697849
140166433,140141772,6620172,99.78191,25.0,100132.23,1.1697845
140376246,140349857,6620172,100.06993,25.0,100128.8,1.1697445
140585604,140561604,6620172,100.01708,25.0,100129.42,1.1697518
140741832,140717543,6620172,100.12278,25.0,100128.18,1.1697372
140952374,140925745,6620172,100.091064,25.0,100128.54,1.1697414
141165744,141139669,6620172,100.26017,25.0,100126.55,1.1697181
141376833,141349541,6620172,100.06464,25.0,100128.87,1.1697453
141585759,141559498,6620172,100.35266,25.0,100125.42,1.1697049
141790175,141765018,6620172,100.18883,25.0,100127.37,1.1697278
141946624,141920763,6620172,100.15977,25.0,100127.734,1.169732
142155057,142129729,6620172,100.217896,25.0,100127.02,1.1697237
142362432,142336566,6620172,100.42664,25.0,100124.56,1.1696949
142570301,142545845,6620172,100.34209,25.0,100125.57,1.1697067
142777861,142752060,6620172,100.117485,25.0,100128.24,1.1697379
142986586,142961731,6620172,100.20468,25.0,100127.18,1.1697255
143190599,143165919,6620172,100.19676,25.0,100127.29,1.1697268
143348125,143321830,6620172,99.99594,25.0,100129.664,1.1697546
143553963,143529578,6620172,100.04878,25.0,100129.04,1.1697472
143764226,143738019,6620172,100.215256,25.0,100127.06,1.1697242
143970838,143940894,6620172,99.95631,25.0,100130.16,1.1697603
144178953,144153834,6620172,100.18091,25.0,100127.47,1.1697289
144386532,144361630,6620172,100.27866,25.0,100126.3,1.1697152
144542940,144518099,6620172,100.22582,25.0,100126.945,1.1697228
144752276,144726017,6620172,100.03029,25.0,100129.26,1.1697499
144959216,144933873,6620172,100.17562,25.0,100127.53,1.1697296
145166376,145141787,6620172,100.08578,25.0,100128.61,1.1697422
145374043,145349943,6620172,100.093704,25.0,100128.516,1.1697412
145587559,145561744,6620172,99.96952,25.0,100129.984,1.1697583
145742665,145718057,6620172,100.04614,25.0,100129.08,1.1697477
145950368,145926045,6620172,100.08314,25.0,100128.66,1.1697428
146158356,146132227,6620172,99.89554,25.0,100130.875,1.1697687
146366379,146341998,6620172,100.25753,25.0,100126.57,1.1697185
146574877,146549916,6620172,100.112206,25.0,100128.305,1.1697388
146736668,146706078,6620172,100.08578,25.0,100128.62,1.1697423
146944643,146920034,6620172,99.96952,25.0,100129.98,1.1697582
147156672,147129988,6620172,100.12806,25.0,100128.1,1.1697363
147367160,147342104,6620172,100.223175,25.0,100126.984,1.1697233
147574533,147550048,6620172,100.011795,25.0,100129.48,1.1697524
147782680,147757907,6620172,100.17826,25.0,100127.5,1.1697294
147990553,147967006,6620172,99.95895,25.0,100130.13,1.16976
148146046,148121913,6620172,100.30773,25.0,100125.96,1.1697114
148354830,148330219,6620172,100.1994,25.0,100127.25,1.1697264
148563098,148537579,6620172,100.14127,25.0,100127.95,1.1697346
148771491,148746041,6620172,100.06728,25.0,100128.84,1.169745
148982886,148957336,6620172,100.20468,25.0,100127.19,1.1697257
149191029,149166137,6620172,100.24696,25.0,100126.7,1.16972
149346526,149322255,6620172,100.04614,25.0,100129.07,1.1697476
149554715,149530166,6620172,100.12278,25.0,100128.164,1.169737
149762543,149738104,6620172,100.23375,25.0,100126.87,1.1697218
149971367,149946203,6620172,100.10163,25.0,100128.414,1.16974
150178358,150153830,6620172,100.117485,25.0,100128.23,1.1697378
150390107,150365860,6620172,99.834755,25.0,100131.58,1.1697769
150546619,150522270,6620172,100.12806,25.0,100128.09,1.1697361
150755093,150730036,6620172,100.05672,25.0,100128.97,1.1697464
150963311,150937421,6620172,100.18883,25.0,100127.38,1.1697279
151170220,151146150,6620172,99.99594,25.0,100129.67,1.1697547
151379048,151354227,6620172,99.87704,25.0,100131.08,1.1697711
151587331,151562122,6620172,99.91139,25.0,100130.68,1.1697664
151742188,151717983,6620172,99.94574,25.0,100130.266,1.1697615
151950281,151926127,6620172,100.0435,25.0,100129.12,1.1697482
152162803,152138089,6620172,100.117485,25.0,100128.23,1.1697378
152375236,152350211,6620172,99.94838,25.0,100130.234,1.1697613
152582323,152558089,6620172,100.05408,25.0,100128.98,1.1697465
152790253,152765892,6620172,100.04878,25.0,100129.06,1.1697476
152946655,152923478,6620172,100.09899,25.0,100128.445,1.1697404
153154067,153128746,6620172,100.014435,25.0,100129.445,1.169752
153362698,153338259,6620172,99.98008,25.0,100129.875,1.169757
153574684,153550301,6620172,99.94045,25.0,100130.336,1.1697624
153782756,153759206,6620172,99.89024,25.0,100130.93,1.1697694
153990427,153965407,6620172,99.9061,25.0,100130.76,1.1697673
154146816,154122218,6620172,99.8374,25.0,100131.555,1.1697766
154355211,154330247,6620172,99.81362,25.0,100131.83,1.1697799
154562677,154538174,6620172,99.990654,25.0,100129.73,1.1697553
154770366,154746130,6620172,99.89818,25.0,100130.836,1.1697682
154983319,154959597,6620172,99.91139,25.0,100130.68,1.1697664
155192011,155166292,6620172,99.824196,25.0,100131.71,1.1697785
155346331,155322109,6620172,99.73964,25.0,100132.72,1.1697903
155554730,155530337,6620172,99.93781,25.0,100130.375,1.1697628
155763172,155738343,6620172,99.89024,25.0,100130.945,1.1697695
155970851,155946191,6620172,99.884964,25.0,100130.99,1.1697701
156179091,156153947,6620172,99.66566,25.0,100133.61,1.1698006
156387386,156362228,6620172,99.87439,25.0,100131.12,1.1697716
156543149,156518303,6620172,99.68415,25.0,100133.375,1.1697979
156751740,156727943,6620172,99.829475,25.0,100131.65,1.1697778
156960373,156934155,6620172,99.87439,25.0,100131.125,1.1697716
157167361,157142363,6620172,99.8374,25.0,100131.55,1.1697766
157375007,157350460,6620172,99.84269,25.0,100131.51,1.1697761
157583410,157558365,6620172,99.84005,25.0,100131.516,1.1697762
157790794,157767355,6620172,99.647156,25.0,100133.83,1.1698033
157950581,157926294,6620172,99.729065,25.0,100132.85,1.1697918
158159641,158134578,6620172,99.84533,25.0,100131.47,1.1697757
158367147,158342608,6620172,99.9246,25.0,100130.51,1.1697644
158575740,158550408,6620172,99.90346,25.0,100130.79,1.1697677
158782804,158758513,6620172,99.79513,25.0,100132.06,1.1697825
158991614,158966388,6620172,99.834755,25.0,100131.6,1.1697773
159146423,159122285,6620172,99.85061,25.0,100131.41,1.1697749
159354830,159328509,6620172,99.76341,25.0,100132.44,1.1697869
159563122,159538514,6620172,99.78191,25.0,100132.234,1.1697845
159771306,159746415,6620172,99.76341,25.0,100132.44,1.1697869
159979335,159954274,6620172,99.76341,25.0,100132.445,1.169787
160186969,160162440,6620172,99.663,25.0,100133.63,1.169801
160343734,160318330,6620172,99.76341,25.0,100132.44,1.1697869
160551713,160526414,6620172,99.705284,25.0,100133.13,1.1697952
160759323,160734463,6620172,99.626015,25.0,100134.08,1.1698061
160966834,160943816,6620172,99.69736,25.0,100133.22,1.1697961
161174619,161152336,6620172,99.69207,25.0,100133.28,1.1697968
161383215,161358408,6620172,99.86647,25.0,100131.21,1.1697726
161591178,161566455,6620172,99.52825,25.0,100135.23,1.1698196
161747046,161722400,6620172,99.71585,25.0,100133.016,1.1697937
161955713,161930532,6620172,99.65772,25.0,100133.69,1.1698016
162162576,162139784,6620172,99.51768,25.0,100135.36,1.1698211
162371737,162346572,6620172,99.69736,25.0,100133.22,1.1697961
162579075,162554572,6620172,99.721146,25.0,100132.94,1.1697928
162787606,162762408,6620172,99.69472,25.0,100133.26,1.1697966
162942502,162918396,6620172,99.71585,25.0,100133.016,1.1697937
163151475,163127467,6620172,99.69736,25.0,100133.24,1.1697963
163359636,163334630,6620172,99.57846,25.0,100134.66,1.1698128
163566794,163541518,6620172,99.50712,25.0,100135.5,1.1698228
163775323,163750687,6620172,99.443695,25.0,100136.24,1.1698314
163983320,163960088,6620172,99.50446,25.0,100135.516,1.1698229
164190679,164166467,6620172,99.65508,25.0,100133.73,1.169802
164347766,164323918,6620172,99.55731,25.0,100134.88,1.1698155
164555946,164530639,6620172,99.71321,25.0,100133.03,1.169794
164763029,164738637,6620172,99.64187,25.0,100133.875,1.1698037
164971515,164946588,6620172,99.70793,25.0,100133.12,1.1697949
165183208,165158465,6620172,99.5626,25.0,100134.82,1.1698148
165339464,165316206,6620172,99.700005,25.0,100133.2,1.169796
165547223,165522780,6620172,99.45162,25.0,100136.15,1.1698303
165755884,165730659,6620172,99.438416,25.0,100136.31,1.1698322
165964154,165938260,6620172,99.58638,25.0,100134.55,1.1698116
166171022,166145235,6620172,99.51504,25.0,100135.41,1.1698216
166379727,166354768,6620172,99.65508,25.0,100133.73,1.169802
166587227,166562819,6620172,99.55467,25.0,100134.92,1.169816
166747246,166719144,6620172,99.50712,25.0,100135.48,1.1698225
166959008,166930999,6620172,99.68679,25.0,100133.36,1.1697977
167166981,167142716,6620172,99.6313,25.0,100134.016,1.1698054
167376041,167350743,6620172,99.52825,25.0,100135.26,1.16982
167584040,167558597,6620172,99.573166,25.0,100134.695,1.1698134
167792006,167766970,6620172,99.47276,25.0,100135.914,1.1698276
167948070,167924606,6620172,99.68151,25.0,100133.41,1.1697983
168155164,168130752,6620172,99.493904,25.0,100135.66,1.1698246
168363595,168338531,6620172,99.48333,25.0,100135.77,1.1698259
168571251,168546666,6620172,99.62866,25.0,100134.05,1.1698058
168780089,168754982,6620172,99.55467,25.0,100134.93,1.1698161
168988077,168962690,6620172,99.66036,25.0,100133.664,1.1698012
169143569,169118737,6620172,99.493904,25.0,100135.65,1.1698245
169351757,169328721,6620172,99.62866,25.0,100134.06,1.169806
169558680,169533245,6620172,99.53089,25.0,100135.195,1.1698192
169767365,169743040,6620172,99.45955,25.0,100136.06,1.1698294
169975540,169950859,6620172,99.57846,25.0,100134.66,1.1698128
170187607,170162832,6620172,99.58638,25.0,100134.54,1.1698115
170344164,170318712,6620172,99.48069,25.0,100135.81,1.1698264
170552161,170526913,6620172,99.43048,25.0,100136.39,1.1698331
170756186,170730975,6620172,99.56789,25.0,100134.77,1.1698142
170963499,170938969,6620172,99.53618,25.0,100135.14,1.1698186
171170924,171146913,6620172,99.45427,25.0,100136.12,1.16983
171380245,171354880,6620172,99.55731,25.0,100134.9,1.1698157
171587828,171562931,6620172,99.71057,25.0,100133.06,1.1697943
171743693,171718855,6620172,99.45691,25.0,100136.1,1.1698297
171953430,171926894,6620172,99.54939,25.0,100134.99,1.1698169
172157482,172132692,6620172,99.71057,25.0,100133.086,1.1697946
172363607,172339006,6620172,99.87704,25.0,100131.09,1.1697713
172571449,172546880,6620172,99.721146,25.0,100132.95,1.169793
172784239,172756817,6620172,99.85854,25.0,100131.31,1.1697738
172991505,172967004,6620172,99.68679,25.0,100133.36,1.1697977
173149720,173123126,6620172,99.5811,25.0,100134.6,1.1698122
173357324,173331024,6620172,99.824196,25.0,100131.7,1.1697783
173569579,173544798,6620172,99.7687,25.0,100132.37,1.1697861
173781014,173754858,6620172,99.76077,25.0,100132.46,1.1697873
173984161,173958283,6620172,99.729065,25.0,100132.85,1.1697918
174191797,174167136,6620172,99.80305,25.0,100131.98,1.1697817
174347647,174324468,6620172,99.626015,25.0,100134.08,1.1698061
174559637,174534824,6620172,99.805695,25.0,100131.945,1.1697812
174773156,174744954,6620172,99.7502,25.0,100132.586,1.1697887
174980122,174955078,6620172,99.68151,25.0,100133.414,1.1697984
175188323,175163148,6620172,99.7687,25.0,100132.38,1.1697863
175349438,175321153,6620172,99.67358,25.0,100133.5,1.1697993
175554865,175529886,6620172,99.64451,25.0,100133.86,1.1698035
175767874,175743012,6620172,99.81626,25.0,100131.805,1.1697795
175974113,175949186,6620172,99.75549,25.0,100132.52,1.169788
176184291,176159302,6620172,99.85326,25.0,100131.38,1.1697747
176339615,176315077,6620172,99.61809,25.0,100134.164,1.1698071
176547127,176523123,6620172,99.77399,25.0,100132.33,1.1697857
176755670,176731179,6620172,99.73436,25.0,100132.79,1.1697911
176964287,176939320,6620172,99.68679,25.0,100133.36,1.1697977
177175547,177149764,6620172,99.89554,25.0,100130.86,1.1697686
177387344,177360906,6620172,99.77399,25.0,100132.31,1.1697855
177543894,177519262,6620172,99.75813,25.0,100132.49,1.1697875
177751695,177727254,6620172,99.74756,25.0,100132.63,1.1697892
177959495,177935285,6620172,99.70793,25.0,100133.1,1.1697947
178167562,178143219,6620172,99.879684,25.0,100131.055,1.1697708
178372381,178347182,6620172,99.86911,25.0,100131.195,1.1697724
178588011,178561089,6620172,99.71057,25.0,100133.08,1.1697944
178744330,178719244,6620172,99.96952,25.0,100129.984,1.1697583
178955374,178927314,6620172,99.94574,25.0,100130.266,1.1697615
179163939,179139363,6620172,99.663,25.0,100133.63,1.169801
179372027,179349032,6620172,99.8374,25.0,100131.55,1.1697766
179580011,179555249,6620172,99.805695,25.0,100131.945,1.1697812
179787662,179763254,6620172,99.90346,25.0,100130.79,1.1697677
179943995,179919258,6620172,99.90874,25.0,100130.72,1.1697669
180152264,180127384,6620172,99.94045,25.0,100130.336,1.1697624
180359688,180335187,6620172,99.98008,25.0,100129.84,1.1697567
180567354,180543275,6620172,99.935165,25.0,100130.41,1.1697632
180775709,180751232,6620172,99.95367,25.0,100130.17,1.1697606
180983453,180959303,6620172,99.929886,25.0,100130.46,1.1697639
181191817,181167338,6620172,99.91139,25.0,100130.68,1.1697664
181348071,181323265,6620172,99.67094,25.0,100133.555,1.1698
181556412,181535645,6620172,100.04086,25.0,100129.164,1.1697488
181764445,181739187,6620172,99.541466,25.0,100135.06,1.1698177
181972069,181947429,6620172,99.832115,25.0,100131.61,1.1697773
182180301,182156413,6620172,99.726425,25.0,100132.87,1.1697919
182387924,182364824,6620172,99.90874,25.0,100130.7,1.1697667
182543964,182519225,6620172,99.882324,25.0,100131.016,1.1697704
182751918,182727233,6620172,99.7502,25.0,100132.59,1.1697888
182960254,182935982,6620172,99.79777,25.0,100132.055,1.1697825
183167865,183143433,6620172,99.89818,25.0,100130.83,1.1697682
183376490,183351421,6620172,99.79777,25.0,100132.05,1.1697824
183583838,183559270,6620172,99.570526,25.0,100134.73,1.1698136
183791801,183767354,6620172,99.8929,25.0,100130.914,1.1697692
183952279,183927414,6620172,99.573166,25.0,100134.695,1.1698134
184159930,184133584,6620172,99.599594,25.0,100134.38,1.1698097
184367809,184343252,6620172,99.6498,25.0,100133.805,1.1698029
184575395,184551260,6620172,99.75285,25.0,100132.555,1.1697884
184788397,184763050,6620172,99.63923,25.0,100133.91,1.1698041
184944172,184919322,6620172,99.85326,25.0,100131.38,1.1697747
185152453,185127413,6620172,99.626015,25.0,100134.08,1.1698061
185364595,185337943,6620172,99.78984,25.0,100132.13,1.1697834
185571914,185547705,6620172,99.92724,25.0,100130.5,1.1697643
185779499,185754427,6620172,99.77663,25.0,100132.3,1.1697853
185992204,185967683,6620172,99.84533,25.0,100131.46,1.1697756
186148177,186123590,6620172,99.75813,25.0,100132.49,1.1697875
186356559,186331530,6620172,99.97216,25.0,100129.97,1.1697581
186563707,186539437,6620172,99.96424,25.0,100130.06,1.1697592
186772040,186747424,6620172,99.85854,25.0,100131.32,1.1697739
186979893,186957047,6620172,99.879684,25.0,100131.06,1.1697708
187188273,187163399,6620172,99.81098,25.0,100131.87,1.1697803
187344985,187319699,6620172,99.8374,25.0,100131.57,1.1697768
187552639,187529182,6620172,100.00123,25.0,100129.61,1.1697539
187760807,187735598,6620172,99.90874,25.0,100130.7,1.1697667
187968185,187944364,6620172,99.95631,25.0,100130.15,1.1697602
188176362,188151608,6620172,99.86118,25.0,100131.29,1.1697736
188384008,188358886,6620172,99.89554,25.0,100130.875,1.1697687
188592528,188567457,6620172,99.90346,25.0,100130.766,1.1697674
188749226,188723432,6620172,99.76077,25.0,100132.46,1.1697873
188955457,188929665,6620172,99.75285,25.0,100132.56,1.1697884
189164153,189139729,6620172,99.8374,25.0,100131.55,1.1697766
189372060,189347676,6620172,99.9246,25.0,100130.52,1.1697646
189580867,189555414,6620172,99.779274,25.0,100132.24,1.1697847
189788271,189763284,6620172,100.05408,25.0,100128.98,1.1697465
189944950,189920355,6620172,99.78191,25.0,100132.23,1.1697845
190152886,190127695,6620172,99.94309,25.0,100130.29,1.1697619
190360551,190335645,6620172,99.70793,25.0,100133.11,1.1697948
190568085,190543751,6620172,99.67094,25.0,100133.53,1.1697998
190776281,190751871,6620172,99.68415,25.0,100133.39,1.1697981
190984339,190959549,6620172,99.87175,25.0,100131.164,1.1697721
191192297,191167619,6620172,99.702644,25.0,100133.17,1.1697955
191348022,191323553,6620172,99.63923,25.0,100133.914,1.1698042
191556870,191531562,6620172,99.570526,25.0,100134.73,1.1698136
191764422,191739772,6620172,99.52825,25.0,100135.23,1.1698196
191972664,191947739,6620172,99.51504,25.0,100135.39,1.1698215
192180052,192154859,6620172,99.69472,25.0,100133.27,1.1697968
192392867,192367858,6620172,99.541466,25.0,100135.086,1.1698178
192545832,192521599,6620172,99.623375,25.0,100134.1,1.1698064
192756607,192731707,6620172,99.48069,25.0,100135.81,1.1698264
192964334,192939938,6620172,99.61545,25.0,100134.195,1.1698076
193172359,193147801,6620172,99.52032,25.0,100135.34,1.1698209
193380475,193355938,6620172,99.60752,25.0,100134.31,1.1698089
193588319,193563886,6620172,99.47276,25.0,100135.91,1.1698275
193744020,193719784,6620172,99.55996,25.0,100134.87,1.1698154
193952229,193930050,6620172,99.47012,25.0,100135.945,1.1698279
194160521,194136023,6620172,99.63923,25.0,100133.92,1.1698043
194367958,194343734,6620172,99.43312,25.0,100136.37,1.169833
194577000,194551823,6620172,99.66036,25.0,100133.68,1.1698015
194740595,194715382,6620172,99.441055,25.0,100136.29,1.169832
194948602,194923729,6620172,99.48333,25.0,100135.76,1.1698258
195156555,195131861,6620172,99.435776,25.0,100136.34,1.1698326
195364909,195338636,6620172,99.61016,25.0,100134.28,1.1698085
195572830,195547895,6620172,99.56789,25.0,100134.75,1.169814
195780688,195755818,6620172,99.52825,25.0,100135.25,1.1698198
195940326,195912076,6620172,99.731705,25.0,100132.81,1.1697913
196149749,196122851,6620172,99.546745,25.0,100135.03,1.1698172
196356221,196331846,6620172,99.45955,25.0,100136.06,1.1698294
196564535,196540119,6620172,99.345924,25.0,100137.41,1.169845
196772745,196746510,6620172,99.03678,25.0,100141.09,1.1698881
196980456,196957361,6620172,98.99979,25.0,100141.52,1.1698931
197188458,197164647,6620172,98.70649,25.0,100145.016,1.1699339
197345383,197319896,6620172,98.820114,25.0,100143.664,1.1699182
197551748,197527713,6620172,98.57174,25.0,100146.625,1.1699526
197761129,197735979,6620172,98.44754,25.0,100148.086,1.1699698
197973049,197947882,6620172,98.21766,25.0,100150.82,1.1700017
198180999,198155981,6620172,97.95342,25.0,100153.97,1.1700386
198388264,198364083,6620172,97.97457,25.0,100153.71,1.1700355
198544437,198519929,6620172,97.81338,25.0,100155.64,1.170058
198752502,198727899,6620172,97.54123,25.0,100158.89,1.1700959
198960682,198935816,6620172,97.22943,25.0,100162.59,1.1701393
199169138,199143903,6620172,97.12638,25.0,100163.83,1.1701537
199379898,199357569,6620172,96.957275,25.0,100165.84,1.1701772
199588626,199563269,6620172,96.94142,25.0,100166.03,1.1701794
199748983,199720050,6620172,96.595276,25.0,100170.14,1.1702274
199956622,199932109,6620172,96.66397,25.0,100169.336,1.1702181
200164604,200140177,6620172,96.27291,25.0,100173.984,1.1702724
200373148,200347998,6620172,96.029816,25.0,100176.86,1.1703058
200581254,200555980,6620172,95.86864,25.0,100178.78,1.1703284
200789180,200764119,6620172,95.80787,25.0,100179.51,1.170337
200944870,200920020,6620172,95.530426,25.0,100182.8,1.1703753
201153466,201128210,6620172,95.46436,25.0,100183.58,1.1703844
201360857,201336047,6620172,95.17899,25.0,100187.01,1.1704246
201568603,201544195,6620172,95.142,25.0,100187.43,1.1704295
201777113,201751946,6620172,94.814354,25.0,100191.34,1.1704751
201985306,201960192,6620172,94.6611,25.0,100193.15,1.1704962
202193132,202167989,6620172,94.39158,25.0,100196.375,1.1705339
202349369,202324071,6620172,94.20133,25.0,100198.63,1.1705602
202556544,202532238,6620172,93.92125,25.0,100201.96,1.1705991
202765495,202740532,6620172,93.83934,25.0,100202.92,1.1706104
202972860,202948077,6620172,93.81027,25.0,100203.29,1.1706147
203180861,203156129,6620172,93.50376,25.0,100206.93,1.1706572
203389419,203364130,6620172,93.11798,25.0,100211.52,1.1707109
203544479,203520151,6620172,93.16819,25.0,100210.93,1.170704
203752721,203728223,6620172,93.16819,25.0,100210.914,1.1707038
203964663,203940238,6620172,92.77713,25.0,100215.586,1.1707584
204172777,204148222,6620172,92.386055,25.0,100220.24,1.1708127
204380131,204354490,6620172,92.251305,25.0,100221.86,1.1708316
204541215,204516149,6620172,92.10862,25.0,100223.54,1.1708512
204753856,204728079,6620172,91.91309,25.0,100225.875,1.1708785
204964809,204940196,6620172,91.865524,25.0,100226.44,1.1708851
205172892,205148287,6620172,91.44012,25.0,100231.484,1.1709441
205381341,205356264,6620172,91.421616,25.0,100231.71,1.1709467
205540428,205516006,6620172,91.28157,25.0,100233.39,1.1709663
205748862,205724242,6620172,90.95128,25.0,100237.31,1.1710122
205957604,205932202,6620172,90.956566,25.0,100237.27,1.1710118
206164712,206140395,6620172,90.443954,25.0,100243.375,1.171083
206372595,206348221,6620172,90.61835,25.0,100241.28,1.1710585
206581000,206556274,6620172,90.25635,25.0,100245.61,1.1711091
206788725,206764329,6620172,89.94456,25.0,100249.31,1.1711524
206944713,206920117,6620172,89.67239,25.0,100252.56,1.1711904
207153477,207128252,6620172,89.57199,25.0,100253.74,1.1712041
207361233,207335633,6620172,89.25491,25.0,100257.516,1.1712482
207572397,207548369,6620172,89.114876,25.0,100259.195,1.1712679
207781554,207756406,6620172,88.94312,25.0,100261.23,1.1712915
207989403,207964324,6620172,88.74759,25.0,100263.58,1.171319
208144939,208120465,6620172,88.71852,25.0,100263.9,1.1713227
208353312,208328344,6620172,88.52563,25.0,100266.21,1.1713498
208561520,208536469,6620172,87.98131,25.0,100272.69,1.1714255
208768887,208744355,6620172,87.94432,25.0,100273.11,1.1714303
208977309,208952273,6620172,87.74351,25.0,100275.516,1.1714585
209184371,209160308,6620172,87.61139,25.0,100277.11,1.1714771
209392976,209368432,6620172,87.42643,25.0,100279.28,1.1715025
209548560,209524355,6620172,87.25204,25.0,100281.38,1.171527
209756745,209732366,6620172,86.92967,25.0,100285.195,1.1715715
209965031,209940456,6620172,86.636375,25.0,100288.695,1.1716125
210173580,210148399,6620172,86.588806,25.0,100289.27,1.1716192
210384420,210360357,6620172,86.26117,25.0,100293.195,1.171665
210593311,210568344,6620172,86.18453,25.0,100294.086,1.1716754
210749369,210723251,6620172,86.0577,25.0,100295.586,1.171693
210957585,210932235,6620172,86.01014,25.0,100296.16,1.1716996
211168449,211140591,6620172,85.72741,25.0,100299.54,1.1717391
211381934,211352836,6620172,85.33899,25.0,100304.16,1.171793
211589819,211564543,6620172,85.12496,25.0,100306.7,1.1718228
211744854,211720400,6620172,84.91887,25.0,100309.18,1.1718518
211952952,211928581,6620172,84.86603,25.0,100309.79,1.1718589
212161039,212136286,6620172,84.61764,25.0,100312.76,1.1718936
212369826,212344480,6620172,84.56479,25.0,100313.375,1.1719007
212576650,212552373,6620172,84.411545,25.0,100315.2,1.1719221
212789181,212764220,6620172,84.20544,25.0,100317.67,1.1719509
212944781,212920553,6620172,83.93857,25.0,100320.84,1.171988
213152615,213128273,6620172,83.75096,25.0,100323.086,1.1720142
213361364,213336510,6620172,83.716606,25.0,100323.5,1.172019
213573077,213549349,6620172,83.6532,25.0,100324.25,1.1720278
213781686,213756555,6620172,83.383675,25.0,100327.45,1.1720653
213941034,213916389,6620172,83.05603,25.0,100331.35,1.1721108
214149204,214124655,6620172,82.97147,25.0,100332.36,1.1721225
214356983,214332526,6620172,82.81822,25.0,100334.19,1.1721439
214565061,214541854,6620172,82.86578,25.0,100333.63,1.1721375
214773294,214748802,6620172,82.448296,25.0,100338.6,1.1721956
214981353,214956303,6620172,82.421875,25.0,100338.91,1.172199
215189398,215164697,6620172,82.29769,25.0,100340.39,1.1722164
215345212,215320430,6620172,82.12329,25.0,100342.484,1.1722409
215553362,215531625,6620172,82.02288,25.0,100343.68,1.1722548
215761806,215735675,6620172,81.84849,25.0,100345.76,1.172279
215973683,215948605,6620172,81.76129,25.0,100346.78,1.172291
216181427,216156328,6620172,81.60804,25.0,100348.625,1.1723126
216389587,216364880,6620172,81.33324,25.0,100351.9,1.1723508
216545262,216520786,6620172,81.11128,25.0,100354.53,1.1723816
216753294,216728590,6620172,81.0875,25.0,100354.81,1.1723849
216961639,216938147,6620172,80.88404,25.0,100357.234,1.1724131
217173298,217148721,6620172,80.70701,25.0,100359.35,1.1724379
217384944,217360815,6620172,80.68587,25.0,100359.6,1.1724408
217593080,217568847,6620172,80.461266,25.0,100362.266,1.172472
217749759,217724584,6620172,80.27631,25.0,100364.484,1.1724979
217958173,217932748,6620172,80.419,25.0,100362.805,1.1724782
218164852,218140740,6620172,80.057,25.0,100367.1,1.1725284
218373340,218348711,6620172,79.87996,25.0,100369.21,1.1725531
218581515,218556836,6620172,79.681786,25.0,100371.586,1.1725807
218789261,218764875,6620172,79.38056,25.0,100375.16,1.1726226
218945292,218920729,6620172,79.290726,25.0,100376.24,1.1726352
219153254,219130151,6620172,79.158615,25.0,100377.81,1.1726536
219362180,219336890,6620172,78.91816,25.0,100380.67,1.1726869
219569313,219544568,6620172,78.97629,25.0,100379.98,1.1726788
219778069,219752833,6620172,78.778114,25.0,100382.36,1.1727067
219985569,219960841,6620172,78.47953,25.0,100385.9,1.172748
220192754,220168402,6620172,78.57465,25.0,100384.77,1.1727349
220349909,220324796,6620172,78.14132,25.0,100389.94,1.1727952
220557938,220532992,6620172,78.10961,25.0,100390.305,1.1727995
220763564,220738981,6620172,77.71062,25.0,100395.08,1.1728553
220969860,220944783,6620172,77.67098,25.0,100395.53,1.1728605
221177594,221152681,6620172,77.330124,25.0,100399.61,1.1729082
221386476,221360936,6620172,77.27992,25.0,100400.2,1.1729151
221542142,221516710,6620172,77.05796,25.0,100402.87,1.1729463
221749179,221726863,6620172,77.02625,25.0,100403.24,1.1729506
221956737,221933413,6620172,76.89678,25.0,100404.78,1.1729686
222165467,222141072,6620172,76.685394,25.0,100407.3,1.172998
222373685,222348667,6620172,76.32869,25.0,100411.54,1.1730475
222581740,222557049,6620172,76.20185,25.0,100413.05,1.1730651
222789491,222765654,6620172,76.13051,25.0,100413.92,1.1730753
222945548,222920981,6620172,76.12523,25.0,100413.97,1.1730759
223153551,223127946,6620172,75.773796,25.0,100418.18,1.1731251
223361636,223336890,6620172,75.517494,25.0,100421.22,1.1731607
223568887,223544497,6620172,75.29818,25.0,100423.84,1.1731913
223776841,223752800,6620172,75.22948,25.0,100424.67,1.173201
223985361,223960975,6620172,74.970535,25.0,100427.734,1.1732367
224142093,224116888,6620172,74.785576,25.0,100429.97,1.1732628
224349688,224324948,6620172,74.687805,25.0,100431.125,1.1732764
224556995,224532835,6620172,74.54512,25.0,100432.83,1.1732962
224764764,224740842,6620172,74.275604,25.0,100436.03,1.1733338
224973237,224949096,6620172,74.090645,25.0,100438.22,1.1733592
225185889,225161771,6620172,73.834335,25.0,100441.31,1.1733953
225341039,225316882,6620172,73.77621,25.0,100441.99,1.1734033
225553483,225530010,6620172,73.543686,25.0,100444.74,1.1734354
225762287,225736914,6620172,73.33758,25.0,100447.21,1.1734643
225972859,225947430,6620172,73.08656,25.0,100450.22,1.1734995
226182018,226157135,6620172,72.78533,25.0,100453.805,1.1735413
226390373,226366651,6620172,72.96501,25.0,100451.66,1.1735162
226545821,226521103,6620172,72.70078,25.0,100454.81,1.1735531
226753762,226729143,6620172,72.566025,25.0,100456.43,1.173572
226961611,226936736,6620172,72.35992,25.0,100458.89,1.1736008
227169601,227144895,6620172,72.08776,25.0,100462.125,1.1736386
227378023,227353098,6620172,71.96357,25.0,100463.62,1.1736559
227589576,227565219,6620172,71.68085,25.0,100466.96,1.173695
227746346,227721007,6620172,71.57251,25.0,100468.29,1.1737105
227953465,227928331,6620172,71.48003,25.0,100469.37,1.1737231
228185418,228161564,6620172,71.31356,25.0,100471.36,1.1737465
228341818,228317774,6620172,71.0599,25.0,100474.4,1.1737819
228549858,228525008,6620172,70.911934,25.0,100476.16,1.1738024
228761650,228736800,6620172,70.76925,25.0,100477.84,1.1738222
228969226,228945092,6620172,70.56843,25.0,100480.25,1.1738503
229177625,229153208,6620172,70.54465,25.0,100480.53,1.1738535
229341521,229317170,6620172,70.35176,25.0,100482.836,1.1738805
229549900,229525116,6620172,70.11923,25.0,100485.62,1.1739129
229758069,229733137,6620172,69.84708,25.0,100488.85,1.1739507
229965315,229941212,6620172,69.77837,25.0,100489.69,1.1739606
230173021,230148392,6620172,69.437515,25.0,100493.75,1.1740079
230381942,230357064,6620172,69.47186,25.0,100493.336,1.1740031
230589916,230564958,6620172,69.32654,25.0,100495.08,1.1740235
230746604,230721259,6620172,69.046455,25.0,100498.42,1.1740626
230953849,230929315,6620172,69.02267,25.0,100498.67,1.1740655
231161912,231136974,6620172,68.761086,25.0,100501.81,1.1741022
231369841,231345165,6620172,68.64746,25.0,100503.164,1.1741179
231577693,231553018,6620172,68.52328,25.0,100504.664,1.1741354
231785878,231761359,6620172,68.30924,25.0,100507.2,1.1741651
231941618,231915368,6620172,68.1507,25.0,100509.08,1.1741871
232154362,232124825,6620172,67.87855,25.0,100512.336,1.1742251
232362350,232336014,6620172,67.62224,25.0,100515.39,1.1742607
232569891,232545230,6620172,67.50334,25.0,100516.836,1.1742777
232777673,232753224,6620172,67.32894,25.0,100518.914,1.1743019
232985427,232961424,6620172,67.109634,25.0,100521.52,1.1743324
233141861,233115637,6620172,67.15719,25.0,100520.97,1.174326
233350336,233325370,6620172,67.01979,25.0,100522.586,1.1743449
233558297,233533157,6620172,66.726494,25.0,100526.08,1.1743857
233765765,233741312,6620172,66.66308,25.0,100526.85,1.1743946
233974202,233949224,6620172,66.311646,25.0,100531.04,1.1744436
234181767,234157328,6620172,66.203316,25.0,100532.33,1.1744586
234390060,234365041,6620172,66.02892,25.0,100534.414,1.1744831
234546310,234521248,6620172,65.96023,25.0,100535.23,1.1744925
234753589,234729206,6620172,65.85717,25.0,100536.45,1.1745068
234962002,234937419,6620172,65.55859,25.0,100540.04,1.1745487
235169807,235145332,6620172,65.33399,25.0,100542.7,1.1745799
235377676,235353275,6620172,65.378914,25.0,100542.195,1.174574
235585593,235561374,6620172,65.18867,25.0,100544.46,1.1746004
235741902,235717646,6620172,65.16753,25.0,100544.7,1.1746032
235950211,235925837,6620172,64.82138,25.0,100548.83,1.1746514
236158205,236135308,6620172,64.6972,25.0,100550.32,1.1746688
236365550,236341256,6620172,64.53601,25.0,100552.24,1.1746912
236573929,236549215,6620172,64.36426,25.0,100554.28,1.1747152
236782301,236757346,6620172,64.28499,25.0,100555.22,1.174726
236990053,236965142,6620172,64.07361,25.0,100557.76,1.1747557
237145854,237122386,6620172,63.973198,25.0,100558.97,1.1747699
237354604,237329306,6620172,63.859577,25.0,100560.31,1.1747855
237562237,237537521,6620172,63.550426,25.0,100564.0,1.1748286
237769880,237745498,6620172,63.57949,25.0,100563.64,1.1748245
237982879,237957642,6620172,63.51872,25.0,100564.38,1.1748332
238190743,238165309,6620172,63.159367,25.0,100568.68,1.1748832
238346635,238322422,6620172,62.9057,25.0,100571.695,1.1749187
238554411,238529606,6620172,62.84757,25.0,100572.39,1.1749266
238762353,238737594,6620172,62.68639,25.0,100574.32,1.1749492
238970112,238945583,6620172,62.617687,25.0,100575.13,1.1749587
239178881,239153456,6620172,62.419518,25.0,100577.5,1.1749864
239385914,239361356,6620172,62.305897,25.0,100578.87,1.1750023
239542925,239519359,6620172,62.110367,25.0,100581.21,1.1750298
239749855,239725550,6620172,62.052235,25.0,100581.91,1.1750379
239958563,239933489,6620172,61.83292,25.0,100584.516,1.1750684
240166258,240141366,6620172,61.568687,25.0,100587.68,1.1751053
240374157,240349651,6620172,61.48149,25.0,100588.7,1.1751173
240582506,240557588,6620172,61.16177,25.0,100592.51,1.1751617
240790363,240765203,6620172,61.198765,25.0,100592.07,1.1751566
240946555,240921910,6620172,60.96624,25.0,100594.84,1.175189
241153915,241127689,6620172,60.789207,25.0,100596.97,1.1752138
241362493,241337752,6620172,60.715218,25.0,100597.875,1.1752244
241569954,241545515,6620172,60.596317,25.0,100599.28,1.1752408
241777569,241753467,6620172,60.408707,25.0,100601.51,1.1752669
241986135,241961764,6620172,60.028214,25.0,100606.055,1.1753199
242142357,242117614,6620172,60.067852,25.0,100605.59,1.1753147
242349695,242325392,6620172,59.811546,25.0,100608.63,1.1753501
242557511,242532306,6620172,59.528816,25.0,100612.016,1.1753896
242765601,242741718,6620172,59.470688,25.0,100612.734,1.175398
242974757,242949751,6620172,59.251373,25.0,100615.33,1.1754283
243182806,243157554,6620172,58.955433,25.0,100618.875,1.1754696
243338169,243313945,6620172,58.992428,25.0,100618.43,1.1754645
243549615,243526874,6620172,58.83653,25.0,100620.305,1.1754864
243758722,243733811,6620172,58.701775,25.0,100621.914,1.1755052
243966755,243941625,6620172,58.34242,25.0,100626.21,1.1755555
244174473,244151231,6620172,58.352985,25.0,100626.055,1.1755536
244387176,244357897,6620172,58.231438,25.0,100627.516,1.1755707
244541701,244517558,6620172,58.162735,25.0,100628.336,1.1755803
244751086,244724665,6620172,57.795456,25.0,100632.72,1.1756315
244958338,244933538,6620172,57.60785,25.0,100634.96,1.1756576
245166491,245141652,6620172,57.504803,25.0,100636.2,1.1756722
245374129,245349455,6620172,57.3674,25.0,100637.83,1.1756911
245583014,245557006,6620172,57.13752,25.0,100640.586,1.1757233
245790587,245765783,6620172,56.93142,25.0,100643.055,1.1757522
245946602,245920493,6620172,56.69889,25.0,100645.82,1.1757846
246154327,246129809,6620172,56.735886,25.0,100645.37,1.1757792
246362328,246336192,6620172,56.358032,25.0,100649.91,1.1758323
246570409,246545979,6620172,56.587917,25.0,100647.164,1.1758002
246778644,246753837,6620172,56.24177,25.0,100651.27,1.1758482
246986659,246961678,6620172,56.146645,25.0,100652.414,1.1758615
247141761,247117756,6620172,55.92205,25.0,100655.09,1.1758928
247351164,247325472,6620172,55.488712,25.0,100660.28,1.1759534
247562408,247533846,6620172,55.47814,25.0,100660.414,1.175955
247770300,247745952,6620172,55.39359,25.0,100661.42,1.1759669
247977719,247953860,6620172,55.03423,25.0,100665.72,1.1760169
248186452,248161687,6620172,54.91533,25.0,100667.15,1.1760336
248342862,248317603,6620172,54.8387,25.0,100668.055,1.1760443
248550397,248525882,6620172,54.52955,25.0,100671.75,1.1760874
248758475,248733806,6620172,54.508408,25.0,100671.984,1.1760901
248966463,248941781,6620172,54.241535,25.0,100675.2,1.1761277
249174393,249149757,6620172,54.09621,25.0,100676.914,1.1761478
249383053,249357392,6620172,53.76856,25.0,100680.83,1.1761935
249590001,249565815,6620172,53.776485,25.0,100680.734,1.1761924
249746628,249721908,6620172,53.681366,25.0,100681.875,1.1762058
249954227,249929796,6620172,53.369568,25.0,100685.586,1.176249
250161975,250137664,6620172,53.258595,25.0,100686.94,1.1762649
250370419,250344980,6620172,53.09213,25.0,100688.94,1.1762882
250578843,250554016,6620172,52.923016,25.0,100690.95,1.1763117
250786603,250761905,6620172,52.930943,25.0,100690.84,1.1763105
250942608,250918050,6620172,52.539883,25.0,100695.516,1.1763651
251150403,251125464,6620172,52.222805,25.0,100699.32,1.1764095
251363081,251337914,6620172,52.225445,25.0,100699.29,1.1764091
251570804,251546077,6620172,51.992924,25.0,100702.05,1.1764413
251779482,251754321,6620172,51.955933,25.0,100702.49,1.1764466
251985939,251961819,6620172,51.789463,25.0,100704.484,1.1764698
252143626,252117939,6620172,51.527874,25.0,100707.625,1.1765065
252355343,252330107,6620172,51.440678,25.0,100708.664,1.1765187
252562579,252538120,6620172,51.36141,25.0,100709.61,1.1765296
252770490,252746815,6620172,51.184372,25.0,100711.71,1.1765542
252983449,252957775,6620172,50.95185,25.0,100714.5,1.1765869
253189989,253165917,6620172,50.84087,25.0,100715.83,1.1766024
253346151,253322136,6620172,50.708755,25.0,100717.414,1.1766208
253554921,253530143,6620172,50.45245,25.0,100720.47,1.1766566
253763556,253738189,6620172,50.37054,25.0,100721.445,1.1766679
253970535,253946124,6620172,50.153866,25.0,100724.05,1.1766983
254179130,254154155,6620172,50.201427,25.0,100723.46,1.1766915
254386201,254361731,6620172,49.865852,25.0,100727.48,1.1767385
254542929,254518225,6620172,49.807724,25.0,100728.164,1.1767465
254750594,254726201,6620172,49.75752,25.0,100728.78,1.1767538
254958673,254934170,6620172,49.583126,25.0,100730.85,1.1767778
255166774,255142266,6620172,49.3506,25.0,100733.66,1.1768106
255374174,255351008,6620172,49.284542,25.0,100734.445,1.1768199
255581996,255556787,6620172,48.885555,25.0,100739.2,1.1768755
255790745,255766254,6620172,48.85913,25.0,100739.516,1.1768792
255947758,255922049,6620172,48.78515,25.0,100740.39,1.1768894
256155503,256130403,6620172,48.542053,25.0,100743.305,1.1769234
256362789,256338258,6620172,48.58433,25.0,100742.79,1.1769173
256570701,256546163,6620172,48.341236,25.0,100745.7,1.1769514
256778775,256754338,6620172,48.328026,25.0,100745.86,1.1769532
256987370,256962136,6620172,48.116642,25.0,100748.38,1.1769828
257142725,257117973,6620172,47.85241,25.0,100751.555,1.1770197
257350860,257326109,6620172,47.844482,25.0,100751.63,1.1770207
257558051,257535945,6620172,47.74407,25.0,100752.85,1.177035
257767471,257742303,6620172,47.58289,25.0,100754.76,1.1770571
257974803,257950058,6620172,47.434917,25.0,100756.55,1.1770781
258186504,258162120,6620172,47.339798,25.0,100757.69,1.1770914
258342991,258317626,6620172,47.27638,25.0,100758.43,1.1771001
258551741,258526059,6620172,46.930237,25.0,100762.57,1.1771485
258759620,258734211,6620172,46.78755,25.0,100764.29,1.1771685
258967438,258942372,6620172,46.755844,25.0,100764.67,1.177173
259175006,259150343,6620172,46.629013,25.0,100766.18,1.1771905
259383178,259358174,6620172,46.26173,25.0,100770.57,1.1772419
259591034,259566938,6620172,46.25116,25.0,100770.695,1.1772434
259746590,259722165,6620172,46.095264,25.0,100772.57,1.1772652
259954780,259932198,6620172,46.230026,25.0,100770.94,1.1772462
260163425,260138893,6620172,46.074127,25.0,100772.83,1.1772683
260371044,260346856,6620172,45.786114,25.0,100776.266,1.1773084
260579095,260554196,6620172,45.87067,25.0,100775.26,1.1772966
260786808,260762146,6620172,45.585297,25.0,100778.67,1.1773366
260942795,260918375,6620172,45.535095,25.0,100779.26,1.1773434
261151947,261126377,6620172,45.63286,25.0,100778.086,1.1773297
261358423,261334127,6620172,45.379196,25.0,100781.11,1.1773651
261567549,261542474,6620172,45.387123,25.0,100781.02,1.177364
261774874,261750208,6620172,45.513954,25.0,100779.51,1.1773462
261978834,261954506,6620172,45.416187,25.0,100780.695,1.1773602
262136722,262110281,6620172,45.709484,25.0,100777.164,1.1773189
262346435,262322204,6620172,45.40826,25.0,100780.766,1.177361
262554519,262530510,6620172,45.3607,25.0,100781.336,1.1773677
262763317,262739664,6620172,45.167812,25.0,100783.664,1.1773949
262975039,262950485,6620172,45.44261,25.0,100780.36,1.1773562
263182383,263156908,6620172,45.43204,25.0,100780.484,1.1773578
263339013,263314605,6620172,45.376556,25.0,100781.16,1.1773655
263553345,263526366,6620172,45.434685,25.0,100780.46,1.1773574
263763797,263738448,6620172,45.418827,25.0,100780.66,1.1773597
263970808,263947653,6620172,45.27879,25.0,100782.32,1.1773791
264178991,264154345,6620172,45.387123,25.0,100781.04,1.1773642
264343503,264316266,6620172,45.37391,25.0,100781.18,1.1773658
264551737,264527758,6620172,45.43733,25.0,100780.445,1.1773572
264759387,264734449,6620172,45.400333,25.0,100780.88,1.1773623
264943776,264918434,6620172,45.25501,25.0,100782.625,1.1773827
265151919,265126422,6620172,45.43733,25.0,100780.414,1.177357
265363393,265338462,6620172,45.506027,25.0,100779.6,1.1773474
265571522,265546531,6620172,45.389763,25.0,100780.984,1.1773636
265779346,265754490,6620172,45.35277,25.0,100781.45,1.177369
265987191,265962472,6620172,45.37127,25.0,100781.21,1.1773663
266143190,266118858,6620172,45.32899,25.0,100781.734,1.1773723
266351272,266326642,6620172,45.3607,25.0,100781.35,1.1773679
266559543,266534429,6620172,45.402977,25.0,100780.84,1.177362
266767481,266743078,6620172,45.59851,25.0,100778.51,1.1773347
266975676,266952515,6620172,45.24972,25.0,100782.69,1.1773834
267183975,267158056,6620172,45.365982,25.0,100781.266,1.1773669
267391013,267366535,6620172,45.482246,25.0,100779.88,1.1773506
267547318,267522748,6620172,45.37127,25.0,100781.21,1.1773663
267754720,267730522,6620172,45.207443,25.0,100783.17,1.177389
267967522,267942682,6620172,45.28936,25.0,100782.19,1.1773776
268174902,268151670,6620172,45.376556,25.0,100781.16,1.1773655
268382547,268357177,6620172,45.17574,25.0,100783.56,1.1773937
268591121,268566644,6620172,45.339558,25.0,100781.61,1.1773709
268746027,268720644,6620172,45.400333,25.0,100780.87,1.1773622
268954768,268930762,6620172,45.307854,25.0,100781.98,1.1773752
269159395,269132915,6620172,45.469032,25.0,100780.04,1.1773525
269367712,269344226,6620172,45.307854,25.0,100781.98,1.1773752
