timestamp,time_utc_usec,lat,lon,alt,alt_ellipsoid,s_variance_m_s,c_variance_rad,eph,epv,hdop,vdop,noise_per_ms,jamming_indicator,vel_m_s,vel_n_m_s,vel_e_m_s,vel_d_m_s,cog_rad,timestamp_time_relative,heading,heading_offset,fix_type,jamming_state,vel_ned_valid,satellites_used,selected
26992930,1646740264375000,401540306,1162593689,49655,49655,0.25,0.5,0.29999998,0.39999998,0.0,0.0,0,0,0.02,-0.01,0.01,0.08,0.0,0,nan,nan,3,0,1,10,0
27092917,1646740264475000,401540306,1162593690,49536,49536,0.25,0.5,0.29999998,0.39999998,0.0,0.0,0,0,0.04,-0.02,-0.04,0.06,0.0,0,nan,nan,3,0,1,10,0
27493312,1646740264875000,401540303,1162593686,49629,49629,0.25,0.5,0.29999998,0.39999998,0.0,0.0,0,0,0.06,0.0,0.06,0.0,0.0,0,nan,nan,3,0,1,10,0
27993486,1646740265375000,401540299,1162593690,49746,49746,0.25,0.5,0.29999998,0.39999998,0.0,0.0,0,0,0.04,0.04,0.02,-0.06,0.0,0,nan,nan,3,0,1,10,0
28493221,1646740265875000,401540301,1162593678,49677,49677,0.25,0.5,0.29999998,0.39999998,0.0,0.0,0,0,0.02,-0.02,0.0,0.07,0.0,0,nan,nan,3,0,1,10,0
28993493,1646740266375000,401540299,1162593687,49603,49603,0.25,0.5,0.29999998,0.39999998,0.0,0.0,0,0,0.02,-0.01,0.01,-0.03,0.0,0,nan,nan,3,0,1,10,0
29493342,1646740266875000,401540304,1162593681,49574,49574,0.25,0.5,0.29999998,0.39999998,0.0,0.0,0,0,0.03,0.0,-0.03,0.01,0.0,0,nan,nan,3,0,1,10,0
30006202,1646740267385000,401540297,1162593688,49589,49589,0.25,0.5,0.29999998,0.39999998,0.0,0.0,0,0,0.03,-0.03,0.01,-0.04,0.0,0,nan,nan,3,0,1,10,0
30505385,1646740267887000,401540302,1162593677,49588,49588,0.25,0.5,0.29999998,0.39999998,0.0,0.0,0,0,0.049999997,-0.04,0.02,0.02,0.0,0,nan,nan,3,0,1,10,0
31009536,1646740268391000,401540304,1162593687,49565,49565,0.25,0.5,0.29999998,0.39999998,0.0,0.0,0,0,0.03,-0.02,0.01,0.0,0.0,0,nan,nan,3,0,1,10,0
31513651,1646740268895000,401540297,1162593681,49730,49730,0.25,0.5,0.29999998,0.39999998,0.0,0.0,0,0,0.02,0.0,0.02,0.03,0.0,0,nan,nan,3,0,1,10,0
31920915,1646740269302000,401540300,1162593690,49718,49718,0.25,0.5,0.29999998,0.39999998,0.0,0.0,0,0,0.02,0.01,-0.01,-0.01,0.0,0,nan,nan,3,0,1,10,0
32421411,1646740269803000,401540299,1162593681,49746,49746,0.25,0.5,0.29999998,0.39999998,0.0,0.0,0,0,0.07,-0.049999997,-0.049999997,0.0,0.0,0,nan,nan,3,0,1,10,0
32921534,1646740270303000,401540299,1162593677,49616,49616,0.25,0.5,0.29999998,0.39999998,0.0,0.0,0,0,0.01,0.01,0.01,0.01,0.0,0,nan,nan,3,0,1,10,0
33433833,1646740270815000,401540298,1162593689,49696,49696,0.25,0.5,0.29999998,0.39999998,0.0,0.0,0,0,0.04,-0.04,0.02,0.12,0.0,0,nan,nan,3,0,1,10,0
33948866,1646740271331000,401540298,1162593682,49539,49539,0.25,0.5,0.29999998,0.39999998,0.0,0.0,0,0,0.07,-0.07,0.0,-0.08,0.0,0,nan,nan,3,0,1,10,0
34449578,1646740271831000,401540301,1162593682,49741,49741,0.25,0.5,0.29999998,0.39999998,0.0,0.0,0,0,0.049999997,0.04,-0.04,-0.02,0.0,0,nan,nan,3,0,1,10,0
34949552,1646740272331000,401540299,1162593682,49700,49700,0.25,0.5,0.29999998,0.39999998,0.0,0.0,0,0,0.04,0.04,0.0,-0.02,0.0,0,nan,nan,3,0,1,10,0
35449318,1646740272831000,401540300,1162593681,49733,49733,0.25,0.5,0.29999998,0.39999998,0.0,0.0,0,0,0.01,0.01,0.01,-0.07,0.0,0,nan,nan,3,0,1,10,0
35949567,1646740273331000,401540302,1162593678,49639,49639,0.25,0.5,0.29999998,0.39999998,0.0,0.0,0,0,0.03,-0.02,-0.02,0.04,0.0,0,nan,nan,3,0,1,10,0
36449179,1646740273831000,401540306,1162593677,49672,49672,0.25,0.5,0.29999998,0.39999998,0.0,0.0,0,0,0.049999997,0.01,-0.049999997,-0.049999997,0.0,0,nan,nan,3,0,1,10,0
36949746,1646740274331000,401540298,1162593684,49755,49755,0.25,0.5,0.29999998,0.39999998,0.0,0.0,0,0,0.04,0.01,0.04,0.04,0.0,0,nan,nan,3,0,1,10,0
37449196,1646740274831000,401540305,1162593683,49666,49666,0.25,0.5,0.29999998,0.39999998,0.0,0.0,0,0,0.02,-0.01,-0.01,0.089999996,0.0,0,nan,nan,3,0,1,10,0
37949487,1646740275331000,401540298,1162593686,49755,49755,0.25,0.5,0.29999998,0.39999998,0.0,0.0,0,0,0.06,0.04,-0.04,0.0,0.0,0,nan,nan,3,0,1,10,0
38449368,1646740275831000,401540300,1162593684,49585,49585,0.25,0.5,0.29999998,0.39999998,0.0,0.0,0,0,0.01,0.0,0.01,0.0,0.0,0,nan,nan,3,0,1,10,0
38949735,1646740276331000,401540305,1162593687,49695,49695,0.25,0.5,0.29999998,0.39999998,0.0,0.0,0,0,0.02,-0.02,0.0,0.06,0.0,0,nan,nan,3,0,1,10,0
39453309,1646740276834000,401540307,1162593683,49695,49695,0.25,0.5,0.29999998,0.39999998,0.0,0.0,0,0,0.0,0.0,0.0,-0.049999997,0.0,0,nan,nan,3,0,1,10,0
39954085,1646740277335000,401540297,1162593689,49729,49729,0.25,0.5,0.29999998,0.39999998,0.0,0.0,0,0,0.03,-0.03,-0.01,-0.01,0.0,0,nan,nan,3,0,1,10,0
40454004,1646740277835000,401540306,1162593688,49765,49765,0.25,0.5,0.29999998,0.39999998,0.0,0.0,0,0,0.049999997,0.04,0.03,-0.04,0.0,0,nan,nan,3,0,1,10,0
40954703,1646740278335000,401540297,1162593678,49556,49556,0.25,0.5,0.29999998,0.39999998,0.0,0.0,0,0,0.02,0.02,0.0,0.089999996,0.0,0,nan,nan,3,0,1,10,0
41457963,1646740278839000,401540305,1162593686,49606,49606,0.25,0.5,0.29999998,0.39999998,0.0,0.0,0,0,0.06,-0.06,0.0,-0.08,0.0,0,nan,nan,3,0,1,10,0
41958005,1646740279339000,401540306,1162593685,49698,49698,0.25,0.5,0.29999998,0.39999998,0.0,0.0,0,0,0.01,0.01,0.0,0.03,0.0,0,nan,nan,3,0,1,10,0
42457656,1646740279839000,401540303,1162593684,49617,49617,0.25,0.5,0.29999998,0.39999998,0.0,0.0,0,0,0.04,0.02,0.04,-0.07,0.0,0,nan,nan,3,0,1,10,0
42958109,1646740280339000,401540300,1162593690,49761,49761,0.25,0.5,0.29999998,0.39999998,0.0,0.0,0,0,0.02,0.0,0.02,0.049999997,0.0,0,nan,nan,3,0,1,10,0
43457607,1646740280839000,401540306,1162593689,49545,49545,0.25,0.5,0.29999998,0.39999998,0.0,0.0,0,0,0.07,0.07,-0.02,0.099999994,0.0,0,nan,nan,3,0,1,10,0
43957994,1646740281339000,401540305,1162593685,49717,49717,0.25,0.5,0.29999998,0.39999998,0.0,0.0,0,0,0.04,-0.04,0.0,-0.03,0.0,0,nan,nan,3,0,1,10,0
44457975,1646740281839000,401540304,1162593684,49758,49758,0.25,0.5,0.29999998,0.39999998,0.0,0.0,0,0,0.04,-0.04,-0.01,-0.01,0.0,0,nan,nan,3,0,1,10,0
44957914,1646740282339000,401540305,1162593687,49644,49644,0.25,0.5,0.29999998,0.39999998,0.0,0.0,0,0,0.02,-0.01,0.02,0.08,0.0,0,nan,nan,3,0,1,10,0
45461994,1646740282843000,401540302,1162593677,49743,49743,0.25,0.5,0.29999998,0.39999998,0.0,0.0,0,0,0.01,-0.01,-0.01,-0.07,0.0,0,nan,nan,3,0,1,10,0
45961735,1646740283343000,401540298,1162593680,49629,49629,0.25,0.5,0.29999998,0.39999998,0.0,0.0,0,0,0.02,0.0,-0.02,0.04,0.0,0,nan,nan,3,0,1,10,0
46461986,1646740283843000,401540303,1162593689,49611,49611,0.25,0.5,0.29999998,0.39999998,0.0,0.0,0,0,0.049999997,-0.03,0.04,-0.049999997,0.0,0,nan,nan,3,0,1,10,0
46961543,1646740284343000,401540307,1162593688,49749,49749,0.25,0.5,0.29999998,0.39999998,0.0,0.0,0,0,0.03,-0.01,-0.03,0.02,0.0,0,nan,nan,3,0,1,10,0
47462364,1646740284843000,401540308,1162593679,49666,49666,0.25,0.5,0.29999998,0.39999998,0.0,0.0,0,0,0.08,0.03,0.07,-0.29999998,0.0,0,nan,nan,3,0,1,10,0
47961622,1646740285343000,401540301,1162593682,50043,50043,0.25,0.5,0.29999998,0.39999998,0.0,0.0,0,0,0.089999996,0.01,0.089999996,-0.84999996,0.0,0,nan,nan,3,0,1,10,0
48462070,1646740285843000,401540303,1162593695,50574,50574,0.25,0.5,0.29999998,0.39999998,0.0,0.0,0,0,0.049999997,-0.02,0.049999997,-1.0,0.0,0,nan,nan,3,0,1,10,0
48966011,1646740286347000,401540297,1162593693,51042,51042,0.25,0.5,0.29999998,0.39999998,0.0,0.0,0,0,0.03,-0.01,-0.03,-1.16,0.0,0,nan,nan,3,0,1,10,0
49469723,1646740286851000,401540299,1162593694,51642,51642,0.25,0.5,0.29999998,0.39999998,0.0,0.0,0,0,0.01,-0.01,0.0,-1.23,0.0,0,nan,nan,3,0,1,10,0
49978161,1646740287359000,401540299,1162593692,52106,52106,0.25,0.5,0.29999998,0.39999998,0.0,0.0,0,0,0.01,0.01,0.0,-1.29,0.0,0,nan,nan,3,0,1,10,0
50478274,1646740287859000,401540301,1162593689,52998,52998,0.25,0.5,0.29999998,0.39999998,0.0,0.0,0,0,0.06,0.02,-0.06,-1.41,0.0,0,nan,nan,3,0,1,10,0
50978202,1646740288359000,401540295,1162593679,53669,53669,0.25,0.5,0.29999998,0.39999998,0.0,0.0,0,0,0.099999994,-0.01,-0.099999994,-1.53,0.0,0,nan,nan,3,0,1,10,0
51478297,1646740288859000,401540300,1162593685,54372,54372,0.25,0.5,0.29999998,0.39999998,0.0,0.0,0,0,0.089999996,-0.03,-0.089999996,-1.56,0.0,0,nan,nan,3,0,1,10,0
51978217,1646740289359000,401540298,1162593675,55168,55168,0.25,0.5,0.29999998,0.39999998,0.0,0.0,0,0,0.08,0.06,-0.06,-1.51,0.0,0,nan,nan,3,0,1,10,0
52482408,1646740289863000,401540295,1162593674,56001,56001,0.25,0.5,0.29999998,0.39999998,0.0,0.0,0,0,0.07,0.049999997,-0.04,-1.64,0.0,0,nan,nan,3,0,1,10,0
52982205,1646740290363000,401540307,1162593674,56761,56761,0.25,0.5,0.29999998,0.39999998,0.0,0.0,0,0,0.08,0.06,-0.049999997,-1.5999999,0.0,0,nan,nan,3,0,1,10,0
53486382,1646740290867000,401540310,1162593668,57374,57374,0.25,0.5,0.29999998,0.39999998,0.0,0.0,0,0,0.089999996,0.06,-0.06,-1.5799999,0.0,0,nan,nan,3,0,1,10,0
53986420,1646740291367000,401540305,1162593661,58322,58322,0.25,0.5,0.29999998,0.39999998,0.0,0.0,0,0,0.11,0.06,-0.089999996,-1.62,0.0,0,nan,nan,3,0,1,10,0
54486399,1646740291867000,401540314,1162593660,59056,59056,0.25,0.5,0.29999998,0.39999998,0.0,0.0,0,0,0.049999997,0.02,-0.049999997,-1.6899999,0.0,0,nan,nan,3,0,1,10,0
54986331,1646740292367000,401540306,1162593645,59895,59895,0.25,0.5,0.29999998,0.39999998,0.0,0.0,0,0,0.08,-0.049999997,-0.07,-1.66,0.0,0,nan,nan,3,0,1,10,0
55486206,1646740292867000,401540309,1162593656,60768,60768,0.25,0.5,0.29999998,0.39999998,0.0,0.0,0,0,0.02,-0.01,0.02,-2.28,0.0,0,nan,nan,3,0,1,10,0
55990230,1646740293371000,401540302,1162593651,62180,62180,0.25,0.5,0.29999998,0.39999998,0.0,0.0,0,0,0.06,-0.06,-0.01,-2.72,0.0,0,nan,nan,3,0,1,10,0
56490562,1646740293871000,401540296,1162593654,63320,63320,0.25,0.5,0.29999998,0.39999998,0.0,0.0,0,0,0.12,-0.11,-0.049999997,-2.59,0.0,0,nan,nan,3,0,1,10,0
56990390,1646740294371000,401540296,1162593642,64739,64739,0.25,0.5,0.29999998,0.39999998,0.0,0.0,0,0,0.16,-0.16,0.01,-2.6499999,0.0,0,nan,nan,3,0,1,10,0
57490243,1646740294871000,401540291,1162593649,65959,65959,0.25,0.5,0.29999998,0.39999998,0.0,0.0,0,0,0.17,-0.16,-0.03,-2.6799998,0.0,0,nan,nan,3,0,1,10,0
57990305,1646740295371000,401540279,1162593641,67535,67535,0.25,0.5,0.29999998,0.39999998,0.0,0.0,0,0,0.29,-0.29,0.0,-2.9299998,0.0,0,nan,nan,3,0,1,10,0
58490497,1646740295871000,401540259,1162593642,68954,68954,0.25,0.5,0.29999998,0.39999998,0.0,0.0,0,0,0.21,-0.21,0.0,-2.97,0.0,0,nan,nan,3,0,1,10,0
58994142,1646740296375000,401540251,1162593657,70445,70445,0.25,0.5,0.29999998,0.39999998,0.0,0.0,0,0,0.13,-0.13,0.04,-3.03,0.0,0,nan,nan,3,0,1,10,0
59498851,1646740296879000,401540252,1162593652,72016,72016,0.25,0.5,0.29999998,0.39999998,0.0,0.0,0,0,0.07,-0.07,0.01,-3.03,0.0,0,nan,nan,3,0,1,10,0
59998704,1646740297379000,401540243,1162593654,73417,73417,0.25,0.5,0.29999998,0.39999998,0.0,0.0,0,0,0.07,0.03,-0.06,-2.9399998,0.0,0,nan,nan,3,0,1,10,0
60498878,1646740297879000,401540252,1162593653,75025,75025,0.25,0.5,0.29999998,0.39999998,0.0,0.0,0,0,0.06,0.04,-0.049999997,-3.05,0.0,0,nan,nan,3,0,1,10,0
60998618,1646740298379000,401540252,1162593659,76486,76486,0.25,0.5,0.29999998,0.39999998,0.0,0.0,0,0,0.06,0.049999997,-0.03,-2.9399998,0.0,0,nan,nan,3,0,1,10,0
61502505,1646740298883000,401540253,1162593647,77947,77947,0.25,0.5,0.29999998,0.39999998,0.0,0.0,0,0,0.07,0.07,0.0,-3.01,0.0,0,nan,nan,3,0,1,10,0
62009955,1646740299390000,401540258,1162593649,79521,79521,0.25,0.5,0.29999998,0.39999998,0.0,0.0,0,0,0.13,0.12,-0.04,-2.96,0.0,0,nan,nan,3,0,1,10,0
62510460,1646740299891000,401540262,1162593656,81000,81000,0.25,0.5,0.29999998,0.39999998,0.0,0.0,0,0,0.17,0.16,-0.049999997,-3.02,0.0,0,nan,nan,3,0,1,10,0
63014367,1646740300395000,401540267,1162593648,82474,82474,0.25,0.5,0.29999998,0.39999998,0.0,0.0,0,0,0.22999999,0.21,-0.099999994,-3.04,0.0,0,nan,nan,3,0,1,10,0
63514794,1646740300895000,401540278,1162593645,83935,83935,0.25,0.5,0.29999998,0.39999998,0.0,0.0,0,0,0.14999999,0.11,-0.11,-2.97,0.0,0,nan,nan,3,0,1,10,0
64018626,1646740301399000,401540282,1162593644,85604,85604,0.25,0.5,0.29999998,0.39999998,0.0,0.0,0,0,0.099999994,0.08,-0.06,-3.11,0.0,0,nan,nan,3,0,1,10,0
64519025,1646740301899000,401540285,1162593634,87171,87171,0.25,0.5,0.29999998,0.39999998,0.0,0.0,0,0,0.11,0.0,-0.11,-2.77,0.0,0,nan,nan,3,0,1,10,0
65018580,1646740302399000,401540285,1162593635,88578,88578,0.25,0.5,0.29999998,0.39999998,0.0,0.0,0,0,0.08,0.03,-0.07,-2.75,0.0,0,nan,nan,3,0,1,10,0
65522082,1646740302903000,401540291,1162593629,89946,89946,0.25,0.5,0.29999998,0.39999998,0.0,0.0,0,0,0.099999994,0.089999996,-0.04,-2.73,0.0,0,nan,nan,3,0,1,10,0
65922860,1646740303303000,401540289,1162593623,90893,90893,0.25,0.5,0.29999998,0.39999998,0.0,0.0,0,0,0.089999996,0.08,-0.049999997,-2.71,0.0,0,nan,nan,3,0,1,10,0
66426983,1646740303807000,401540295,1162593622,92219,92219,0.25,0.5,0.29999998,0.39999998,0.0,0.0,0,0,0.12,0.11,-0.049999997,-2.62,0.0,0,nan,nan,3,0,1,10,0
66926511,1646740304307000,401540305,1162593615,93603,93603,0.25,0.5,0.29999998,0.39999998,0.0,0.0,0,0,0.14,0.099999994,-0.099999994,-2.54,0.0,0,nan,nan,3,0,1,10,0
67426968,1646740304807000,401540302,1162593617,94814,94814,0.25,0.5,0.29999998,0.39999998,0.0,0.0,0,0,0.11,0.08,-0.08,-2.03,0.0,0,nan,nan,3,0,1,10,0
67926950,1646740305307000,401540305,1162593613,95580,95580,0.25,0.5,0.29999998,0.39999998,0.0,0.0,0,0,0.16,0.12,-0.089999996,-1.77,0.0,0,nan,nan,3,0,1,10,0
68431176,1646740305811000,401540308,1162593612,96580,96580,0.25,0.5,0.29999998,0.39999998,0.0,0.0,0,0,0.11,0.089999996,-0.06,-1.53,0.0,0,nan,nan,3,0,1,10,0
68930512,1646740306311000,401540312,1162593603,97229,97229,0.25,0.5,0.29999998,0.39999998,0.0,0.0,0,0,0.11,0.089999996,-0.06,-1.27,0.0,0,nan,nan,3,0,1,10,0
69431107,1646740306811000,401540324,1162593608,97749,97749,0.25,0.5,0.29999998,0.39999998,0.0,0.0,0,0,0.14,0.14,0.01,-0.96,0.0,0,nan,nan,3,0,1,10,0
69931030,1646740307311000,401540321,1162593605,98247,98247,0.25,0.5,0.29999998,0.39999998,0.0,0.0,0,0,0.14999999,0.13,0.06,-0.78999996,0.0,0,nan,nan,3,0,1,10,0
70430937,1646740307811000,401540336,1162593610,98429,98429,0.25,0.5,0.29999998,0.39999998,0.0,0.0,0,0,0.19999999,0.13,0.14999999,-0.59999996,0.0,0,nan,nan,3,0,1,10,0
70931019,1646740308311000,401540336,1162593623,98829,98829,0.25,0.5,0.29999998,0.39999998,0.0,0.0,0,0,0.19,0.099999994,0.16,-0.45,0.0,0,nan,nan,3,0,1,10,0
71430989,1646740308811000,401540343,1162593641,99052,99052,0.25,0.5,0.29999998,0.39999998,0.0,0.0,0,0,0.17999999,0.07,0.17,-0.35999998,0.0,0,nan,nan,3,0,1,10,0
71931010,1646740309311000,401540345,1162593656,99224,99224,0.25,0.5,0.29999998,0.39999998,0.0,0.0,0,0,0.28,0.14999999,0.22999999,-0.39999998,0.0,0,nan,nan,3,0,1,10,0
72430766,1646740309811000,401540364,1162593669,99517,99517,0.25,0.5,0.29999998,0.39999998,0.0,0.0,0,0,1.0,0.91999996,0.37,-0.24,0.0,0,nan,nan,3,0,1,10,0
72931160,1646740310311000,401540436,1162593694,99604,99604,0.25,0.5,0.29999998,0.39999998,0.0,0.0,0,0,2.46,2.4199998,0.44,-0.19,0.18116517,0,nan,nan,3,0,1,10,0
73431176,1646740310811000,401540586,1162593724,99670,99670,0.25,0.5,0.29999998,0.39999998,0.0,0.0,0,0,3.8999999,3.86,0.55,-0.08,0.14206979,0,nan,nan,3,0,1,10,0
73930990,1646740311311000,401540776,1162593759,99598,99598,0.25,0.5,0.29999998,0.39999998,0.0,0.0,0,0,4.65,4.61,0.65999997,0.099999994,0.14189526,0,nan,nan,3,0,1,10,0
74430472,1646740311811000,401540989,1162593802,99622,99622,0.25,0.5,0.29999998,0.39999998,0.0,0.0,0,0,4.75,4.68,0.78,0.04,0.16510814,0,nan,nan,3,0,1,10,0
74935284,1646740312315000,401541201,1162593847,99557,99557,0.25,0.5,0.29999998,0.39999998,0.0,0.0,0,0,4.83,4.77,0.78999996,0.01,0.1638864,0,nan,nan,3,0,1,10,0
75438970,1646740312819000,401541422,1162593888,99618,99618,0.25,0.5,0.29999998,0.39999998,0.0,0.0,0,0,4.9,4.83,0.78999996,0.02,0.16301376,0,nan,nan,3,0,1,10,0
75939188,1646740313319000,401541642,1162593941,99533,99533,0.25,0.5,0.29999998,0.39999998,0.0,0.0,0,0,5.08,5.0099998,0.83,0.02,0.16458453,0,nan,nan,3,0,1,10,0
76439481,1646740313819000,401541870,1162593983,99530,99530,0.25,0.5,0.29999998,0.39999998,0.0,0.0,0,0,5.17,5.1099997,0.79999995,0.0,0.15568337,0,nan,nan,3,0,1,10,0
76942849,1646740314323000,401542104,1162594032,99542,99542,0.25,0.5,0.29999998,0.39999998,0.0,0.0,0,0,5.2,5.14,0.78,-0.06,0.1511455,0,nan,nan,3,0,1,10,0
77443347,1646740314823000,401542332,1162594077,99722,99722,0.25,0.5,0.29999998,0.39999998,0.0,0.0,0,0,5.17,5.12,0.71999997,-0.14,0.13980088,0,nan,nan,3,0,1,10,0
77943321,1646740315323000,401542562,1162594123,99596,99596,0.25,0.5,0.29999998,0.39999998,0.0,0.0,0,0,5.12,5.0899997,0.62,0.049999997,0.12182398,0,nan,nan,3,0,1,10,0
78443195,1646740315823000,401542793,1162594158,99589,99589,0.25,0.5,0.29999998,0.39999998,0.0,0.0,0,0,5.0699997,5.0299997,0.62,0.03,0.122871175,0,nan,nan,3,0,1,10,0
78943235,1646740316323000,401543017,1162594183,99766,99766,0.25,0.5,0.29999998,0.39999998,0.0,0.0,0,0,5.0699997,5.04,0.53999996,-0.089999996,0.10611602,0,nan,nan,3,0,1,10,0
79443049,1646740316823000,401543246,1162594226,99644,99644,0.25,0.5,0.29999998,0.39999998,0.0,0.0,0,0,5.06,5.0299997,0.52,-0.049999997,0.102450825,0,nan,nan,3,0,1,10,0
79943054,1646740317323000,401543463,1162594243,99636,99636,0.25,0.5,0.29999998,0.39999998,0.0,0.0,0,0,5.0099998,5.0,0.44,-0.03,0.08866272,0,nan,nan,3,0,1,10,0
80443370,1646740317823000,401543691,1162594274,99571,99571,0.25,0.5,0.29999998,0.39999998,0.0,0.0,0,0,4.95,4.94,0.39999998,0.049999997,0.08028515,0,nan,nan,3,0,1,10,0
80947457,1646740318327000,401543915,1162594289,99580,99580,0.25,0.5,0.29999998,0.39999998,0.0,0.0,0,0,4.92,4.92,0.07,0.03,0.014835298,0,nan,nan,3,0,1,10,0
81450679,1646740318830000,401544142,1162594297,99723,99723,0.25,0.5,0.29999998,0.39999998,0.0,0.0,0,0,4.92,4.92,0.08,0.04,0.016057028,0,nan,nan,3,0,1,10,0
81955597,1646740319335000,401544357,1162594298,99546,99546,0.25,0.5,0.29999998,0.39999998,0.0,0.0,0,0,4.87,4.87,0.07,0.08,0.013613568,0,nan,nan,3,0,1,10,0
82455740,1646740319835000,401544574,1162594305,99643,99643,0.25,0.5,0.29999998,0.39999998,0.0,0.0,0,0,4.88,4.88,0.17999999,-0.02,0.035953782,0,nan,nan,3,0,1,10,0
82955264,1646740320335000,401544799,1162594315,99667,99667,0.25,0.5,0.29999998,0.39999998,0.0,0.0,0,0,4.8599997,4.8599997,0.17999999,0.01,0.036302846,0,nan,nan,3,0,1,10,0
83455604,1646740320835000,401545018,1162594331,99662,99662,0.25,0.5,0.29999998,0.39999998,0.0,0.0,0,0,4.9,4.9,0.26,0.03,0.05375614,0,nan,nan,3,0,1,10,0
83955028,1646740321335000,401545238,1162594338,99528,99528,0.25,0.5,0.29999998,0.39999998,0.0,0.0,0,0,4.95,4.94,0.24,0.02,0.049392816,0,nan,nan,3,0,1,10,0
84455789,1646740321835000,401545458,1162594354,99660,99660,0.25,0.5,0.29999998,0.39999998,0.0,0.0,0,0,5.0099998,5.0,0.31,-0.04,0.06213372,0,nan,nan,3,0,1,10,0
84955911,1646740322335000,401545689,1162594384,99476,99476,0.25,0.5,0.29999998,0.39999998,0.0,0.0,0,0,5.06,5.04,0.39,0.07,0.07749262,0,nan,nan,3,0,1,10,0
85455608,1646740322835000,401545918,1162594404,99562,99562,0.25,0.5,0.29999998,0.39999998,0.0,0.0,0,0,5.02,5.0,0.38,0.03,0.07522369,0,nan,nan,3,0,1,10,0
85955419,1646740323335000,401546138,1162594426,99620,99620,0.25,0.5,0.29999998,0.39999998,0.0,0.0,0,0,5.1,5.0899997,0.38,0.01,0.07522369,0,nan,nan,3,0,1,10,0
86455867,1646740323835000,401546367,1162594454,99460,99460,0.25,0.5,0.29999998,0.39999998,0.0,0.0,0,0,5.0699997,5.06,0.37,0.03,0.07347836,0,nan,nan,3,0,1,10,0
86955893,1646740324335000,401546596,1162594463,99567,99567,0.25,0.5,0.29999998,0.39999998,0.0,0.0,0,0,5.08,5.0699997,0.35999998,0.07,0.07033677,0,nan,nan,3,0,1,10,0
87459919,1646740324839000,401546821,1162594485,99508,99508,0.25,0.5,0.29999998,0.39999998,0.0,0.0,0,0,5.02,5.0099998,0.29999998,-0.06,0.059515726,0,nan,nan,3,0,1,10,0
87959678,1646740325339000,401547047,1162594507,99645,99645,0.25,0.5,0.29999998,0.39999998,0.0,0.0,0,0,4.98,4.97,0.25,-0.04,0.050789077,0,nan,nan,3,0,1,10,0
88467815,1646740325847000,401547279,1162594512,99510,99510,0.25,0.5,0.29999998,0.39999998,0.0,0.0,0,0,4.9,4.89,0.19999999,0.03,0.040142573,0,nan,nan,3,0,1,10,0
88971803,1646740326351000,401547494,1162594535,99531,99531,0.25,0.5,0.29999998,0.39999998,0.0,0.0,0,0,4.97,4.96,0.19,-0.03,0.03874631,0,nan,nan,3,0,1,10,0
89471641,1646740326851000,401547721,1162594542,99554,99554,0.25,0.5,0.29999998,0.39999998,0.0,0.0,0,0,4.97,4.96,0.17,0.01,0.034906585,0,nan,nan,3,0,1,10,0
89979810,1646740327359000,401547952,1162594550,99572,99572,0.25,0.5,0.29999998,0.39999998,0.0,0.0,0,0,4.96,4.95,0.17999999,-0.049999997,0.036302846,0,nan,nan,3,0,1,10,0
90483335,1646740327863000,401548177,1162594559,99607,99607,0.25,0.5,0.29999998,0.39999998,0.0,0.0,0,0,5.02,5.0099998,0.29,-0.07,0.057072267,0,nan,nan,3,0,1,10,0
90987378,1646740328367000,401548400,1162594577,99586,99586,0.25,0.5,0.29999998,0.39999998,0.0,0.0,0,0,4.98,4.98,0.26,-0.04,0.05183628,0,nan,nan,3,0,1,10,0
91487875,1646740328867000,401548622,1162594598,99586,99586,0.25,0.5,0.29999998,0.39999998,0.0,0.0,0,0,4.9,4.9,0.26,0.0,0.05253441,0,nan,nan,3,0,1,10,0
91991939,1646740329371000,401548848,1162594613,99759,99759,0.25,0.5,0.29999998,0.39999998,0.0,0.0,0,0,4.98,4.98,0.22999999,-0.06,0.04677482,0,nan,nan,3,0,1,10,0
92491763,1646740329871000,401549069,1162594628,99668,99668,0.25,0.5,0.29999998,0.39999998,0.0,0.0,0,0,5.0,4.99,0.25,-0.089999996,0.050789077,0,nan,nan,3,0,1,10,0
92995320,1646740330375000,401549298,1162594641,99717,99717,0.25,0.5,0.29999998,0.39999998,0.0,0.0,0,0,5.0299997,5.02,0.22,0.07,0.043284167,0,nan,nan,3,0,1,10,0
93495991,1646740330875000,401549518,1162594649,99758,99758,0.25,0.5,0.29999998,0.39999998,0.0,0.0,0,0,4.92,4.91,0.17999999,0.03,0.037350044,0,nan,nan,3,0,1,10,0
93995955,1646740331375000,401549745,1162594651,99694,99694,0.25,0.5,0.29999998,0.39999998,0.0,0.0,0,0,4.95,4.94,0.17,-0.07,0.03403392,0,nan,nan,3,0,1,10,0
94495945,1646740331875000,401549966,1162594666,99828,99828,0.25,0.5,0.29999998,0.39999998,0.0,0.0,0,0,4.98,4.98,0.22,-0.01,0.043807764,0,nan,nan,3,0,1,10,0
94996160,1646740332375000,401550194,1162594681,99843,99843,0.25,0.5,0.29999998,0.39999998,0.0,0.0,0,0,4.98,4.97,0.26999998,-0.08,0.054628804,0,nan,nan,3,0,1,10,0
95495402,1646740332875000,401550417,1162594698,99671,99671,0.25,0.5,0.29999998,0.39999998,0.0,0.0,0,0,4.99,4.99,0.29,0.0,0.05811946,0,nan,nan,3,0,1,10,0
95996020,1646740333375000,401550635,1162594718,99743,99743,0.25,0.5,0.29999998,0.39999998,0.0,0.0,0,0,4.98,4.98,0.29,-0.07,0.05811946,0,nan,nan,3,0,1,10,0
96495562,1646740333875000,401550848,1162594730,99745,99745,0.25,0.5,0.29999998,0.39999998,0.0,0.0,0,0,4.35,4.35,0.19,0.02,0.043458696,0,nan,nan,3,0,1,10,0
96995907,1646740334375000,401551034,1162594746,99679,99679,0.25,0.5,0.29999998,0.39999998,0.0,0.0,0,0,3.61,3.61,0.12,-0.03,0.033161256,0,nan,nan,3,0,1,10,0
97500181,1646740334879000,401551181,1162594742,99574,99574,0.25,0.5,0.29999998,0.39999998,0.0,0.0,0,0,2.8899999,2.8899999,0.13,-0.02,0.04415683,0,nan,nan,3,0,1,10,0
98000371,1646740335380000,401551294,1162594750,99631,99631,0.25,0.5,0.29999998,0.39999998,0.0,0.0,0,0,2.26,2.26,-0.04,0.0,6.263288,0,nan,nan,3,0,1,10,0
98504174,1646740335883000,401551388,1162594751,99706,99706,0.25,0.5,0.29999998,0.39999998,0.0,0.0,0,0,2.08,2.08,0.01,0.01,0.0061086523,0,nan,nan,3,0,1,10,0
99004206,1646740336383000,401551476,1162594769,99624,99624,0.25,0.5,0.29999998,0.39999998,0.0,0.0,0,0,1.74,1.61,0.66999996,0.049999997,0.39671332,0,nan,nan,3,0,1,10,0
99504003,1646740336883000,401551535,1162594842,99516,99516,0.25,0.5,0.29999998,0.39999998,0.0,0.0,0,0,1.93,0.81,1.75,0.089999996,1.1376055,0,nan,nan,3,0,1,10,0
100004297,1646740337383000,401551557,1162594961,99551,99551,0.25,0.5,0.29999998,0.39999998,0.0,0.0,0,0,2.83,0.68,2.75,-0.089999996,1.3278465,0,nan,nan,3,0,1,10,0
100504159,1646740337883000,401551594,1162595166,99454,99454,0.25,0.5,0.29999998,0.39999998,0.0,0.0,0,0,4.25,1.02,4.13,0.22999999,1.3281956,0,nan,nan,3,0,1,10,0
101003763,1646740338383000,401551647,1162595429,99464,99464,0.25,0.5,0.29999998,0.39999998,0.0,0.0,0,0,4.97,1.36,4.7799997,0.13,1.2934635,0,nan,nan,3,0,1,10,0
101504219,1646740338883000,401551714,1162595721,99532,99532,0.25,0.5,0.29999998,0.39999998,0.0,0.0,0,0,4.96,1.4,4.7599998,0.06,1.2849113,0,nan,nan,3,0,1,10,0
102003732,1646740339383000,401551776,1162595991,99396,99396,0.25,0.5,0.29999998,0.39999998,0.0,0.0,0,0,4.93,1.39,4.73,-0.089999996,1.2850859,0,nan,nan,3,0,1,10,0
102504483,1646740339883000,401551844,1162596273,99570,99570,0.25,0.5,0.29999998,0.39999998,0.0,0.0,0,0,5.0299997,1.39,4.8399997,-0.11,1.2904963,0,nan,nan,3,0,1,10,0
103003987,1646740340383000,401551910,1162596549,99524,99524,0.25,0.5,0.29999998,0.39999998,0.0,0.0,0,0,5.0499997,1.4599999,4.83,-0.06,1.2777555,0,nan,nan,3,0,1,10,0
103504356,1646740340883000,401551968,1162596835,99569,99569,0.25,0.5,0.29999998,0.39999998,0.0,0.0,0,0,5.04,1.4399999,4.83,0.04,1.2801989,0,nan,nan,3,0,1,10,0
104008422,1646740341387000,401552034,1162597114,99575,99575,0.25,0.5,0.29999998,0.39999998,0.0,0.0,0,0,4.98,1.41,4.77,0.02,1.2835151,0,nan,nan,3,0,1,10,0
104512563,1646740341891000,401552103,1162597399,99488,99488,0.25,0.5,0.29999998,0.39999998,0.0,0.0,0,0,5.06,1.48,4.8399997,-0.049999997,1.2747885,0,nan,nan,3,0,1,10,0
105012452,1646740342391000,401552167,1162597689,99688,99688,0.25,0.5,0.29999998,0.39999998,0.0,0.0,0,0,5.0,1.48,4.77,0.02,1.269727,0,nan,nan,3,0,1,10,0
105512395,1646740342891000,401552238,1162597963,99637,99637,0.25,0.5,0.29999998,0.39999998,0.0,0.0,0,0,5.06,1.4399999,4.85,0.0,1.2819443,0,nan,nan,3,0,1,10,0
106012641,1646740343391000,401552299,1162598263,99425,99425,0.25,0.5,0.29999998,0.39999998,0.0,0.0,0,0,5.24,1.39,5.0499997,0.21,1.3027138,0,nan,nan,3,0,1,10,0
106512452,1646740343891000,401552365,1162598549,99535,99535,0.25,0.5,0.29999998,0.39999998,0.0,0.0,0,0,5.2599998,1.37,5.08,0.03,1.3077753,0,nan,nan,3,0,1,10,0
107012350,1646740344391000,401552426,1162598850,99486,99486,0.25,0.5,0.29999998,0.39999998,0.0,0.0,0,0,5.0699997,1.51,4.8399997,0.099999994,1.2692034,0,nan,nan,3,0,1,10,0
107512543,1646740344891000,401552499,1162599122,99308,99308,0.25,0.5,0.29999998,0.39999998,0.0,0.0,0,0,4.99,1.5999999,4.73,0.03,1.2451178,0,nan,nan,3,0,1,10,0
108012354,1646740345391000,401552566,1162599402,99390,99390,0.25,0.5,0.29999998,0.39999998,0.0,0.0,0,0,4.91,1.62,4.64,-0.08,1.235693,0,nan,nan,3,0,1,10,0
108512485,1646740345891000,401552646,1162599675,99416,99416,0.25,0.5,0.29999998,0.39999998,0.0,0.0,0,0,4.92,1.5899999,4.66,0.03,1.242849,0,nan,nan,3,0,1,10,0
109011938,1646740346391000,401552709,1162599948,99392,99392,0.25,0.5,0.29999998,0.39999998,0.0,0.0,0,0,4.93,1.49,4.7,-0.04,1.2637929,0,nan,nan,3,0,1,10,0
109516867,1646740346895000,401552780,1162600227,99593,99593,0.25,0.5,0.29999998,0.39999998,0.0,0.0,0,0,5.0,1.37,4.81,0.099999994,1.2924162,0,nan,nan,3,0,1,10,0
110016531,1646740347395000,401552843,1162600506,99420,99420,0.25,0.5,0.29999998,0.39999998,0.0,0.0,0,0,5.0099998,1.4,4.81,0.03,1.2877039,0,nan,nan,3,0,1,10,0
110516123,1646740347895000,401552905,1162600786,99593,99593,0.25,0.5,0.29999998,0.39999998,0.0,0.0,0,0,5.0,1.4,4.7999997,-0.04,1.2873548,0,nan,nan,3,0,1,10,0
111016560,1646740348395000,401552965,1162601073,99638,99638,0.25,0.5,0.29999998,0.39999998,0.0,0.0,0,0,5.1099997,1.4699999,4.89,0.02,1.2795008,0,nan,nan,3,0,1,10,0
111516659,1646740348895000,401553028,1162601367,99426,99426,0.25,0.5,0.29999998,0.39999998,0.0,0.0,0,0,5.02,1.4399999,4.81,-0.02,1.2789773,0,nan,nan,3,0,1,10,0
112016734,1646740349395000,401553093,1162601645,99595,99595,0.25,0.5,0.29999998,0.39999998,0.0,0.0,0,0,5.08,1.4699999,4.8599997,0.02,1.2770574,0,nan,nan,3,0,1,10,0
112421559,1646740349799000,401553148,1162601882,99634,99634,0.25,0.5,0.29999998,0.39999998,0.0,0.0,0,0,5.0699997,1.49,4.85,-0.06,1.2735667,0,nan,nan,3,0,1,10,0
112924294,1646740350303000,401553212,1162602167,99654,99654,0.25,0.5,0.29999998,0.39999998,0.0,0.0,0,0,4.99,1.4599999,4.77,0.03,1.2728686,0,nan,nan,3,0,1,10,0
113424646,1646740350803000,401553287,1162602448,99688,99688,0.25,0.5,0.29999998,0.39999998,0.0,0.0,0,0,4.92,1.4699999,4.7,0.02,1.2681562,0,nan,nan,3,0,1,10,0
113924049,1646740351303000,401553347,1162602712,99465,99465,0.25,0.5,0.29999998,0.39999998,0.0,0.0,0,0,4.9,1.5,4.67,0.07,1.2597786,0,nan,nan,3,0,1,10,0
114424694,1646740351803000,401553410,1162602999,99501,99501,0.25,0.5,0.29999998,0.39999998,0.0,0.0,0,0,4.92,1.48,4.7,0.0,1.2662363,0,nan,nan,3,0,1,10,0
114928594,1646740352307000,401553480,1162603264,99582,99582,0.25,0.5,0.29999998,0.39999998,0.0,0.0,0,0,4.93,1.4499999,4.71,0.049999997,1.2721704,0,nan,nan,3,0,1,10,0
115428179,1646740352807000,401553542,1162603544,99391,99391,0.25,0.5,0.29999998,0.39999998,0.0,0.0,0,0,4.7599998,1.3199999,4.5699997,0.61,1.2906709,0,nan,nan,3,0,1,10,0
115928866,1646740353307000,401553591,1162603806,98822,98822,0.25,0.5,0.29999998,0.39999998,0.0,0.0,0,0,4.19,0.95,4.08,2.46,1.3423326,0,nan,nan,3,0,1,10,0
116428369,1646740353807000,401553629,1162604023,97058,97058,0.25,0.5,0.29999998,0.39999998,0.0,0.0,0,0,3.75,0.78999996,3.6699998,4.54,1.3590878,0,nan,nan,3,0,1,10,0
116928755,1646740354307000,401553660,1162604231,94541,94541,0.25,0.5,0.29999998,0.39999998,0.0,0.0,0,0,3.4299998,0.56,3.3899999,5.66,1.4065608,0,nan,nan,3,0,1,10,0
117429234,1646740354807000,401553687,1162604435,91382,91382,0.25,0.5,0.29999998,0.39999998,0.0,0.0,0,0,3.26,0.34,3.24,6.43,1.4671237,0,nan,nan,3,0,1,10,0
117928650,1646740355307000,401553701,1162604607,88053,88053,0.25,0.5,0.29999998,0.39999998,0.0,0.0,0,0,3.08,0.14999999,3.07,7.16,1.5207053,0,nan,nan,3,0,1,10,0
118432181,1646740355810000,401553707,1162604798,84256,84256,0.25,0.5,0.29999998,0.39999998,0.0,0.0,0,0,2.98,0.11,2.98,7.7999997,1.5330971,0,nan,nan,3,0,1,10,0
118932916,1646740356311000,401553702,1162604957,80093,80093,0.25,0.5,0.29999998,0.39999998,0.0,0.0,0,0,2.82,0.01,2.82,8.51,1.5657349,0,nan,nan,3,0,1,10,0
119432865,1646740356811000,401553707,1162605120,75624,75624,0.25,0.5,0.29999998,0.39999998,0.0,0.0,0,0,2.6599998,-0.08,2.6599998,9.59,1.5994197,0,nan,nan,3,0,1,10,0
119932740,1646740357311000,401553700,1162605283,70690,70690,0.25,0.5,0.29999998,0.39999998,0.0,0.0,0,0,2.59,-0.17,2.59,10.26,1.6357226,0,nan,nan,3,0,1,10,0
120433006,1646740357811000,401553689,1162605433,65579,65579,0.25,0.5,0.29999998,0.39999998,0.0,0.0,0,0,2.33,0.089999996,2.33,9.21,1.5337952,0,nan,nan,3,0,1,10,0
120936465,1646740358315000,401553715,1162605539,61463,61463,0.25,0.5,0.29999998,0.39999998,0.0,0.0,0,0,1.7199999,0.7,1.5699999,7.72,1.1513938,0,nan,nan,3,0,1,10,0
121437027,1646740358815000,401553755,1162605616,57952,57952,0.25,0.5,0.29999998,0.39999998,0.0,0.0,0,0,1.36,0.79999995,1.1,6.6499996,0.938289,0,nan,nan,3,0,1,10,0
121936376,1646740359315000,401553786,1162605680,54781,54781,0.25,0.5,0.29999998,0.39999998,0.0,0.0,0,0,1.23,0.77,0.96,5.73,0.8932595,0,nan,nan,3,0,1,10,0
122437007,1646740359815000,401553821,1162605722,52403,52403,0.25,0.5,0.29999998,0.39999998,0.0,0.0,0,0,1.1999999,0.87,0.83,3.1499999,0.7648033,0,nan,nan,3,0,1,10,0
122936729,1646740360315000,401553860,1162605765,51330,51330,0.25,0.5,0.29999998,0.39999998,0.0,0.0,0,0,1.12,0.84,0.75,1.43,0.7250098,0,nan,nan,3,0,1,10,0
123437170,1646740360815000,401553862,1162605773,51821,51821,0.25,0.5,0.29999998,0.39999998,0.0,0.0,0,0,0.089999996,-0.089999996,0.03,-2.83,0.0,0,nan,nan,3,0,1,10,0
123941011,1646740361319000,401553864,1162605775,53237,53237,0.25,0.5,0.29999998,0.39999998,0.0,0.0,0,0,0.26999998,-0.01,-0.26999998,-2.82,0.0,0,nan,nan,3,0,1,10,0
124441361,1646740361819000,401553869,1162605751,54871,54871,0.25,0.5,0.29999998,0.39999998,0.0,0.0,0,0,0.85999995,0.69,-0.52,-2.9199998,0.0,0,nan,nan,3,0,1,10,0
124940659,1646740362319000,401553924,1162605720,56078,56078,0.25,0.5,0.29999998,0.39999998,0.0,0.0,0,0,1.28,1.26,-0.26,-2.3999999,6.0800285,0,nan,nan,3,0,1,10,0
125441040,1646740362819000,401553980,1162605714,57451,57451,0.25,0.5,0.29999998,0.39999998,0.0,0.0,0,0,1.15,1.15,0.12,-3.08,0.10489428,0,nan,nan,3,0,1,10,0
125941121,1646740363319000,401554018,1162605737,58854,58854,0.25,0.5,0.29999998,0.39999998,0.0,0.0,0,0,0.98999995,0.65,0.74,-2.99,0.0,0,nan,nan,3,0,1,10,0
126441150,1646740363819000,401554036,1162605806,60373,60373,0.25,0.5,0.29999998,0.39999998,0.0,0.0,0,0,1.39,0.39999998,1.3299999,-2.97,1.2815952,0,nan,nan,3,0,1,10,0
126941191,1646740364319000,401554062,1162605910,62017,62017,0.25,0.5,0.29999998,0.39999998,0.0,0.0,0,0,2.81,0.79999995,2.7,-3.06,1.2838641,0,nan,nan,3,0,1,10,0
127441163,1646740364819000,401554105,1162606115,63613,63613,0.25,0.5,0.29999998,0.39999998,0.0,0.0,0,0,4.2999997,1.14,4.15,-3.0,1.3030628,0,nan,nan,3,0,1,10,0
127941361,1646740365319000,401554165,1162606374,65029,65029,0.25,0.5,0.29999998,0.39999998,0.0,0.0,0,0,4.91,1.5,4.68,-3.06,1.2601277,0,nan,nan,3,0,1,10,0
128441180,1646740365819000,401554233,1162606651,66713,66713,0.25,0.5,0.29999998,0.39999998,0.0,0.0,0,0,4.8199997,1.5899999,4.54,-3.09,1.2335987,0,nan,nan,3,0,1,10,0
128948508,1646740366326000,401554305,1162606918,68120,68120,0.25,0.5,0.29999998,0.39999998,0.0,0.0,0,0,4.88,1.63,4.6,-3.1899998,1.2292354,0,nan,nan,3,0,1,10,0
129449064,1646740366827000,401554379,1162607192,69909,69909,0.25,0.5,0.29999998,0.39999998,0.0,0.0,0,0,5.0699997,1.6899999,4.7799997,-3.05,1.2299335,0,nan,nan,3,0,1,10,0
129948697,1646740367327000,401554463,1162607482,71427,71427,0.25,0.5,0.29999998,0.39999998,0.0,0.0,0,0,5.16,1.66,4.88,-3.25,1.2421508,0,nan,nan,3,0,1,10,0
130448714,1646740367827000,401554533,1162607772,72909,72909,0.25,0.5,0.29999998,0.39999998,0.0,0.0,0,0,5.27,1.65,5.0,-3.1999998,1.2514011,0,nan,nan,3,0,1,10,0
130948723,1646740368327000,401554607,1162608062,74456,74456,0.25,0.5,0.29999998,0.39999998,0.0,0.0,0,0,5.3399997,1.65,5.08,-3.12,1.2561135,0,nan,nan,3,0,1,10,0
131452932,1646740368831000,401554687,1162608369,76235,76235,0.25,0.5,0.29999998,0.39999998,0.0,0.0,0,0,5.3199997,1.56,5.0899997,-3.1699998,1.272694,0,nan,nan,3,0,1,10,0
131952839,1646740369331000,401554753,1162608663,77893,77893,0.25,0.5,0.29999998,0.39999998,0.0,0.0,0,0,5.3199997,1.5999999,5.0699997,-3.1999998,1.2648401,0,nan,nan,3,0,1,10,0
132453234,1646740369831000,401554820,1162608966,79259,79259,0.25,0.5,0.29999998,0.39999998,0.0,0.0,0,0,5.22,1.5699999,4.98,-3.1699998,1.2658873,0,nan,nan,3,0,1,10,0
132953369,1646740370331000,401554893,1162609248,80932,80932,0.25,0.5,0.29999998,0.39999998,0.0,0.0,0,0,5.21,1.53,4.98,-3.05,1.2733922,0,nan,nan,3,0,1,10,0
133457890,1646740370835000,401554966,1162609542,82550,82550,0.25,0.5,0.29999998,0.39999998,0.0,0.0,0,0,5.16,1.5,4.94,-3.1299999,1.2749629,0,nan,nan,3,0,1,10,0
133957543,1646740371335000,401555029,1162609833,84017,84017,0.25,0.5,0.29999998,0.39999998,0.0,0.0,0,0,5.19,1.51,4.97,-3.1599998,1.2758356,0,nan,nan,3,0,1,10,0
134457546,1646740371835000,401555092,1162610122,85748,85748,0.25,0.5,0.29999998,0.39999998,0.0,0.0,0,0,5.1,1.5699999,4.85,-3.11,1.2589059,0,nan,nan,3,0,1,10,0
134957537,1646740372335000,401555167,1162610408,87295,87295,0.25,0.5,0.29999998,0.39999998,0.0,0.0,0,0,5.0299997,1.5,4.7999997,-3.1,1.2672836,0,nan,nan,3,0,1,10,0
135457546,1646740372835000,401555240,1162610695,88724,88724,0.25,0.5,0.29999998,0.39999998,0.0,0.0,0,0,5.1099997,1.56,4.8599997,-3.08,1.2594295,0,nan,nan,3,0,1,10,0
135957552,1646740373335000,401555307,1162610973,90409,90409,0.25,0.5,0.29999998,0.39999998,0.0,0.0,0,0,4.93,1.67,4.63,-3.4399998,1.2250465,0,nan,nan,3,0,1,10,0
136457874,1646740373835000,401555388,1162611242,92134,92134,0.25,0.5,0.29999998,0.39999998,0.0,0.0,0,0,4.95,1.65,4.67,-3.21,1.2313297,0,nan,nan,3,0,1,10,0
136961797,1646740374339000,401555465,1162611521,93839,93839,0.25,0.5,0.29999998,0.39999998,0.0,0.0,0,0,5.0099998,1.5,4.7799997,-3.1999998,1.2678071,0,nan,nan,3,0,1,10,0
137461555,1646740374839000,401555518,1162611816,95297,95297,0.25,0.5,0.29999998,0.39999998,0.0,0.0,0,0,5.0899997,1.28,4.93,-3.1599998,1.3161527,0,nan,nan,3,0,1,10,0
137961883,1646740375339000,401555576,1162612098,97006,97006,0.25,0.5,0.29999998,0.39999998,0.0,0.0,0,0,5.08,1.2099999,4.94,-3.23,1.3313371,0,nan,nan,3,0,1,10,0
138461619,1646740375839000,401555630,1162612392,98253,98253,0.25,0.5,0.29999998,0.39999998,0.0,0.0,0,0,4.91,1.13,4.7799997,-1.88,1.3386675,0,nan,nan,3,0,1,10,0
138961451,1646740376339000,401555682,1162612653,98970,98970,0.25,0.5,0.29999998,0.39999998,0.0,0.0,0,0,4.54,1.0799999,4.41,-1.2099999,1.3299408,0,nan,nan,3,0,1,10,0
139465752,1646740376843000,401555726,1162612893,99379,99379,0.25,0.5,0.29999998,0.39999998,0.0,0.0,0,0,3.84,1.03,3.6999998,-0.81,1.298874,0,nan,nan,3,0,1,10,0
139965695,1646740377343000,401555776,1162613095,99678,99678,0.25,0.5,0.29999998,0.39999998,0.0,0.0,0,0,3.1899998,0.95,3.04,-0.47,1.267109,0,nan,nan,3,0,1,10,0
140465124,1646740377843000,401555811,1162613252,100038,100038,0.25,0.5,0.29999998,0.39999998,0.0,0.0,0,0,2.56,0.77,2.44,-0.29999998,1.2662363,0,nan,nan,3,0,1,10,0
140965731,1646740378343000,401555838,1162613387,100067,100067,0.25,0.5,0.29999998,0.39999998,0.0,0.0,0,0,1.91,0.39999998,1.86,-0.32,1.3597859,0,nan,nan,3,0,1,10,0
141465586,1646740378843000,401555840,1162613478,100264,100264,0.25,0.5,0.29999998,0.39999998,0.0,0.0,0,0,1.4699999,-0.56,1.36,-0.089999996,1.9584339,0,nan,nan,3,0,1,10,0
141965500,1646740379343000,401555788,1162613544,100156,100156,0.25,0.5,0.29999998,0.39999998,0.0,0.0,0,0,1.8,-1.37,1.17,0.01,2.4373522,0,nan,nan,3,0,1,10,0
142465575,1646740379843000,401555718,1162613612,100150,100150,0.25,0.5,0.29999998,0.39999998,0.0,0.0,0,0,1.9399999,-1.61,1.0699999,0.049999997,2.5548127,0,nan,nan,3,0,1,10,0
142965403,1646740380343000,401555640,1162613676,100218,100218,0.25,0.5,0.29999998,0.39999998,0.0,0.0,0,0,2.2,-1.8499999,1.1899999,0.12,2.571219,0,nan,nan,3,0,1,10,0
143469659,1646740380847000,401555534,1162613754,100050,100050,0.25,0.5,0.29999998,0.39999998,0.0,0.0,0,0,3.3,-2.97,1.4499999,0.049999997,2.6876323,0,nan,nan,3,0,1,10,0
143969356,1646740381347000,401555370,1162613847,100142,100142,0.25,0.5,0.29999998,0.39999998,0.0,0.0,0,0,4.5,-4.2,1.62,0.04,2.7742007,0,nan,nan,3,0,1,10,0
144469329,1646740381847000,401555179,1162613936,99998,99998,0.25,0.5,0.29999998,0.39999998,0.0,0.0,0,0,4.7799997,-4.45,1.74,0.14,2.7682667,0,nan,nan,3,0,1,10,0
144969269,1646740382347000,401554976,1162614050,100166,100166,0.25,0.5,0.29999998,0.39999998,0.0,0.0,0,0,4.73,-4.37,1.8299999,-0.089999996,2.7445302,0,nan,nan,3,0,1,10,0
145469515,1646740382847000,401554781,1162614148,99984,99984,0.25,0.5,0.29999998,0.39999998,0.0,0.0,0,0,4.74,-4.36,1.86,0.06,2.7380724,0,nan,nan,3,0,1,10,0
145969850,1646740383347000,401554580,1162614262,100145,100145,0.25,0.5,0.29999998,0.39999998,0.0,0.0,0,0,4.85,-4.44,1.9599999,0.02,2.7256806,0,nan,nan,3,0,1,10,0
146469664,1646740383847000,401554383,1162614388,99941,99941,0.25,0.5,0.29999998,0.39999998,0.0,0.0,0,0,4.85,-4.42,2.01,0.04,2.714336,0,nan,nan,3,0,1,10,0
146969819,1646740384347000,401554177,1162614509,100026,100026,0.25,0.5,0.29999998,0.39999998,0.0,0.0,0,0,4.8399997,-4.39,2.05,-0.03,2.7035148,0,nan,nan,3,0,1,10,0
147469448,1646740384847000,401553988,1162614620,99962,99962,0.25,0.5,0.29999998,0.39999998,0.0,0.0,0,0,4.77,-4.33,2.01,0.01,2.7080529,0,nan,nan,3,0,1,10,0
147969841,1646740385347000,401553792,1162614747,100061,100061,0.25,0.5,0.29999998,0.39999998,0.0,0.0,0,0,4.79,-4.3399997,2.03,0.01,2.7052603,0,nan,nan,3,0,1,10,0
148469986,1646740385847000,401553595,1162614854,99948,99948,0.25,0.5,0.29999998,0.39999998,0.0,0.0,0,0,4.72,-4.27,2.01,0.08,2.7007222,0,nan,nan,3,0,1,10,0
148969352,1646740386347000,401553396,1162614986,100047,100047,0.25,0.5,0.29999998,0.39999998,0.0,0.0,0,0,4.7799997,-4.33,2.04,0.04,2.700897,0,nan,nan,3,0,1,10,0
149473352,1646740386850000,401553211,1162615100,99955,99955,0.25,0.5,0.29999998,0.39999998,0.0,0.0,0,0,4.74,-4.2999997,2.0,0.0,2.7070055,0,nan,nan,3,0,1,10,0
149974290,1646740387351000,401553010,1162615211,99945,99945,0.25,0.5,0.29999998,0.39999998,0.0,0.0,0,0,4.75,-4.33,1.9499999,0.0,2.7195718,0,nan,nan,3,0,1,10,0
150473599,1646740387851000,401552816,1162615327,99935,99935,0.25,0.5,0.29999998,0.39999998,0.0,0.0,0,0,4.7799997,-4.38,1.91,-0.06,2.7302184,0,nan,nan,3,0,1,10,0
150978359,1646740388355000,401552616,1162615442,100048,100048,0.25,0.5,0.29999998,0.39999998,0.0,0.0,0,0,4.8199997,-4.42,1.92,0.12,2.731789,0,nan,nan,3,0,1,10,0
151478567,1646740388855000,401552413,1162615560,99904,99904,0.25,0.5,0.29999998,0.39999998,0.0,0.0,0,0,4.8199997,-4.39,1.99,-0.02,2.715732,0,nan,nan,3,0,1,10,0
151978369,1646740389355000,401552224,1162615666,99991,99991,0.25,0.5,0.29999998,0.39999998,0.0,0.0,0,0,4.88,-4.43,2.04,0.01,2.7108452,0,nan,nan,3,0,1,10,0
152482291,1646740389859000,401552016,1162615796,99956,99956,0.25,0.5,0.29999998,0.39999998,0.0,0.0,0,0,4.83,-4.35,2.11,0.01,2.6886797,0,nan,nan,3,0,1,10,0
152981709,1646740390359000,401551822,1162615915,99941,99941,0.25,0.5,0.29999998,0.39999998,0.0,0.0,0,0,4.8399997,-4.3399997,2.1399999,0.04,2.6843164,0,nan,nan,3,0,1,10,0
153485728,1646740390863000,401551621,1162616049,100039,100039,0.25,0.5,0.29999998,0.39999998,0.0,0.0,0,0,4.89,-4.35,2.24,0.08,2.6658156,0,nan,nan,3,0,1,10,0
153986275,1646740391363000,401551430,1162616178,99927,99927,0.25,0.5,0.29999998,0.39999998,0.0,0.0,0,0,4.92,-4.35,2.29,0.03,2.6558676,0,nan,nan,3,0,1,10,0
154486493,1646740391863000,401551233,1162616315,99887,99887,0.25,0.5,0.29999998,0.39999998,0.0,0.0,0,0,5.02,-4.45,2.31,0.16,2.663547,0,nan,nan,3,0,1,10,0
154990032,1646740392367000,401551029,1162616458,99919,99919,0.25,0.5,0.29999998,0.39999998,0.0,0.0,0,0,5.0299997,-4.45,2.35,-0.01,2.655344,0,nan,nan,3,0,1,10,0
155490347,1646740392867000,401550832,1162616601,99792,99792,0.25,0.5,0.29999998,0.39999998,0.0,0.0,0,0,5.06,-4.47,2.36,-0.01,2.6555183,0,nan,nan,3,0,1,10,0
155989931,1646740393367000,401550628,1162616741,99744,99744,0.25,0.5,0.29999998,0.39999998,0.0,0.0,0,0,5.0899997,-4.5099998,2.37,0.11,2.6574383,0,nan,nan,3,0,1,10,0
156490167,1646740393867000,401550427,1162616873,99657,99657,0.25,0.5,0.29999998,0.39999998,0.0,0.0,0,0,5.12,-4.49,2.46,0.049999997,2.6406832,0,nan,nan,3,0,1,10,0
156990168,1646740394367000,401550222,1162617029,99817,99817,0.25,0.5,0.29999998,0.39999998,0.0,0.0,0,0,5.17,-4.52,2.51,-0.07,2.6356215,0,nan,nan,3,0,1,10,0
157489790,1646740394867000,401550021,1162617185,99828,99828,0.25,0.5,0.29999998,0.39999998,0.0,0.0,0,0,5.18,-4.41,2.72,0.049999997,2.589545,0,nan,nan,3,0,1,10,0
157994377,1646740395371000,401549814,1162617336,99860,99860,0.25,0.5,0.29999998,0.39999998,0.0,0.0,0,0,5.17,-4.39,2.73,0.01,2.5860543,0,nan,nan,3,0,1,10,0
158493921,1646740395871000,401549625,1162617502,99632,99632,0.25,0.5,0.29999998,0.39999998,0.0,0.0,0,0,5.0299997,-4.33,2.55,0.03,2.608569,0,nan,nan,3,0,1,10,0
158998693,1646740396375000,401549420,1162617649,99684,99684,0.25,0.5,0.29999998,0.39999998,0.0,0.0,0,0,5.0099998,-4.31,2.55,0.06,2.6076965,0,nan,nan,3,0,1,10,0
159498366,1646740396875000,401549230,1162617788,99584,99584,0.25,0.5,0.29999998,0.39999998,0.0,0.0,0,0,4.99,-4.35,2.46,0.14,2.6267204,0,nan,nan,3,0,1,10,0
159998453,1646740397375000,401549040,1162617941,99572,99572,0.25,0.5,0.29999998,0.39999998,0.0,0.0,0,0,4.93,-4.29,2.44,-0.01,2.6239278,0,nan,nan,3,0,1,10,0
160498033,1646740397875000,401548840,1162618081,99543,99543,0.25,0.5,0.29999998,0.39999998,0.0,0.0,0,0,4.8199997,-4.19,2.3899999,0.11,2.6239278,0,nan,nan,3,0,1,10,0
160999026,1646740398375000,401548660,1162618217,99692,99692,0.25,0.5,0.29999998,0.39999998,0.0,0.0,0,0,4.7999997,-4.17,2.3899999,0.0,2.6216588,0,nan,nan,3,0,1,10,0
161498963,1646740398875000,401548471,1162618354,99588,99588,0.25,0.5,0.29999998,0.39999998,0.0,0.0,0,0,4.77,-4.14,2.3799999,-0.02,2.619739,0,nan,nan,3,0,1,10,0
161999459,1646740399375000,401548280,1162618491,99387,99387,0.25,0.5,0.29999998,0.39999998,0.0,0.0,0,0,4.83,-4.18,2.4199998,0.08,2.6174703,0,nan,nan,3,0,1,10,0
162498794,1646740399875000,401548086,1162618636,99543,99543,0.25,0.5,0.29999998,0.39999998,0.0,0.0,0,0,4.93,-4.29,2.4299998,-0.04,2.626546,0,nan,nan,3,0,1,10,0
163002498,1646740400379000,401547895,1162618790,99541,99541,0.25,0.5,0.29999998,0.39999998,0.0,0.0,0,0,4.91,-4.24,2.48,-0.03,2.6120598,0,nan,nan,3,0,1,10,0
163502591,1646740400879000,401547704,1162618934,99599,99599,0.25,0.5,0.29999998,0.39999998,0.0,0.0,0,0,4.91,-4.24,2.48,-0.089999996,2.6132815,0,nan,nan,3,0,1,10,0
164006703,1646740401383000,401547512,1162619076,99602,99602,0.25,0.5,0.29999998,0.39999998,0.0,0.0,0,0,4.9,-4.2599998,2.4199998,0.0,2.6261969,0,nan,nan,3,0,1,10,0
164510726,1646740401887000,401547312,1162619222,99403,99403,0.25,0.5,0.29999998,0.39999998,0.0,0.0,0,0,4.89,-4.2799997,2.37,0.12,2.6359708,0,nan,nan,3,0,1,10,0
165010554,1646740402387000,401547125,1162619361,99579,99579,0.25,0.5,0.29999998,0.39999998,0.0,0.0,0,0,4.87,-4.2799997,2.33,0.04,2.642952,0,nan,nan,3,0,1,10,0
165514652,1646740402891000,401546927,1162619489,99455,99455,0.25,0.5,0.29999998,0.39999998,0.0,0.0,0,0,4.85,-4.2799997,2.28,-0.02,2.6509805,0,nan,nan,3,0,1,10,0
166014692,1646740403391000,401546738,1162619624,99483,99483,0.25,0.5,0.29999998,0.39999998,0.0,0.0,0,0,4.92,-4.3399997,2.32,-0.08,2.6513298,0,nan,nan,3,0,1,10,0
166514920,1646740403891000,401546541,1162619763,99412,99412,0.25,0.5,0.29999998,0.39999998,0.0,0.0,0,0,4.93,-4.37,2.29,0.0,2.6581364,0,nan,nan,3,0,1,10,0
167018842,1646740404395000,401546346,1162619905,99451,99451,0.25,0.5,0.29999998,0.39999998,0.0,0.0,0,0,4.97,-4.38,2.34,-0.089999996,2.6501079,0,nan,nan,3,0,1,10,0
167518808,1646740404895000,401546143,1162620037,99555,99555,0.25,0.5,0.29999998,0.39999998,0.0,0.0,0,0,5.0099998,-4.42,2.35,-0.049999997,2.653075,0,nan,nan,3,0,1,10,0
168018703,1646740405395000,401545946,1162620180,99440,99440,0.25,0.5,0.29999998,0.39999998,0.0,0.0,0,0,5.06,-4.44,2.4199998,-0.049999997,2.642952,0,nan,nan,3,0,1,10,0
168518873,1646740405895000,401545749,1162620315,99387,99387,0.25,0.5,0.29999998,0.39999998,0.0,0.0,0,0,5.02,-4.42,2.37,-0.02,2.6492352,0,nan,nan,3,0,1,10,0
169018335,1646740406395000,401545540,1162620466,99528,99528,0.25,0.5,0.29999998,0.39999998,0.0,0.0,0,0,5.0699997,-4.47,2.3999999,0.03,2.6490607,0,nan,nan,3,0,1,10,0
169518814,1646740406895000,401545339,1162620601,99500,99500,0.25,0.5,0.29999998,0.39999998,0.0,0.0,0,0,5.0899997,-4.48,2.4199998,-0.01,2.645919,0,nan,nan,3,0,1,10,0
169922854,1646740407299000,401545180,1162620717,99334,99334,0.25,0.5,0.29999998,0.39999998,0.0,0.0,0,0,5.02,-4.36,2.48,-0.14,2.6239278,0,nan,nan,3,0,1,10,0
170422814,1646740407799000,401544989,1162620864,99439,99439,0.25,0.5,0.29999998,0.39999998,0.0,0.0,0,0,4.91,-4.24,2.47,0.01,2.6139796,0,nan,nan,3,0,1,10,0
170923141,1646740408299000,401544805,1162621002,99570,99570,0.25,0.5,0.29999998,0.39999998,0.0,0.0,0,0,4.15,-3.6,2.05,-0.07,2.624277,0,nan,nan,3,0,1,10,0
171422856,1646740408799000,401544652,1162621117,99460,99460,0.25,0.5,0.29999998,0.39999998,0.0,0.0,0,0,3.53,-3.08,1.73,-0.08,2.6281168,0,nan,nan,3,0,1,10,0
171926838,1646740409303000,401544523,1162621206,99508,99508,0.25,0.5,0.29999998,0.39999998,0.0,0.0,0,0,2.9199998,-2.58,1.37,-0.099999994,2.6542966,0,nan,nan,3,0,1,10,0
172426365,1646740409803000,401544423,1162621270,99544,99544,0.25,0.5,0.29999998,0.39999998,0.0,0.0,0,0,2.3,-2.04,1.0699999,-0.14999999,2.659009,0,nan,nan,3,0,1,10,0
172926884,1646740410303000,401544341,1162621329,99666,99666,0.25,0.5,0.29999998,0.39999998,0.0,0.0,0,0,1.77,-1.55,0.85999995,-0.089999996,2.6371922,0,nan,nan,3,0,1,10,0
173426538,1646740410803000,401544281,1162621372,99609,99609,0.25,0.5,0.29999998,0.39999998,0.0,0.0,0,0,1.38,-1.27,0.53,-0.08,2.7485445,0,nan,nan,3,0,1,10,0
173930228,1646740411306000,401544222,1162621379,99680,99680,0.25,0.5,0.29999998,0.39999998,0.0,0.0,0,0,1.17,-1.12,-0.34,0.01,3.4409165,0,nan,nan,3,0,1,10,0
174430435,1646740411807000,401544179,1162621346,99549,99549,0.25,0.5,0.29999998,0.39999998,0.0,0.0,0,0,1.13,-0.98999995,-0.56,0.0,3.6569884,0,nan,nan,3,0,1,10,0
174930444,1646740412307000,401544141,1162621310,99662,99662,0.25,0.5,0.29999998,0.39999998,0.0,0.0,0,0,1.09,-0.84999996,-0.66999996,-0.089999996,3.8100536,0,nan,nan,3,0,1,10,0
175430916,1646740412807000,401544100,1162621258,99570,99570,0.25,0.5,0.29999998,0.39999998,0.0,0.0,0,0,1.51,-1.09,-1.04,-0.089999996,3.9027307,0,nan,nan,3,0,1,10,0
175930616,1646740413307000,401544028,1162621176,99705,99705,0.25,0.5,0.29999998,0.39999998,0.0,0.0,0,0,2.9099998,-1.8499999,-2.25,-0.13,4.0247293,0,nan,nan,3,0,1,10,0
176430408,1646740413807000,401543928,1162620999,99830,99830,0.25,0.5,0.29999998,0.39999998,0.0,0.0,0,0,4.2799997,-2.56,-3.4299998,-0.06,4.0716786,0,nan,nan,3,0,1,10,0
176931351,1646740414307000,401543815,1162620781,99831,99831,0.25,0.5,0.29999998,0.39999998,0.0,0.0,0,0,4.56,-2.69,-3.6899998,0.02,4.081976,0,nan,nan,3,0,1,10,0
177430881,1646740414807000,401543688,1162620563,99649,99649,0.25,0.5,0.29999998,0.39999998,0.0,0.0,0,0,4.5299997,-2.59,-3.72,-0.099999994,4.1046653,0,nan,nan,3,0,1,10,0
177931459,1646740415307000,401543574,1162620354,99826,99826,0.25,0.5,0.29999998,0.39999998,0.0,0.0,0,0,4.54,-2.6,-3.72,-0.02,4.101698,0,nan,nan,3,0,1,10,0
178431114,1646740415807000,401543461,1162620136,99817,99817,0.25,0.5,0.29999998,0.39999998,0.0,0.0,0,0,4.61,-2.6399999,-3.78,-0.01,4.103618,0,nan,nan,3,0,1,10,0
178931394,1646740416307000,401543340,1162619904,99655,99655,0.25,0.5,0.29999998,0.39999998,0.0,0.0,0,0,4.62,-2.75,-3.72,-0.11,4.0760417,0,nan,nan,3,0,1,10,0
179430736,1646740416807000,401543205,1162619688,99804,99804,0.25,0.5,0.29999998,0.39999998,0.0,0.0,0,0,4.67,-2.83,-3.7099998,0.0,4.0608573,0,nan,nan,3,0,1,10,0
179931081,1646740417307000,401543075,1162619474,99661,99661,0.25,0.5,0.29999998,0.39999998,0.0,0.0,0,0,4.72,-2.99,-3.6499999,-0.049999997,4.026998,0,nan,nan,3,0,1,10,0
180431212,1646740417807000,401542947,1162619267,99748,99748,0.25,0.5,0.29999998,0.39999998,0.0,0.0,0,0,4.7599998,-3.03,-3.6699998,0.06,4.0222855,0,nan,nan,3,0,1,10,0
180931470,1646740418307000,401542806,1162619056,99691,99691,0.25,0.5,0.29999998,0.39999998,0.0,0.0,0,0,4.71,-2.98,-3.6399999,0.03,4.0261254,0,nan,nan,3,0,1,10,0
181430968,1646740418807000,401542672,1162618837,99616,99616,0.25,0.5,0.29999998,0.39999998,0.0,0.0,0,0,4.75,-3.0,-3.6899998,-0.02,4.0294414,0,nan,nan,3,0,1,10,0
181931675,1646740419307000,401542537,1162618620,99756,99756,0.25,0.5,0.29999998,0.39999998,0.0,0.0,0,0,4.7,-2.9299998,-3.6699998,0.03,4.0374703,0,nan,nan,3,0,1,10,0
182435447,1646740419811000,401542410,1162618398,99599,99599,0.25,0.5,0.29999998,0.39999998,0.0,0.0,0,0,4.79,-3.01,-3.73,0.0,4.033456,0,nan,nan,3,0,1,10,0
182935167,1646740420311000,401542270,1162618175,99723,99723,0.25,0.5,0.29999998,0.39999998,0.0,0.0,0,0,4.81,-3.01,-3.74,-0.02,4.034852,0,nan,nan,3,0,1,10,0
183434940,1646740420811000,401542135,1162617957,99635,99635,0.25,0.5,0.29999998,0.39999998,0.0,0.0,0,0,4.81,-3.0,-3.75,0.089999996,4.038168,0,nan,nan,3,0,1,10,0
183935267,1646740421311000,401542001,1162617738,99736,99736,0.25,0.5,0.29999998,0.39999998,0.0,0.0,0,0,4.8599997,-3.11,-3.74,0.07,4.018446,0,nan,nan,3,0,1,10,0
184435165,1646740421811000,401541856,1162617512,99717,99717,0.25,0.5,0.29999998,0.39999998,0.0,0.0,0,0,4.95,-3.1899998,-3.79,0.04,4.0126863,0,nan,nan,3,0,1,10,0
184934724,1646740422311000,401541713,1162617292,99566,99566,0.25,0.5,0.29999998,0.39999998,0.0,0.0,0,0,4.94,-3.1899998,-3.77,0.01,4.009894,0,nan,nan,3,0,1,10,0
185435325,1646740422811000,401541572,1162617071,99662,99662,0.25,0.5,0.29999998,0.39999998,0.0,0.0,0,0,4.93,-3.1,-3.84,-0.26,4.032234,0,nan,nan,3,0,1,10,0
185935042,1646740423311000,401541433,1162616843,99873,99873,0.25,0.5,0.29999998,0.39999998,0.0,0.0,0,0,4.93,-3.0,-3.9099998,-0.08,4.0575414,0,nan,nan,3,0,1,10,0
186435304,1646740423811000,401541298,1162616610,99669,99669,0.25,0.5,0.29999998,0.39999998,0.0,0.0,0,0,4.99,-3.1499999,-3.87,0.049999997,4.0301394,0,nan,nan,3,0,1,10,0
186938814,1646740424314000,401541157,1162616386,99744,99744,0.25,0.5,0.29999998,0.39999998,0.0,0.0,0,0,5.0299997,-3.21,-3.87,0.07,4.0200167,0,nan,nan,3,0,1,10,0
187439737,1646740424815000,401541012,1162616167,99818,99818,0.25,0.5,0.29999998,0.39999998,0.0,0.0,0,0,5.0299997,-3.27,-3.82,0.06,4.005705,0,nan,nan,3,0,1,10,0
187943554,1646740425319000,401540862,1162615941,99697,99697,0.25,0.5,0.29999998,0.39999998,0.0,0.0,0,0,4.97,-3.24,-3.76,0.11,4.0015163,0,nan,nan,3,0,1,10,0
188443626,1646740425819000,401540711,1162615733,99817,99817,0.25,0.5,0.29999998,0.39999998,0.0,0.0,0,0,4.8599997,-3.1799998,-3.6699998,0.02,3.9982002,0,nan,nan,3,0,1,10,0
188943360,1646740426319000,401540567,1162615510,99629,99629,0.25,0.5,0.29999998,0.39999998,0.0,0.0,0,0,4.8599997,-3.1899998,-3.6599998,0.03,3.994884,0,nan,nan,3,0,1,10,0
189443678,1646740426819000,401540427,1162615303,99688,99688,0.25,0.5,0.29999998,0.39999998,0.0,0.0,0,0,4.7599998,-3.09,-3.62,0.049999997,4.005531,0,nan,nan,3,0,1,10,0
189943872,1646740427319000,401540288,1162615082,99598,99598,0.25,0.5,0.29999998,0.39999998,0.0,0.0,0,0,4.75,-3.05,-3.6399999,0.08,4.0151296,0,nan,nan,3,0,1,10,0
190442901,1646740427819000,401540159,1162614870,99526,99526,0.25,0.5,0.29999998,0.39999998,0.0,0.0,0,0,4.7,-2.99,-3.62,0.16,4.022809,0,nan,nan,3,0,1,10,0
190943585,1646740428319000,401540024,1162614655,99496,99496,0.25,0.5,0.29999998,0.39999998,0.0,0.0,0,0,4.7,-3.0,-3.61,-0.049999997,4.0189695,0,nan,nan,3,0,1,10,0
191443588,1646740428819000,401539889,1162614442,99478,99478,0.25,0.5,0.29999998,0.39999998,0.0,0.0,0,0,4.66,-2.9299998,-3.62,0.02,4.0315356,0,nan,nan,3,0,1,10,0
191943111,1646740429319000,401539755,1162614234,99478,99478,0.25,0.5,0.29999998,0.39999998,0.0,0.0,0,0,4.63,-2.8799999,-3.6299999,0.04,4.04131,0,nan,nan,3,0,1,10,0
192443172,1646740429819000,401539625,1162614024,99469,99469,0.25,0.5,0.29999998,0.39999998,0.0,0.0,0,0,4.54,-2.78,-3.58,0.11,4.0517817,0,nan,nan,3,0,1,10,0
192943741,1646740430319000,401539511,1162613825,99511,99511,0.25,0.5,0.29999998,0.39999998,0.0,0.0,0,0,3.87,-2.31,-3.1,0.02,4.071504,0,nan,nan,3,0,1,10,0
193443856,1646740430819000,401539425,1162613658,99371,99371,0.25,0.5,0.29999998,0.39999998,0.0,0.0,0,0,3.23,-1.81,-2.6799998,0.07,4.1181045,0,nan,nan,3,0,1,10,0
193943971,1646740431319000,401539343,1162613515,99378,99378,0.25,0.5,0.29999998,0.39999998,0.0,0.0,0,0,2.59,-1.4,-2.18,0.11,4.1411424,0,nan,nan,3,0,1,10,0
194443692,1646740431819000,401539288,1162613399,99512,99512,0.25,0.5,0.29999998,0.39999998,0.0,0.0,0,0,2.0,-1.14,-1.65,0.049999997,4.109727,0,nan,nan,3,0,1,10,0
194944034,1646740432319000,401539240,1162613325,99389,99389,0.25,0.5,0.29999998,0.39999998,0.0,0.0,0,0,1.56,-1.04,-1.16,-0.04,3.9802232,0,nan,nan,3,0,1,10,0
195443768,1646740432819000,401539199,1162613262,99484,99484,0.25,0.5,0.29999998,0.39999998,0.0,0.0,0,0,1.1999999,-0.83,-0.85999995,0.0,3.9449677,0,nan,nan,3,0,1,10,0
195943889,1646740433319000,401539163,1162613219,99400,99400,0.25,0.5,0.29999998,0.39999998,0.0,0.0,0,0,0.93,-0.77,-0.52,0.01,0.0,0,nan,nan,3,0,1,10,0
196443721,1646740433819000,401539133,1162613200,99295,99295,0.25,0.5,0.29999998,0.39999998,0.0,0.0,0,0,0.81,-0.68,-0.44,0.78,0.0,0,nan,nan,3,0,1,10,0
196943881,1646740434319000,401539098,1162613180,98858,98858,0.25,0.5,0.29999998,0.39999998,0.0,0.0,0,0,0.69,-0.62,-0.29,0.65999997,0.0,0,nan,nan,3,0,1,10,0
197444096,1646740434819000,401539072,1162613164,98422,98422,0.25,0.5,0.29999998,0.39999998,0.0,0.0,0,0,0.55,-0.51,-0.19999999,0.84,0.0,0,nan,nan,3,0,1,10,0
197944163,1646740435319000,401539052,1162613149,98130,98130,0.25,0.5,0.29999998,0.39999998,0.0,0.0,0,0,0.45,-0.42999998,-0.14,0.87,0.0,0,nan,nan,3,0,1,10,0
198443449,1646740435819000,401539036,1162613143,97653,97653,0.25,0.5,0.29999998,0.39999998,0.0,0.0,0,0,0.29999998,-0.29,-0.089999996,0.96999997,0.0,0,nan,nan,3,0,1,10,0
198943842,1646740436319000,401539021,1162613132,97314,97314,0.25,0.5,0.29999998,0.39999998,0.0,0.0,0,0,0.26,-0.25,-0.08,0.79999995,0.0,0,nan,nan,3,0,1,10,0
199444043,1646740436819000,401539013,1162613134,96783,96783,0.25,0.5,0.29999998,0.39999998,0.0,0.0,0,0,0.17,-0.16,-0.049999997,0.83,0.0,0,nan,nan,3,0,1,10,0
199948192,1646740437323000,401539004,1162613123,96477,96477,0.25,0.5,0.29999998,0.39999998,0.0,0.0,0,0,0.19,-0.17999999,-0.06,0.89,0.0,0,nan,nan,3,0,1,10,0
200448383,1646740437823000,401539002,1162613130,95961,95961,0.25,0.5,0.29999998,0.39999998,0.0,0.0,0,0,0.14,-0.14,-0.02,1.02,0.0,0,nan,nan,3,0,1,10,0
200948230,1646740438323000,401539002,1162613126,95317,95317,0.25,0.5,0.29999998,0.39999998,0.0,0.0,0,0,0.02,-0.01,0.02,1.0,0.0,0,nan,nan,3,0,1,10,0
201452053,1646740438827000,401538990,1162613124,94965,94965,0.25,0.5,0.29999998,0.39999998,0.0,0.0,0,0,0.07,-0.049999997,-0.049999997,0.89,0.0,0,nan,nan,3,0,1,10,0
201951576,1646740439327000,401538994,1162613108,94504,94504,0.25,0.5,0.29999998,0.39999998,0.0,0.0,0,0,0.19,-0.13,-0.14999999,0.83,0.0,0,nan,nan,3,0,1,10,0
202451998,1646740439827000,401538989,1162613107,94041,94041,0.25,0.5,0.29999998,0.39999998,0.0,0.0,0,0,0.28,-0.16,-0.22999999,0.9,0.0,0,nan,nan,3,0,1,10,0
202951583,1646740440327000,401538982,1162613095,93497,93497,0.25,0.5,0.29999998,0.39999998,0.0,0.0,0,0,0.25,-0.099999994,-0.22999999,0.84999996,0.0,0,nan,nan,3,0,1,10,0
203452162,1646740440827000,401538972,1162613069,93205,93205,0.25,0.5,0.29999998,0.39999998,0.0,0.0,0,0,0.26999998,-0.14,-0.24,0.96,0.0,0,nan,nan,3,0,1,10,0
203952225,1646740441327000,401538974,1162613068,92660,92660,0.25,0.5,0.29999998,0.39999998,0.0,0.0,0,0,0.14999999,-0.12,-0.089999996,1.05,0.0,0,nan,nan,3,0,1,10,0
204452364,1646740441827000,401538967,1162613057,92211,92211,0.25,0.5,0.29999998,0.39999998,0.0,0.0,0,0,0.12,-0.06,-0.099999994,0.94,0.0,0,nan,nan,3,0,1,10,0
204956293,1646740442331000,401538970,1162613055,91736,91736,0.25,0.5,0.29999998,0.39999998,0.0,0.0,0,0,0.089999996,0.0,-0.089999996,1.06,0.0,0,nan,nan,3,0,1,10,0
205456453,1646740442831000,401538965,1162613042,91279,91279,0.25,0.5,0.29999998,0.39999998,0.0,0.0,0,0,0.099999994,-0.03,-0.089999996,1.02,0.0,0,nan,nan,3,0,1,10,0
205960252,1646740443335000,401538960,1162613040,90714,90714,0.25,0.5,0.29999998,0.39999998,0.0,0.0,0,0,0.06,-0.03,-0.049999997,1.09,0.0,0,nan,nan,3,0,1,10,0
206460441,1646740443835000,401538962,1162613036,90155,90155,0.25,0.5,0.29999998,0.39999998,0.0,0.0,0,0,0.04,-0.04,-0.01,0.97999996,0.0,0,nan,nan,3,0,1,10,0
206960254,1646740444335000,401538964,1162613040,89636,89636,0.25,0.5,0.29999998,0.39999998,0.0,0.0,0,0,0.08,-0.08,-0.03,1.0699999,0.0,0,nan,nan,3,0,1,10,0
207460478,1646740444835000,401538958,1162613036,89084,89084,0.25,0.5,0.29999998,0.39999998,0.0,0.0,0,0,0.08,-0.08,0.0,1.1,0.0,0,nan,nan,3,0,1,10,0
207964608,1646740445339000,401538962,1162613026,88502,88502,0.25,0.5,0.29999998,0.39999998,0.0,0.0,0,0,0.11,-0.08,-0.08,1.01,0.0,0,nan,nan,3,0,1,10,0
208464251,1646740445839000,401538955,1162613031,88094,88094,0.25,0.5,0.29999998,0.39999998,0.0,0.0,0,0,0.099999994,-0.089999996,-0.04,1.03,0.0,0,nan,nan,3,0,1,10,0
208963933,1646740446339000,401538949,1162613030,87498,87498,0.25,0.5,0.29999998,0.39999998,0.0,0.0,0,0,0.07,-0.07,-0.02,0.97999996,0.0,0,nan,nan,3,0,1,10,0
209464260,1646740446839000,401538940,1162613028,87016,87016,0.25,0.5,0.29999998,0.39999998,0.0,0.0,0,0,0.12,-0.11,0.04,1.01,0.0,0,nan,nan,3,0,1,10,0
209964331,1646740447339000,401538938,1162613033,86729,86729,0.25,0.5,0.29999998,0.39999998,0.0,0.0,0,0,0.17999999,-0.17999999,0.01,0.97999996,0.0,0,nan,nan,3,0,1,10,0
210464597,1646740447839000,401538934,1162613035,86179,86179,0.25,0.5,0.29999998,0.39999998,0.0,0.0,0,0,0.17999999,-0.17999999,0.01,1.0,0.0,0,nan,nan,3,0,1,10,0
210964175,1646740448339000,401538918,1162613035,85659,85659,0.25,0.5,0.29999998,0.39999998,0.0,0.0,0,0,0.22999999,-0.22,-0.049999997,0.95,0.0,0,nan,nan,3,0,1,10,0
211468351,1646740448843000,401538911,1162613034,85267,85267,0.25,0.5,0.29999998,0.39999998,0.0,0.0,0,0,0.17,-0.17,0.01,0.96,0.0,0,nan,nan,3,0,1,10,0
211967964,1646740449343000,401538900,1162613023,84764,84764,0.25,0.5,0.29999998,0.39999998,0.0,0.0,0,0,0.19999999,-0.19999999,-0.02,0.89,0.0,0,nan,nan,3,0,1,10,0
212468556,1646740449843000,401538896,1162613030,84329,84329,0.25,0.5,0.29999998,0.39999998,0.0,0.0,0,0,0.19,-0.19,-0.03,0.84,0.0,0,nan,nan,3,0,1,10,0
212967911,1646740450343000,401538890,1162613018,83832,83832,0.25,0.5,0.29999998,0.39999998,0.0,0.0,0,0,0.14999999,-0.13,-0.08,0.84,0.0,0,nan,nan,3,0,1,10,0
213471920,1646740450847000,401538880,1162613016,83356,83356,0.25,0.5,0.29999998,0.39999998,0.0,0.0,0,0,0.11,-0.089999996,-0.07,0.83,0.0,0,nan,nan,3,0,1,10,0
213972725,1646740451347000,401538880,1162613006,83034,83034,0.25,0.5,0.29999998,0.39999998,0.0,0.0,0,0,0.089999996,-0.07,-0.049999997,0.71,0.0,0,nan,nan,3,0,1,10,0
214476655,1646740451851000,401538876,1162613013,82702,82702,0.25,0.5,0.29999998,0.39999998,0.0,0.0,0,0,0.03,0.0,-0.03,0.81,0.0,0,nan,nan,3,0,1,10,0
214975934,1646740452351000,401538880,1162613012,82308,82308,0.25,0.5,0.29999998,0.39999998,0.0,0.0,0,0,0.11,0.07,0.08,0.75,0.0,0,nan,nan,3,0,1,10,0
215484866,1646740452859000,401538886,1162613020,81812,81812,0.25,0.5,0.29999998,0.39999998,0.0,0.0,0,0,0.19999999,0.16,0.12,0.76,0.0,0,nan,nan,3,0,1,10,0
215984701,1646740453359000,401538890,1162613023,81597,81597,0.25,0.5,0.29999998,0.39999998,0.0,0.0,0,0,0.21,0.16,0.14,0.7,0.0,0,nan,nan,3,0,1,10,0
216484019,1646740453859000,401538896,1162613039,81188,81188,0.25,0.5,0.29999998,0.39999998,0.0,0.0,0,0,0.22999999,0.16,0.16,0.79999995,0.0,0,nan,nan,3,0,1,10,0
216984617,1646740454359000,401538899,1162613039,80797,80797,0.25,0.5,0.29999998,0.39999998,0.0,0.0,0,0,0.17999999,0.14,0.11,0.7,0.0,0,nan,nan,3,0,1,10,0
217484434,1646740454859000,401538911,1162613052,80474,80474,0.25,0.5,0.29999998,0.39999998,0.0,0.0,0,0,0.12,0.07,0.099999994,0.78,0.0,0,nan,nan,3,0,1,10,0
217985140,1646740455359000,401538909,1162613056,80015,80015,0.25,0.5,0.29999998,0.39999998,0.0,0.0,0,0,0.08,0.08,-0.02,0.78,0.0,0,nan,nan,3,0,1,10,0
218484676,1646740455859000,401538915,1162613052,79636,79636,0.25,0.5,0.29999998,0.39999998,0.0,0.0,0,0,0.049999997,0.04,-0.03,0.9,0.0,0,nan,nan,3,0,1,10,0
218984528,1646740456359000,401538920,1162613042,79373,79373,0.25,0.5,0.29999998,0.39999998,0.0,0.0,0,0,0.11,0.07,-0.089999996,0.77,0.0,0,nan,nan,3,0,1,10,0
219484753,1646740456859000,401538926,1162613038,78831,78831,0.25,0.5,0.29999998,0.39999998,0.0,0.0,0,0,0.08,0.06,-0.06,0.78,0.0,0,nan,nan,3,0,1,10,0
219984843,1646740457359000,401538927,1162613041,78550,78550,0.25,0.5,0.29999998,0.39999998,0.0,0.0,0,0,0.16,0.13,-0.089999996,0.78,0.0,0,nan,nan,3,0,1,10,0
220485044,1646740457859000,401538934,1162613040,77985,77985,0.25,0.5,0.29999998,0.39999998,0.0,0.0,0,0,0.12,0.11,-0.06,0.84,0.0,0,nan,nan,3,0,1,10,0
220984210,1646740458359000,401538934,1162613025,77690,77690,0.25,0.5,0.29999998,0.39999998,0.0,0.0,0,0,0.12,0.099999994,-0.06,0.84999996,0.0,0,nan,nan,3,0,1,10,0
221484702,1646740458859000,401538943,1162613026,77217,77217,0.25,0.5,0.29999998,0.39999998,0.0,0.0,0,0,0.11,0.03,-0.099999994,0.9,0.0,0,nan,nan,3,0,1,10,0
221988916,1646740459363000,401538939,1162613030,76779,76779,0.25,0.5,0.29999998,0.39999998,0.0,0.0,0,0,0.049999997,0.04,-0.02,0.96,0.0,0,nan,nan,3,0,1,10,0
222488821,1646740459863000,401538948,1162613027,76370,76370,0.25,0.5,0.29999998,0.39999998,0.0,0.0,0,0,0.04,0.04,0.01,0.90999997,0.0,0,nan,nan,3,0,1,10,0
222988246,1646740460363000,401538952,1162613021,75762,75762,0.25,0.5,0.29999998,0.39999998,0.0,0.0,0,0,0.11,0.11,0.0,0.84,0.0,0,nan,nan,3,0,1,10,0
223488645,1646740460863000,401538951,1162613012,75280,75280,0.25,0.5,0.29999998,0.39999998,0.0,0.0,0,0,0.19999999,0.17999999,-0.089999996,0.83,0.0,0,nan,nan,3,0,1,10,0
223988705,1646740461363000,401538960,1162613013,74842,74842,0.25,0.5,0.29999998,0.39999998,0.0,0.0,0,0,0.17,0.17,-0.03,0.85999995,0.0,0,nan,nan,3,0,1,10,0
224488206,1646740461863000,401538970,1162613005,74577,74577,0.25,0.5,0.29999998,0.39999998,0.0,0.0,0,0,0.19999999,0.19,-0.06,0.87,0.0,0,nan,nan,3,0,1,10,0
224992284,1646740462367000,401538978,1162613010,74080,74080,0.25,0.5,0.29999998,0.39999998,0.0,0.0,0,0,0.21,0.21,0.0,0.83,0.0,0,nan,nan,3,0,1,10,0
225496513,1646740462871000,401538991,1162613005,73451,73451,0.25,0.5,0.29999998,0.39999998,0.0,0.0,0,0,0.25,0.24,0.049999997,0.85999995,0.0,0,nan,nan,3,0,1,10,0
225996922,1646740463371000,401539004,1162613015,73189,73189,0.25,0.5,0.29999998,0.39999998,0.0,0.0,0,0,0.24,0.22,0.11,0.87,0.0,0,nan,nan,3,0,1,10,0
226497196,1646740463871000,401539011,1162613016,72648,72648,0.25,0.5,0.29999998,0.39999998,0.0,0.0,0,0,0.17,0.16,0.049999997,0.89,0.0,0,nan,nan,3,0,1,10,0
226997289,1646740464371000,401539021,1162613023,72172,72172,0.25,0.5,0.29999998,0.39999998,0.0,0.0,0,0,0.22,0.19999999,0.099999994,0.89,0.0,0,nan,nan,3,0,1,10,0
227501108,1646740464875000,401539031,1162613029,71879,71879,0.25,0.5,0.29999998,0.39999998,0.0,0.0,0,0,0.17,0.11,0.13,0.84,0.0,0,nan,nan,3,0,1,10,0
228001305,1646740465375000,401539040,1162613043,71334,71334,0.25,0.5,0.29999998,0.39999998,0.0,0.0,0,0,0.07,0.049999997,0.049999997,0.85999995,0.0,0,nan,nan,3,0,1,10,0
228501277,1646740465875000,401539036,1162613047,70853,70853,0.25,0.5,0.29999998,0.39999998,0.0,0.0,0,0,0.06,0.04,0.049999997,0.90999997,0.0,0,nan,nan,3,0,1,10,0
229001305,1646740466375000,401539036,1162613035,70415,70415,0.25,0.5,0.29999998,0.39999998,0.0,0.0,0,0,0.06,-0.03,-0.049999997,0.77,0.0,0,nan,nan,3,0,1,10,0
229500985,1646740466875000,401539035,1162613033,70089,70089,0.25,0.5,0.29999998,0.39999998,0.0,0.0,0,0,0.089999996,-0.07,-0.06,0.84999996,0.0,0,nan,nan,3,0,1,10,0
230005332,1646740467379000,401539034,1162613032,69571,69571,0.25,0.5,0.29999998,0.39999998,0.0,0.0,0,0,0.14999999,-0.13,-0.08,0.88,0.0,0,nan,nan,3,0,1,10,0
230505098,1646740467879000,401539028,1162613041,69279,69279,0.25,0.5,0.29999998,0.39999998,0.0,0.0,0,0,0.13,-0.12,-0.02,0.88,0.0,0,nan,nan,3,0,1,10,0
231005226,1646740468379000,401539029,1162613033,68789,68789,0.25,0.5,0.29999998,0.39999998,0.0,0.0,0,0,0.089999996,-0.08,-0.04,0.93,0.0,0,nan,nan,3,0,1,10,0
231505160,1646740468879000,401539022,1162613032,68354,68354,0.25,0.5,0.29999998,0.39999998,0.0,0.0,0,0,0.11,-0.099999994,-0.049999997,0.9,0.0,0,nan,nan,3,0,1,10,0
232005077,1646740469379000,401539012,1162613024,68096,68096,0.25,0.5,0.29999998,0.39999998,0.0,0.0,0,0,0.13,-0.12,-0.049999997,0.89,0.0,0,nan,nan,3,0,1,10,0
232505229,1646740469879000,401539011,1162613026,67585,67585,0.25,0.5,0.29999998,0.39999998,0.0,0.0,0,0,0.17,-0.13,-0.11,0.75,0.0,0,nan,nan,3,0,1,10,0
233005255,1646740470379000,401539007,1162613018,67151,67151,0.25,0.5,0.29999998,0.39999998,0.0,0.0,0,0,0.099999994,-0.08,-0.07,0.87,0.0,0,nan,nan,3,0,1,10,0
233505305,1646740470879000,401538999,1162613012,66769,66769,0.25,0.5,0.29999998,0.39999998,0.0,0.0,0,0,0.02,-0.01,-0.02,0.79999995,0.0,0,nan,nan,3,0,1,10,0
234005084,1646740471379000,401539005,1162613012,66336,66336,0.25,0.5,0.29999998,0.39999998,0.0,0.0,0,0,0.06,-0.03,0.06,0.85999995,0.0,0,nan,nan,3,0,1,10,0
234513186,1646740471887000,401539002,1162613023,66040,66040,0.25,0.5,0.29999998,0.39999998,0.0,0.0,0,0,0.089999996,0.049999997,0.08,0.79999995,0.0,0,nan,nan,3,0,1,10,0
235013414,1646740472387000,401539006,1162613027,65685,65685,0.25,0.5,0.29999998,0.39999998,0.0,0.0,0,0,0.099999994,0.03,0.099999994,0.78999996,0.0,0,nan,nan,3,0,1,10,0
235516579,1646740472890000,401539005,1162613040,65295,65295,0.25,0.5,0.29999998,0.39999998,0.0,0.0,0,0,0.16,0.099999994,0.13,0.76,0.0,0,nan,nan,3,0,1,10,0
235925428,1646740473299000,401539006,1162613041,64827,64827,0.25,0.5,0.29999998,0.39999998,0.0,0.0,0,0,0.24,0.099999994,0.22,0.84,0.0,0,nan,nan,3,0,1,10,0
236425414,1646740473799000,401539012,1162613044,64568,64568,0.25,0.5,0.29999998,0.39999998,0.0,0.0,0,0,0.22,0.14,0.17,0.77,0.0,0,nan,nan,3,0,1,10,0
236925302,1646740474299000,401539020,1162613059,64040,64040,0.25,0.5,0.29999998,0.39999998,0.0,0.0,0,0,0.25,0.19999999,0.16,0.78999996,0.0,0,nan,nan,3,0,1,10,0
237425402,1646740474799000,401539031,1162613063,63631,63631,0.25,0.5,0.29999998,0.39999998,0.0,0.0,0,0,0.22999999,0.17999999,0.14,0.76,0.0,0,nan,nan,3,0,1,10,0
237928841,1646740475302000,401539038,1162613072,63186,63186,0.25,0.5,0.29999998,0.39999998,0.0,0.0,0,0,0.16,0.14,0.08,0.77,0.0,0,nan,nan,3,0,1,10,0
238432959,1646740475807000,401539040,1162613072,62904,62904,0.25,0.5,0.29999998,0.39999998,0.0,0.0,0,0,0.08,0.08,-0.02,0.82,0.0,0,nan,nan,3,0,1,10,0
238933104,1646740476307000,401539049,1162613068,62606,62606,0.25,0.5,0.29999998,0.39999998,0.0,0.0,0,0,0.12,0.089999996,-0.07,0.71,0.0,0,nan,nan,3,0,1,10,0
239433825,1646740476807000,401539055,1162613080,61987,61987,0.25,0.5,0.29999998,0.39999998,0.0,0.0,0,0,0.06,0.01,0.06,0.84999996,0.0,0,nan,nan,3,0,1,10,0
239932914,1646740477307000,401539050,1162613080,61654,61654,0.25,0.5,0.29999998,0.39999998,0.0,0.0,0,0,0.049999997,0.049999997,0.02,0.91999996,0.0,0,nan,nan,3,0,1,10,0
240433494,1646740477807000,401539054,1162613076,61239,61239,0.25,0.5,0.29999998,0.39999998,0.0,0.0,0,0,0.049999997,-0.02,0.04,0.81,0.0,0,nan,nan,3,0,1,10,0
240933395,1646740478307000,401539057,1162613075,60828,60828,0.25,0.5,0.29999998,0.39999998,0.0,0.0,0,0,0.049999997,-0.03,0.04,0.79999995,0.0,0,nan,nan,3,0,1,10,0
241433237,1646740478807000,401539054,1162613074,60550,60550,0.25,0.5,0.29999998,0.39999998,0.0,0.0,0,0,0.07,-0.07,0.02,0.78,0.0,0,nan,nan,3,0,1,10,0
241934329,1646740479307000,401539050,1162613086,60103,60103,0.25,0.5,0.29999998,0.39999998,0.0,0.0,0,0,0.07,-0.049999997,0.04,0.82,0.0,0,nan,nan,3,0,1,10,0
242433426,1646740479807000,401539042,1162613089,59705,59705,0.25,0.5,0.29999998,0.39999998,0.0,0.0,0,0,0.13,-0.08,0.099999994,0.78999996,0.0,0,nan,nan,3,0,1,10,0
242933628,1646740480307000,401539036,1162613085,59310,59310,0.25,0.5,0.29999998,0.39999998,0.0,0.0,0,0,0.17999999,-0.16,0.06,0.90999997,0.0,0,nan,nan,3,0,1,10,0
243433231,1646740480807000,401539030,1162613087,58729,58729,0.25,0.5,0.29999998,0.39999998,0.0,0.0,0,0,0.11,-0.11,0.0,0.83,0.0,0,nan,nan,3,0,1,10,0
243933574,1646740481307000,401539026,1162613085,58513,58513,0.25,0.5,0.29999998,0.39999998,0.0,0.0,0,0,0.08,-0.08,-0.01,0.82,0.0,0,nan,nan,3,0,1,10,0
244433524,1646740481807000,401539018,1162613085,58095,58095,0.25,0.5,0.29999998,0.39999998,0.0,0.0,0,0,0.06,-0.06,0.0,0.79999995,0.0,0,nan,nan,3,0,1,10,0
244933518,1646740482307000,401539020,1162613094,57506,57506,0.25,0.5,0.29999998,0.39999998,0.0,0.0,0,0,0.04,-0.02,0.03,0.88,0.0,0,nan,nan,3,0,1,10,0
245433261,1646740482807000,401539018,1162613102,57165,57165,0.25,0.5,0.29999998,0.39999998,0.0,0.0,0,0,0.07,-0.04,0.06,0.89,0.0,0,nan,nan,3,0,1,10,0
245936935,1646740483310000,401539019,1162613097,56765,56765,0.25,0.5,0.29999998,0.39999998,0.0,0.0,0,0,0.14999999,-0.06,0.13,0.81,0.0,0,nan,nan,3,0,1,10,0
246437954,1646740483811000,401539013,1162613109,56340,56340,0.25,0.5,0.29999998,0.39999998,0.0,0.0,0,0,0.11,-0.089999996,0.06,0.76,0.0,0,nan,nan,3,0,1,10,0
246937555,1646740484311000,401539004,1162613104,55909,55909,0.25,0.5,0.29999998,0.39999998,0.0,0.0,0,0,0.089999996,-0.089999996,0.03,0.82,0.0,0,nan,nan,3,0,1,10,0
247437234,1646740484811000,401539000,1162613112,55434,55434,0.25,0.5,0.29999998,0.39999998,0.0,0.0,0,0,0.21,-0.17999999,0.099999994,0.85999995,0.0,0,nan,nan,3,0,1,10,0
247937265,1646740485311000,401538991,1162613118,54964,54964,0.25,0.5,0.29999998,0.39999998,0.0,0.0,0,0,0.24,-0.17999999,0.14999999,0.94,0.0,0,nan,nan,3,0,1,10,0
248437774,1646740485811000,401538983,1162613132,54679,54679,0.25,0.5,0.29999998,0.39999998,0.0,0.0,0,0,0.21,-0.11,0.17999999,0.9,0.0,0,nan,nan,3,0,1,10,0
248937781,1646740486311000,401538983,1162613149,54263,54263,0.25,0.5,0.29999998,0.39999998,0.0,0.0,0,0,0.24,-0.04,0.24,0.78999996,0.0,0,nan,nan,3,0,1,10,0
249437663,1646740486811000,401538978,1162613148,53667,53667,0.25,0.5,0.29999998,0.39999998,0.0,0.0,0,0,0.17,-0.04,0.16,0.85999995,0.0,0,nan,nan,3,0,1,10,0
249938176,1646740487311000,401538983,1162613165,53250,53250,0.25,0.5,0.29999998,0.39999998,0.0,0.0,0,0,0.14999999,-0.03,0.14,0.91999996,0.0,0,nan,nan,3,0,1,10,0
250437846,1646740487811000,401538974,1162613173,52819,52819,0.25,0.5,0.29999998,0.39999998,0.0,0.0,0,0,0.11,-0.01,0.11,0.85999995,0.0,0,nan,nan,3,0,1,10,0
250938324,1646740488311000,401538979,1162613173,52499,52499,0.25,0.5,0.29999998,0.39999998,0.0,0.0,0,0,0.07,-0.01,0.07,0.84999996,0.0,0,nan,nan,3,0,1,10,0
251437456,1646740488811000,401538974,1162613186,52034,52034,0.25,0.5,0.29999998,0.39999998,0.0,0.0,0,0,0.049999997,0.049999997,0.0,0.75,0.0,0,nan,nan,3,0,1,10,0
251937759,1646740489311000,401538974,1162613184,51673,51673,0.25,0.5,0.29999998,0.39999998,0.0,0.0,0,0,0.07,0.07,0.02,0.79999995,0.0,0,nan,nan,3,0,1,10,0
252441974,1646740489815000,401538978,1162613189,51371,51371,0.25,0.5,0.29999998,0.39999998,0.0,0.0,0,0,0.099999994,0.089999996,0.049999997,0.75,0.0,0,nan,nan,3,0,1,10,0
252941844,1646740490315000,401538992,1162613195,50823,50823,0.25,0.5,0.29999998,0.39999998,0.0,0.0,0,0,0.13,0.12,0.06,0.75,0.0,0,nan,nan,3,0,1,10,0
253441499,1646740490815000,401538995,1162613187,50524,50524,0.25,0.5,0.29999998,0.39999998,0.0,0.0,0,0,0.14999999,0.14999999,0.04,0.83,0.0,0,nan,nan,3,0,1,10,0
253946147,1646740491319000,401538998,1162613197,50229,50229,0.25,0.5,0.29999998,0.39999998,0.0,0.0,0,0,0.17999999,0.07,0.16,0.75,0.0,0,nan,nan,3,0,1,10,0
254446127,1646740491819000,401538998,1162613209,49735,49735,0.25,0.5,0.29999998,0.39999998,0.0,0.0,0,0,0.14999999,0.049999997,0.14,0.7,0.0,0,nan,nan,3,0,1,10,0
254945987,1646740492319000,401539002,1162613221,49481,49481,0.25,0.5,0.29999998,0.39999998,0.0,0.0,0,0,0.14999999,0.04,0.14,0.63,0.0,0,nan,nan,3,0,1,10,0
255446349,1646740492819000,401539010,1162613226,49074,49074,0.25,0.5,0.29999998,0.39999998,0.0,0.0,0,0,0.089999996,0.049999997,0.08,0.66999996,0.0,0,nan,nan,3,0,1,10,0
255946201,1646740493319000,401539012,1162613225,48703,48703,0.25,0.5,0.29999998,0.39999998,0.0,0.0,0,0,0.01,0.0,-0.01,0.72999996,0.0,0,nan,nan,3,0,1,10,0
256445951,1646740493819000,401539008,1162613231,48251,48251,0.25,0.5,0.29999998,0.39999998,0.0,0.0,0,0,0.03,0.01,0.03,0.64,0.0,0,nan,nan,3,0,1,10,0
256946204,1646740494319000,401539009,1162613233,48017,48017,0.25,0.5,0.29999998,0.39999998,0.0,0.0,0,0,0.03,-0.03,-0.02,0.66999996,0.0,0,nan,nan,3,0,1,10,0
257446404,1646740494819000,401539004,1162613220,47602,47602,0.25,0.5,0.29999998,0.39999998,0.0,0.0,0,0,0.07,-0.049999997,-0.06,0.7,0.0,0,nan,nan,3,0,1,10,0
257945921,1646740495319000,401539006,1162613226,47445,47445,0.25,0.5,0.29999998,0.39999998,0.0,0.0,0,0,0.08,-0.08,-0.02,0.57,0.0,0,nan,nan,3,0,1,10,0
258445969,1646740495819000,401539008,1162613219,46920,46920,0.25,0.5,0.29999998,0.39999998,0.0,0.0,0,0,0.099999994,-0.06,-0.08,0.59999996,0.0,0,nan,nan,3,0,1,10,0
258946166,1646740496319000,401538998,1162613222,46714,46714,0.25,0.5,0.29999998,0.39999998,0.0,0.0,0,0,0.089999996,-0.07,-0.049999997,0.68,0.0,0,nan,nan,3,0,1,10,0
259446445,1646740496819000,401538993,1162613217,46310,46310,0.25,0.5,0.29999998,0.39999998,0.0,0.0,0,0,0.04,-0.03,-0.01,0.66999996,0.0,0,nan,nan,3,0,1,10,0
259946472,1646740497319000,401538991,1162613217,45916,45916,0.25,0.5,0.29999998,0.39999998,0.0,0.0,0,0,0.08,-0.08,-0.02,0.64,0.0,0,nan,nan,3,0,1,10,0
260446167,1646740497819000,401538993,1162613221,45694,45694,0.25,0.5,0.29999998,0.39999998,0.0,0.0,0,0,0.08,-0.04,0.07,0.55,0.0,0,nan,nan,3,0,1,10,0
260946312,1646740498319000,401538993,1162613221,45639,45639,0.25,0.5,0.29999998,0.39999998,0.0,0.0,0,0,0.06,-0.03,0.049999997,0.42,0.0,0,nan,nan,3,0,1,10,0
261445930,1646740498819000,401538988,1162613220,45331,45331,0.25,0.5,0.29999998,0.39999998,0.0,0.0,0,0,0.02,0.0,-0.02,0.39,0.0,0,nan,nan,3,0,1,10,0
261946549,1646740499319000,401538985,1162613225,45491,45491,0.25,0.5,0.29999998,0.39999998,0.0,0.0,0,0,0.08,0.0,-0.08,-0.01,0.0,0,nan,nan,3,0,1,10,0
262446034,1646740499819000,401538994,1162613216,45420,45420,0.25,0.5,0.29999998,0.39999998,0.0,0.0,0,0,0.04,-0.03,0.03,-0.28,0.0,0,nan,nan,3,0,1,10,0
262946463,1646740500319000,401538992,1162613224,45196,45196,0.25,0.5,0.29999998,0.39999998,0.0,0.0,0,0,0.06,0.049999997,-0.04,-0.29999998,0.0,0,nan,nan,3,0,1,10,0
263446020,1646740500819000,401538994,1162613215,45410,45410,0.25,0.5,0.29999998,0.39999998,0.0,0.0,0,0,0.07,0.049999997,-0.049999997,0.01,0.0,0,nan,nan,3,0,1,10,0
263945993,1646740501319000,401538997,1162613219,45273,45273,0.25,0.5,0.29999998,0.39999998,0.0,0.0,0,0,0.06,-0.02,-0.06,0.21,0.0,0,nan,nan,3,0,1,10,0
264446636,1646740501819000,401538993,1162613212,45244,45244,0.25,0.5,0.29999998,0.39999998,0.0,0.0,0,0,0.03,-0.03,0.02,-0.08,0.0,0,nan,nan,3,0,1,10,0
264946524,1646740502319000,401538992,1162613220,45273,45273,0.25,0.5,0.29999998,0.39999998,0.0,0.0,0,0,0.049999997,-0.04,0.03,-0.02,0.0,0,nan,nan,3,0,1,10,0
265446278,1646740502819000,401538994,1162613212,45414,45414,0.25,0.5,0.29999998,0.39999998,0.0,0.0,0,0,0.02,0.01,0.02,-0.03,0.0,0,nan,nan,3,0,1,10,0
265946343,1646740503319000,401538993,1162613217,45289,45289,0.25,0.5,0.29999998,0.39999998,0.0,0.0,0,0,0.02,-0.01,-0.01,-0.06,0.0,0,nan,nan,3,0,1,10,0
266446824,1646740503819000,401538995,1162613219,45259,45259,0.25,0.5,0.29999998,0.39999998,0.0,0.0,0,0,0.06,0.049999997,0.04,-0.04,0.0,0,nan,nan,3,0,1,10,0
266946066,1646740504319000,401538992,1162613209,45413,45413,0.25,0.5,0.29999998,0.39999998,0.0,0.0,0,0,0.04,-0.04,0.01,-0.07,0.0,0,nan,nan,3,0,1,10,0
267446371,1646740504819000,401538995,1162613219,45381,45381,0.25,0.5,0.29999998,0.39999998,0.0,0.0,0,0,0.03,0.03,0.01,0.03,0.0,0,nan,nan,3,0,1,10,0
267950334,1646740505323000,401538999,1162613217,45391,45391,0.25,0.5,0.29999998,0.39999998,0.0,0.0,0,0,0.07,-0.06,-0.04,0.01,0.0,0,nan,nan,3,0,1,10,0
268450544,1646740505823000,401538991,1162613216,45420,45420,0.25,0.5,0.29999998,0.39999998,0.0,0.0,0,0,0.03,0.01,-0.03,0.02,0.0,0,nan,nan,3,0,1,10,0
268949987,1646740506323000,401538999,1162613213,45429,45429,0.25,0.5,0.29999998,0.39999998,0.0,0.0,0,0,0.02,0.01,0.02,-0.049999997,0.0,0,nan,nan,3,0,1,10,0
