timestamp,condition_calibration_enabled,condition_system_sensors_initialized,condition_system_hotplug_timeout,condition_system_returned_to_home,condition_auto_mission_available,condition_angular_velocity_valid,condition_attitude_valid,condition_local_altitude_valid,condition_local_position_valid,condition_local_velocity_valid,condition_global_position_valid,condition_home_position_valid,condition_power_input_valid,condition_battery_healthy,condition_escs_error,condition_escs_failure,circuit_breaker_engaged_power_check,circuit_breaker_engaged_airspd_check,circuit_breaker_engaged_enginefailure_check,circuit_breaker_flight_termination_disabled,circuit_breaker_engaged_usb_check,circuit_breaker_engaged_posfailure_check,circuit_breaker_vtol_fw_arming_check,offboard_control_signal_found_once,offboard_control_signal_lost,rc_signal_found_once,rc_input_blocked,rc_calibration_valid,vtol_transition_failure,usb_connected,sd_card_detected_once,avoidance_system_required,avoidance_system_valid
1686713,0,1,0,0,0,0,0,0,0,0,0,0,1,0,0,0,1,0,1,1,1,0,0,0,1,0,0,1,0,0,1,0,0
2189862,0,1,0,0,0,0,0,0,0,0,0,0,1,0,0,0,1,0,1,1,1,0,0,0,1,0,0,1,0,1,1,0,0
2696756,0,1,0,0,0,0,0,0,0,0,0,0,1,0,0,0,1,0,1,1,1,0,0,0,1,0,0,1,0,1,1,0,0
3203721,0,1,0,0,0,0,0,0,0,0,0,0,1,0,0,0,1,0,1,1,1,0,0,0,1,0,0,1,0,1,1,0,0
3710722,0,1,0,0,0,0,0,0,0,0,0,0,1,0,0,0,1,0,1,1,1,0,0,0,1,0,0,1,0,1,1,0,0
4217791,0,1,0,0,0,0,0,0,0,0,0,0,1,0,0,0,1,0,1,1,1,0,0,0,1,0,0,1,0,1,1,0,0
4724835,0,1,0,0,0,0,0,0,0,0,0,0,1,0,0,0,1,0,1,1,1,0,0,0,1,0,0,1,0,1,1,0,0
5231834,0,1,0,0,0,0,0,0,0,0,0,0,1,0,0,0,1,0,1,1,1,0,0,0,1,0,0,1,0,1,1,0,0
5738859,0,1,0,0,0,0,0,0,0,0,0,0,1,0,0,0,1,0,1,1,1,0,0,0,1,0,0,1,0,1,1,0,0
6245721,0,1,0,0,0,0,0,0,0,0,0,0,1,0,0,0,1,0,1,1,1,0,0,0,1,0,0,1,0,1,1,0,0
6752725,0,1,0,0,0,0,0,0,0,0,0,0,1,0,0,0,1,0,1,1,1,0,0,0,1,0,0,1,0,1,1,0,0
7259793,0,1,0,0,0,0,0,0,0,0,0,0,1,0,0,0,1,0,1,1,1,0,0,0,1,0,0,1,0,1,1,0,0
7766815,0,1,0,0,0,0,0,0,0,0,0,0,1,0,0,0,1,0,1,1,1,0,0,0,1,0,0,1,0,1,1,0,0
8273810,0,1,0,0,0,0,0,0,0,0,0,0,1,0,0,0,1,0,1,1,1,0,0,0,1,0,0,1,0,1,1,0,0
8780814,0,1,1,0,0,0,0,0,0,0,0,0,1,0,0,0,1,0,1,1,1,0,0,0,1,0,0,1,0,1,1,0,0
9287842,0,1,1,0,0,0,0,0,0,0,0,0,1,0,0,0,1,0,1,1,1,0,0,0,1,0,0,1,0,1,1,0,0
9794761,0,1,1,0,0,0,0,0,0,0,0,0,1,0,0,0,1,0,1,1,1,0,0,0,1,0,0,1,0,1,1,0,0
10301747,0,1,1,0,0,0,0,0,0,0,0,0,1,0,0,0,1,0,1,1,1,0,0,0,1,0,0,1,0,1,1,0,0
10808727,0,1,1,0,0,0,0,0,0,0,0,0,1,0,0,0,1,0,1,1,1,0,0,0,1,0,0,1,0,1,1,0,0
11315783,0,1,1,0,0,0,0,0,0,0,0,0,1,0,0,0,1,0,1,1,1,0,0,0,1,0,0,1,0,1,1,0,0
11822812,0,1,1,0,0,0,0,0,0,0,0,0,1,0,0,0,1,0,1,1,1,0,0,0,1,0,0,1,0,1,1,0,0
12329812,0,1,1,0,0,0,0,0,0,0,0,0,1,0,0,0,1,0,1,1,1,0,0,0,1,0,0,1,0,1,1,0,0
12836930,0,1,1,0,0,0,0,0,0,0,0,0,1,0,0,0,1,0,1,1,1,0,0,0,1,0,0,1,0,1,1,0,0
13343820,0,1,1,0,0,0,0,0,0,0,0,0,1,0,0,0,1,0,1,1,1,0,0,0,1,0,0,1,0,1,1,0,0
13850725,0,1,1,0,0,0,0,0,0,0,0,0,1,0,0,0,1,0,1,1,1,0,0,0,1,0,0,1,0,1,1,0,0
14357740,0,1,1,0,0,0,0,0,0,0,0,0,1,0,0,0,1,0,1,1,1,0,0,0,1,0,0,1,0,1,1,0,0
14864723,0,1,1,0,0,0,0,0,0,0,0,0,1,0,0,0,1,0,1,1,1,0,0,0,1,0,0,1,0,1,1,0,0
15371806,0,1,1,0,0,0,0,0,0,0,0,0,1,0,0,0,1,0,1,1,1,0,0,0,1,0,0,1,0,1,1,0,0
15878812,0,1,1,0,0,0,0,0,0,0,0,0,1,0,0,0,1,0,1,1,1,0,0,0,1,0,0,1,0,1,1,0,0
16385809,0,1,1,0,0,0,0,0,0,0,0,0,1,0,0,0,1,0,1,1,1,0,0,0,1,0,0,1,0,1,1,0,0
16892794,0,1,1,0,0,0,0,0,0,0,0,0,1,0,0,0,1,0,1,1,1,0,0,0,1,0,0,1,0,1,1,0,0
17399725,0,1,1,0,0,0,0,0,0,0,0,0,1,0,0,0,1,0,1,1,1,0,0,0,1,0,0,1,0,1,1,0,0
17906751,0,1,1,0,0,0,0,0,0,0,0,0,1,0,0,0,1,0,1,1,1,0,0,0,1,0,0,1,0,1,1,0,0
18413859,0,1,1,0,0,0,0,0,0,0,0,0,1,0,0,0,1,0,1,1,1,0,0,0,1,0,0,1,0,1,1,0,0
18920871,0,1,1,0,0,0,0,0,0,0,0,0,1,0,0,0,1,0,1,1,1,0,0,0,1,0,0,1,0,1,1,0,0
19427842,0,1,1,0,0,0,0,0,0,0,0,0,1,0,0,0,1,0,1,1,1,0,0,0,1,0,0,1,0,1,1,0,0
19934847,0,1,1,0,0,0,0,0,0,0,0,0,1,0,0,0,1,0,1,1,1,0,0,0,1,0,0,1,0,1,1,0,0
20441723,0,1,1,0,0,0,0,0,0,0,0,0,1,0,0,0,1,0,1,1,1,0,0,0,1,0,0,1,0,1,1,0,0
20948746,0,1,1,0,0,0,0,0,0,0,0,0,1,0,0,0,1,0,1,1,1,0,0,0,1,0,0,1,0,1,1,0,0
21455721,0,1,1,0,0,0,0,0,0,0,0,0,1,0,0,0,1,0,1,1,1,0,0,0,1,0,0,1,0,1,1,0,0
21962748,0,1,1,0,0,0,0,0,0,0,0,0,1,0,0,0,1,0,1,1,1,0,0,0,1,0,0,1,0,1,1,0,0
22469859,0,1,1,0,0,0,0,0,0,0,0,0,1,0,0,0,1,0,1,1,1,0,0,0,1,0,0,1,0,1,1,0,0
22976836,0,1,1,0,0,0,0,0,0,0,0,0,1,0,0,0,1,0,1,1,1,0,0,0,1,0,0,1,0,1,1,0,0
23483810,0,1,1,0,0,0,0,0,0,0,0,0,1,0,0,0,1,0,1,1,1,0,0,0,1,0,0,1,0,1,1,0,0
23990852,0,1,1,0,0,0,0,0,0,0,0,0,1,0,0,0,1,0,1,1,1,0,0,0,1,0,0,1,0,1,1,0,0
24498241,0,1,1,0,0,0,0,0,0,0,0,0,1,0,0,0,1,0,1,1,1,0,0,0,1,0,0,1,0,1,1,0,0
24686791,0,1,1,0,0,0,0,0,0,0,0,0,1,0,0,0,1,0,1,1,1,0,0,0,1,0,0,1,0,1,1,0,0
25193741,0,1,1,0,0,0,0,0,0,0,0,0,1,0,0,0,1,0,1,1,1,0,0,0,1,0,0,1,0,1,1,0,0
25689944,0,1,1,0,0,0,0,0,0,0,0,0,1,0,0,0,1,0,1,1,1,0,0,0,1,0,0,1,0,1,1,0,0
25704373,0,1,1,0,0,0,0,0,0,0,0,0,1,1,0,0,1,0,1,1,1,0,0,0,1,0,0,1,0,1,1,0,0
26214431,0,1,1,0,0,1,0,0,0,0,0,0,1,1,0,0,1,0,1,1,1,0,0,0,1,0,0,1,0,1,1,0,0
26722664,0,1,1,0,0,1,0,0,0,0,0,0,1,1,0,0,1,0,1,1,1,0,0,0,1,0,0,1,0,1,1,0,0
27232005,0,1,1,0,0,1,0,1,0,0,0,0,1,1,0,0,1,0,1,1,1,0,0,0,1,0,0,1,0,1,1,0,0
27731964,0,1,1,0,0,1,0,1,0,0,0,0,1,1,0,0,1,0,1,1,1,0,0,0,1,0,0,1,0,1,1,0,0
28239978,0,1,1,0,0,1,0,1,0,0,0,0,1,1,0,0,1,0,1,1,1,0,0,0,1,0,0,1,0,1,1,0,0
28742122,0,1,1,0,0,1,0,1,0,0,0,0,1,1,0,0,1,0,1,1,1,0,0,0,1,0,0,1,0,1,1,0,0
29243034,0,1,1,0,0,1,0,1,0,0,0,0,1,1,0,0,1,0,1,1,1,0,0,0,1,0,0,1,0,1,1,0,0
29744110,0,1,1,0,0,1,0,1,0,0,0,0,1,1,0,0,1,0,1,1,1,0,0,0,1,0,0,1,0,1,1,0,0
30255699,0,1,1,0,0,1,0,1,0,0,0,0,1,1,0,0,1,0,1,1,1,0,0,0,1,0,0,1,0,1,1,0,0
30764332,0,1,1,0,0,1,0,1,0,0,0,0,1,1,0,0,1,0,1,1,1,0,0,0,1,0,0,1,0,1,1,0,0
31268259,0,1,1,0,0,1,0,1,0,0,0,0,1,1,0,0,1,0,1,1,1,0,0,0,1,0,0,1,0,1,1,0,0
31777016,0,1,1,0,0,1,0,1,0,0,0,0,1,1,0,0,1,0,1,1,1,0,0,0,1,0,0,1,0,1,1,0,0
32287287,0,1,1,0,0,1,0,1,0,0,0,0,1,1,0,0,1,0,1,1,1,0,0,0,1,0,0,1,0,1,1,0,0
32795675,0,1,1,0,0,1,0,1,0,0,0,0,1,1,0,0,1,0,1,1,1,0,0,0,1,0,0,1,0,1,1,0,0
33306690,0,1,1,0,0,1,0,1,0,0,0,0,1,1,0,0,1,0,1,1,1,0,0,0,1,0,0,1,0,1,1,0,0
33815113,0,1,1,0,0,1,1,1,0,0,0,0,1,1,0,0,1,0,1,1,1,0,0,0,1,0,0,1,0,1,1,0,0
34325050,0,1,1,0,0,1,1,1,0,0,0,0,1,1,0,0,1,0,1,1,1,0,0,0,1,0,0,1,0,1,1,0,0
34833002,0,1,1,0,0,1,1,1,0,0,0,0,1,1,0,0,1,0,1,1,1,0,0,0,1,0,0,1,0,1,1,0,0
35343277,0,1,1,0,0,1,1,1,0,0,0,0,1,1,0,0,1,0,1,1,1,0,0,0,1,0,0,1,0,1,1,0,0
35852019,0,1,1,0,0,1,1,1,0,0,0,0,1,1,0,0,1,0,1,1,1,0,0,0,1,0,0,1,0,1,1,0,0
36361165,0,1,1,0,0,1,1,1,0,0,0,0,1,1,0,0,1,0,1,1,1,0,0,0,1,0,0,1,0,1,1,0,0
36868506,0,1,1,0,0,1,1,1,0,0,0,0,1,1,0,0,1,0,1,1,1,0,0,0,1,0,0,1,0,1,1,0,0
37377023,0,1,1,0,0,1,1,1,0,0,0,0,1,1,0,0,1,0,1,1,1,0,0,0,1,0,0,1,0,1,1,0,0
37753029,0,1,1,0,0,1,1,1,1,1,1,1,1,1,0,0,1,0,1,1,1,0,0,0,1,0,0,1,0,1,1,0,0
38263343,0,1,1,0,1,1,1,1,1,1,1,1,1,1,0,0,1,0,1,1,1,0,0,0,1,0,0,1,0,1,1,0,0
38772196,0,1,1,0,1,1,1,1,1,1,1,1,1,1,0,0,1,0,1,1,1,0,0,0,1,0,0,1,0,1,1,0,0
39281072,0,1,1,0,1,1,1,1,1,1,1,1,1,1,0,0,1,0,1,1,1,0,0,0,1,0,0,1,0,1,1,0,0
39790825,0,1,1,0,1,1,1,1,1,1,1,1,1,1,0,0,1,0,1,1,1,0,0,0,1,0,0,1,0,1,1,0,0
40301020,0,1,1,0,1,1,1,1,1,1,1,1,1,1,0,0,1,0,1,1,1,0,0,0,1,0,0,1,0,1,1,0,0
40810831,0,1,1,0,1,1,0,1,1,1,1,1,1,1,0,0,1,0,1,1,1,0,0,0,1,0,0,1,0,1,1,0,0
41311871,0,1,1,0,1,1,1,1,1,1,1,1,1,1,0,0,1,0,1,1,1,0,0,0,1,0,0,1,0,1,1,0,0
41690831,0,1,1,0,1,1,0,1,1,1,1,1,1,1,0,0,1,0,1,1,1,0,0,0,1,0,0,1,0,1,1,0,0
42192344,0,1,1,0,1,1,1,1,1,1,1,1,1,1,0,0,1,0,1,1,1,0,0,0,1,0,0,1,0,1,1,0,0
42693099,0,1,1,0,1,1,1,1,1,1,1,1,1,1,0,0,1,0,1,1,1,0,0,0,1,0,0,1,0,1,1,0,0
42825496,0,1,1,0,1,1,1,1,1,1,1,1,1,1,0,0,1,0,1,1,1,0,0,0,1,0,0,1,0,1,1,0,0
42836342,0,1,1,0,1,1,1,1,1,1,1,1,1,1,0,0,1,0,1,1,1,0,0,0,1,0,0,1,0,1,1,0,0
43343335,0,1,1,0,1,1,1,1,1,1,1,1,1,1,0,0,1,0,1,1,1,0,0,0,1,0,0,1,0,1,1,0,0
43850912,0,1,1,0,1,1,1,1,1,1,1,1,1,1,0,0,1,0,1,1,1,0,0,0,1,0,0,1,0,1,1,0,0
44361374,0,1,1,0,1,1,1,1,1,1,1,1,1,1,0,0,1,0,1,1,1,0,0,0,1,0,0,1,0,1,1,0,0
44872372,0,1,1,0,1,1,1,1,1,1,1,1,1,1,0,0,1,0,1,1,1,0,0,0,1,0,0,1,0,1,1,0,0
45381332,0,1,1,0,1,1,1,1,1,1,1,1,1,1,0,0,1,0,1,1,1,0,0,0,1,0,0,1,0,1,1,0,0
45891332,0,1,1,0,1,1,1,1,1,1,1,1,1,1,0,0,1,0,1,1,1,0,0,0,1,0,0,1,0,1,1,0,0
46391378,0,1,1,0,1,1,1,1,1,1,1,1,1,1,0,0,1,0,1,1,1,0,0,0,1,0,0,1,0,1,1,0,0
46901359,0,1,1,0,1,1,1,1,1,1,1,1,1,1,0,0,1,0,1,1,1,0,0,0,1,0,0,1,0,1,1,0,0
47408385,0,1,1,0,1,1,1,1,1,1,1,1,1,1,0,0,1,0,1,1,1,0,0,0,1,0,0,1,0,1,1,0,0
47918759,0,1,1,0,1,1,1,1,1,1,1,1,1,1,0,0,1,0,1,1,1,0,0,0,1,0,0,1,0,1,1,0,0
48427490,0,1,1,0,1,1,1,1,1,1,1,1,1,1,0,0,1,0,1,1,1,0,0,0,1,0,0,1,0,1,1,0,0
48936333,0,1,1,0,1,1,1,1,1,1,1,1,1,1,0,0,1,0,1,1,1,0,0,0,1,0,0,1,0,1,1,0,0
49436405,0,1,1,0,1,1,1,1,1,1,1,1,1,1,0,0,1,0,1,1,1,0,0,0,1,0,0,1,0,1,1,0,0
49947378,0,1,1,0,1,1,1,1,1,1,1,1,1,1,0,0,1,0,1,1,1,0,0,0,1,0,0,1,0,1,1,0,0
50447498,0,1,1,0,1,1,1,1,1,1,1,1,1,1,0,0,1,0,1,1,1,0,0,0,1,0,0,1,0,1,1,0,0
50959716,0,1,1,0,1,1,1,1,1,1,1,1,1,1,0,0,1,0,1,1,1,0,0,0,1,0,0,1,0,1,1,0,0
51468385,0,1,1,0,1,1,1,1,1,1,1,1,1,1,0,0,1,0,1,1,1,0,0,0,1,0,0,1,0,1,1,0,0
51979839,0,1,1,0,1,1,0,1,1,1,1,1,1,1,0,0,1,0,1,1,1,0,0,0,1,0,0,1,0,1,1,0,0
52487332,0,1,1,0,1,1,1,1,1,1,1,1,1,1,0,0,1,0,1,1,1,0,0,0,1,0,0,1,0,1,1,0,0
52995513,0,1,1,0,1,1,1,1,1,1,1,1,1,1,0,0,1,0,1,1,1,0,0,0,1,0,0,1,0,1,1,0,0
53503377,0,1,1,0,1,1,1,1,1,1,1,1,1,1,0,0,1,0,1,1,1,0,0,0,1,0,0,1,0,1,1,0,0
54012330,0,1,1,0,1,1,1,1,1,1,1,1,1,1,0,0,1,0,1,1,1,0,0,0,1,0,0,1,0,1,1,0,0
54518375,0,1,1,0,1,1,0,1,1,1,1,1,1,1,0,0,1,0,1,1,1,0,0,0,1,0,0,1,0,1,1,0,0
55026332,0,1,1,0,1,1,1,1,1,1,1,1,1,1,0,0,1,0,1,1,1,0,0,0,1,0,0,1,0,1,1,0,0
55526366,0,1,1,0,1,1,1,1,1,1,1,1,1,1,0,0,1,0,1,1,1,0,0,0,1,0,0,1,0,1,1,0,0
56035481,0,1,1,0,1,1,1,1,1,1,1,1,1,1,0,0,1,0,1,1,1,0,0,0,1,0,0,1,0,1,1,0,0
56544332,0,1,1,0,1,1,1,1,1,1,1,1,1,1,0,0,1,0,1,1,1,0,0,0,1,0,0,1,0,1,1,0,0
57050332,0,1,1,0,1,1,0,1,1,1,1,1,1,1,0,0,1,0,1,1,1,0,0,0,1,0,0,1,0,1,1,0,0
57559335,0,1,1,0,1,1,1,1,1,1,1,1,1,1,0,0,1,0,1,1,1,0,0,0,1,0,0,1,0,1,1,0,0
58067371,0,1,1,0,1,1,1,1,1,1,1,1,1,1,0,0,1,0,1,1,1,0,0,0,1,0,0,1,0,1,1,0,0
58573333,0,1,1,0,1,1,1,1,1,1,1,1,1,1,0,0,1,0,1,1,1,0,0,0,1,0,0,1,0,1,1,0,0
59080332,0,1,1,0,1,1,1,1,1,1,1,1,1,1,0,0,1,0,1,1,1,0,0,0,1,0,0,1,0,1,1,0,0
59589336,0,1,1,0,1,1,1,1,1,1,1,1,1,1,0,0,1,0,1,1,1,0,0,0,1,0,0,1,0,1,1,0,0
60096331,0,1,1,0,1,1,0,1,1,1,1,1,1,1,0,0,1,0,1,1,1,0,0,0,1,0,0,1,0,1,1,0,0
60604517,0,1,1,0,1,1,1,1,1,1,1,1,1,1,0,0,1,0,1,1,1,0,0,0,1,0,0,1,0,1,1,0,0
61111499,0,1,1,0,1,1,1,1,1,1,1,1,1,1,0,0,1,0,1,1,1,0,0,0,1,0,0,1,0,1,1,0,0
61618331,0,1,1,0,1,1,1,1,1,1,1,1,1,1,0,0,1,0,1,1,1,0,0,0,1,0,0,1,0,1,1,0,0
62124365,0,1,1,0,1,1,1,1,1,1,1,1,1,1,0,0,1,0,1,1,1,0,0,0,1,0,0,1,0,1,1,0,0
62631885,0,1,1,0,1,1,0,1,1,1,1,1,1,1,0,0,1,0,1,1,1,0,0,0,1,0,0,1,0,1,1,0,0
63140331,0,1,1,0,1,1,1,1,1,1,1,1,1,1,0,0,1,0,1,1,1,0,0,0,1,0,0,1,0,1,1,0,0
63648334,0,1,1,0,1,1,1,1,1,1,1,1,1,1,0,0,1,0,1,1,1,0,0,0,1,0,0,1,0,1,1,0,0
64156340,0,1,1,0,1,1,0,1,1,1,1,1,1,1,0,0,1,0,1,1,1,0,0,0,1,0,0,1,0,1,1,0,0
64663356,0,1,1,0,1,1,1,1,1,1,1,1,1,1,0,0,1,0,1,1,1,0,0,0,1,0,0,1,0,1,1,0,0
65170838,0,1,1,0,1,1,0,1,1,1,1,1,1,1,0,0,1,0,1,1,1,0,0,0,1,0,0,1,0,1,1,0,0
65678340,0,1,1,0,1,1,1,1,1,1,1,1,1,1,0,0,1,0,1,1,1,0,0,0,1,0,0,1,0,1,1,0,0
66185332,0,1,1,0,1,1,1,1,1,1,1,1,1,1,0,0,1,0,1,1,1,0,0,0,1,0,0,1,0,1,1,0,0
66695860,0,1,1,0,1,1,1,1,1,1,1,1,1,1,0,0,1,0,1,1,1,0,0,0,1,0,0,1,0,1,1,0,0
67203477,0,1,1,0,1,1,1,1,1,1,1,1,1,1,0,0,1,0,1,1,1,0,0,0,1,0,0,1,0,1,1,0,0
67713380,0,1,1,0,1,1,0,1,1,1,1,1,1,1,0,0,1,0,1,1,1,0,0,0,1,0,0,1,0,1,1,0,0
68220361,0,1,1,0,1,1,1,1,1,1,1,1,1,1,0,0,1,0,1,1,1,0,0,0,1,0,0,1,0,1,1,0,0
68728365,0,1,1,0,1,1,1,1,1,1,1,1,1,1,0,0,1,0,1,1,1,0,0,0,1,0,0,1,0,1,1,0,0
69236343,0,1,1,0,1,1,1,1,1,1,1,1,1,1,0,0,1,0,1,1,1,0,0,0,1,0,0,1,0,1,1,0,0
69736703,0,1,1,0,1,1,1,1,1,1,1,1,1,1,0,0,1,0,1,1,1,0,0,0,1,0,0,1,0,1,1,0,0
70244402,0,1,1,0,1,1,1,1,1,1,1,1,1,1,0,0,1,0,1,1,1,0,0,0,1,0,0,1,0,1,1,0,0
70745336,0,1,1,0,1,1,0,1,1,1,1,1,1,1,0,0,1,0,1,1,1,0,0,0,1,0,0,1,0,1,1,0,0
71254335,0,1,1,0,1,1,1,1,1,1,1,1,1,1,0,0,1,0,1,1,1,0,0,0,1,0,0,1,0,1,1,0,0
71765333,0,1,1,0,1,1,1,1,1,1,1,1,1,1,0,0,1,0,1,1,1,0,0,0,1,0,0,1,0,1,1,0,0
72267332,0,1,1,0,1,1,1,1,1,1,1,1,1,1,0,0,1,0,1,1,1,0,0,0,1,0,0,1,0,1,1,0,0
72771789,0,1,1,0,1,1,1,1,1,1,1,1,1,1,0,0,1,0,1,1,1,0,0,0,1,0,0,1,0,1,1,0,0
73274333,0,1,1,0,1,1,1,1,1,1,1,1,1,1,0,0,1,0,1,1,1,0,0,0,1,0,0,1,0,1,1,0,0
73783991,0,1,1,0,1,1,1,1,1,1,1,1,1,1,0,0,1,0,1,1,1,0,0,0,1,0,0,1,0,1,1,0,0
74293427,0,1,1,0,1,1,1,1,1,1,1,1,1,1,0,0,1,0,1,1,1,0,0,0,1,0,0,1,0,1,1,0,0
74795337,0,1,1,0,1,1,1,1,1,1,1,1,1,1,0,0,1,0,1,1,1,0,0,0,1,0,0,1,0,1,1,0,0
75296329,0,1,1,0,1,1,1,1,1,1,1,1,1,1,0,0,1,0,1,1,1,0,0,0,1,0,0,1,0,1,1,0,0
75799968,0,1,1,0,1,1,1,1,1,1,1,1,1,1,0,0,1,0,1,1,1,0,0,0,1,0,0,1,0,1,1,0,0
76308333,0,1,1,0,1,1,1,1,1,1,1,1,1,1,0,0,1,0,1,1,1,0,0,0,1,0,0,1,0,1,1,0,0
76813375,0,1,1,0,1,1,1,1,1,1,1,1,1,1,0,0,1,0,1,1,1,0,0,0,1,0,0,1,0,1,1,0,0
77316656,0,1,1,0,1,1,1,1,1,1,1,1,1,1,0,0,1,0,1,1,1,0,0,0,1,0,0,1,0,1,1,0,0
77826331,0,1,1,0,1,1,1,1,1,1,1,1,1,1,0,0,1,0,1,1,1,0,0,0,1,0,0,1,0,1,1,0,0
78336528,0,1,1,0,1,1,1,1,1,1,1,1,1,1,0,0,1,0,1,1,1,0,0,0,1,0,0,1,0,1,1,0,0
78844906,0,1,1,0,1,1,1,1,1,1,1,1,1,1,0,0,1,0,1,1,1,0,0,0,1,0,0,1,0,1,1,0,0
79356463,0,1,1,0,1,1,1,1,1,1,1,1,1,1,0,0,1,0,1,1,1,0,0,0,1,0,0,1,0,1,1,0,0
79865404,0,1,1,0,1,1,1,1,1,1,1,1,1,1,0,0,1,0,1,1,1,0,0,0,1,0,0,1,0,1,1,0,0
80373329,0,1,1,0,1,1,1,1,1,1,1,1,1,1,0,0,1,0,1,1,1,0,0,0,1,0,0,1,0,1,1,0,0
80882330,0,1,1,0,1,1,1,1,1,1,1,1,1,1,0,0,1,0,1,1,1,0,0,0,1,0,0,1,0,1,1,0,0
81391372,0,1,1,0,1,1,1,1,1,1,1,1,1,1,0,0,1,0,1,1,1,0,0,0,1,0,0,1,0,1,1,0,0
81900331,0,1,1,0,1,1,1,1,1,1,1,1,1,1,0,0,1,0,1,1,1,0,0,0,1,0,0,1,0,1,1,0,0
82409360,0,1,1,0,1,1,1,1,1,1,1,1,1,1,0,0,1,0,1,1,1,0,0,0,1,0,0,1,0,1,1,0,0
82919760,0,1,1,0,1,1,1,1,1,1,1,1,1,1,0,0,1,0,1,1,1,0,0,0,1,0,0,1,0,1,1,0,0
83425367,0,1,1,0,1,1,1,1,1,1,1,1,1,1,0,0,1,0,1,1,1,0,0,0,1,0,0,1,0,1,1,0,0
83934367,0,1,1,0,1,1,1,1,1,1,1,1,1,1,0,0,1,0,1,1,1,0,0,0,1,0,0,1,0,1,1,0,0
84435710,0,1,1,0,1,1,1,1,1,1,1,1,1,1,0,0,1,0,1,1,1,0,0,0,1,0,0,1,0,1,1,0,0
84945331,0,1,1,0,1,1,1,1,1,1,1,1,1,1,0,0,1,0,1,1,1,0,0,0,1,0,0,1,0,1,1,0,0
85454332,0,1,1,0,1,1,0,1,1,1,1,1,1,1,0,0,1,0,1,1,1,0,0,0,1,0,0,1,0,1,1,0,0
85962391,0,1,1,0,1,1,1,1,1,1,1,1,1,1,0,0,1,0,1,1,1,0,0,0,1,0,0,1,0,1,1,0,0
86469361,0,1,1,0,1,1,1,1,1,1,1,1,1,1,0,0,1,0,1,1,1,0,0,0,1,0,0,1,0,1,1,0,0
86977380,0,1,1,0,1,1,1,1,1,1,1,1,1,1,0,0,1,0,1,1,1,0,0,0,1,0,0,1,0,1,1,0,0
87485330,0,1,1,0,1,1,1,1,1,1,1,1,1,1,0,0,1,0,1,1,1,0,0,0,1,0,0,1,0,1,1,0,0
87992662,0,1,1,0,1,1,1,1,1,1,1,1,1,1,0,0,1,0,1,1,1,0,0,0,1,0,0,1,0,1,1,0,0
88499331,0,1,1,0,1,1,1,1,1,1,1,1,1,1,0,0,1,0,1,1,1,0,0,0,1,0,0,1,0,1,1,0,0
89009331,0,1,1,0,1,1,0,1,1,1,1,1,1,1,0,0,1,0,1,1,1,0,0,0,1,0,0,1,0,1,1,0,0
89518392,0,1,1,0,1,1,1,1,1,1,1,1,1,1,0,0,1,0,1,1,1,0,0,0,1,0,0,1,0,1,1,0,0
90029433,0,1,1,0,1,1,1,1,1,1,1,1,1,1,0,0,1,0,1,1,1,0,0,0,1,0,0,1,0,1,1,0,0
90538330,0,1,1,0,1,1,1,1,1,1,1,1,1,1,0,0,1,0,1,1,1,0,0,0,1,0,0,1,0,1,1,0,0
91046331,0,1,1,0,1,1,1,1,1,1,1,1,1,1,0,0,1,0,1,1,1,0,0,0,1,0,0,1,0,1,1,0,0
91556537,0,1,1,0,1,1,1,1,1,1,1,1,1,1,0,0,1,0,1,1,1,0,0,0,1,0,0,1,0,1,1,0,0
92065367,0,1,1,0,1,1,1,1,1,1,1,1,1,1,0,0,1,0,1,1,1,0,0,0,1,0,0,1,0,1,1,0,0
92573332,0,1,1,0,1,1,1,1,1,1,1,1,1,1,0,0,1,0,1,1,1,0,0,0,1,0,0,1,0,1,1,0,0
93073361,0,1,1,0,1,1,1,1,1,1,1,1,1,1,0,0,1,0,1,1,1,0,0,0,1,0,0,1,0,1,1,0,0
93582330,0,1,1,0,1,1,1,1,1,1,1,1,1,1,0,0,1,0,1,1,1,0,0,0,1,0,0,1,0,1,1,0,0
94092976,0,1,1,0,1,1,1,1,1,1,1,1,1,1,0,0,1,0,1,1,1,0,0,0,1,0,0,1,0,1,1,0,0
94602335,0,1,1,0,1,1,1,1,1,1,1,1,1,1,0,0,1,0,1,1,1,0,0,0,1,0,0,1,0,1,1,0,0
95110330,0,1,1,0,1,1,1,1,1,1,1,1,1,1,0,0,1,0,1,1,1,0,0,0,1,0,0,1,0,1,1,0,0
95621364,0,1,1,0,1,1,1,1,1,1,1,1,1,1,0,0,1,0,1,1,1,0,0,0,1,0,0,1,0,1,1,0,0
96123330,0,1,1,0,1,1,1,1,1,1,1,1,1,1,0,0,1,0,1,1,1,0,0,0,1,0,0,1,0,1,1,0,0
96633337,0,1,1,0,1,1,1,1,1,1,1,1,1,1,0,0,1,0,1,1,1,0,0,0,1,0,0,1,0,1,1,0,0
97141383,0,1,1,0,1,1,1,1,1,1,1,1,1,1,0,0,1,0,1,1,1,0,0,0,1,0,0,1,0,1,1,0,0
97649426,0,1,1,0,1,1,1,1,1,1,1,1,1,1,0,0,1,0,1,1,1,0,0,0,1,0,0,1,0,1,1,0,0
98151329,0,1,1,0,1,1,1,1,1,1,1,1,1,1,0,0,1,0,1,1,1,0,0,0,1,0,0,1,0,1,1,0,0
98653406,0,1,1,0,1,1,0,1,1,1,1,1,1,1,0,0,1,0,1,1,1,0,0,0,1,0,0,1,0,1,1,0,0
99154603,0,1,1,0,1,1,1,1,1,1,1,1,1,1,0,0,1,0,1,1,1,0,0,0,1,0,0,1,0,1,1,0,0
99660686,0,1,1,0,1,1,1,1,1,1,1,1,1,1,0,0,1,0,1,1,1,0,0,0,1,0,0,1,0,1,1,0,0
100164898,0,1,1,0,1,1,1,1,1,1,1,1,1,1,0,0,1,0,1,1,1,0,0,0,1,0,0,1,0,1,1,0,0
100665335,0,1,1,0,1,1,1,1,1,1,1,1,1,1,0,0,1,0,1,1,1,0,0,0,1,0,0,1,0,1,1,0,0
101167330,0,1,1,0,1,1,1,1,1,1,1,1,1,1,0,0,1,0,1,1,1,0,0,0,1,0,0,1,0,1,1,0,0
101669348,0,1,1,0,1,1,1,1,1,1,1,1,1,1,0,0,1,0,1,1,1,0,0,0,1,0,0,1,0,1,1,0,0
102180861,0,1,1,0,1,1,1,1,1,1,1,1,1,1,0,0,1,0,1,1,1,0,0,0,1,0,0,1,0,1,1,0,0
102685451,0,1,1,0,1,1,1,1,1,1,1,1,1,1,0,0,1,0,1,1,1,0,0,0,1,0,0,1,0,1,1,0,0
103196398,0,1,1,0,1,1,0,1,1,1,1,1,1,1,0,0,1,0,1,1,1,0,0,0,1,0,0,1,0,1,1,0,0
103703337,0,1,1,0,1,1,0,1,1,1,1,1,1,1,0,0,1,0,1,1,1,0,0,0,1,0,0,1,0,1,1,0,0
104205479,0,1,1,0,1,1,1,1,1,1,1,1,1,1,0,0,1,0,1,1,1,0,0,0,1,0,0,1,0,1,1,0,0
104707330,0,1,1,0,1,1,1,1,1,1,1,1,1,1,0,0,1,0,1,1,1,0,0,0,1,0,0,1,0,1,1,0,0
105217514,0,1,1,0,1,1,1,1,1,1,1,1,1,1,0,0,1,0,1,1,1,0,0,0,1,0,0,1,0,1,1,0,0
105725330,0,1,1,0,1,1,1,1,1,1,1,1,1,1,0,0,1,0,1,1,1,0,0,0,1,0,0,1,0,1,1,0,0
106234375,0,1,1,0,1,1,1,1,1,1,1,1,1,1,0,0,1,0,1,1,1,0,0,0,1,0,0,1,0,1,1,0,0
106734565,0,1,1,0,1,1,1,1,1,1,1,1,1,1,0,0,1,0,1,1,1,0,0,0,1,0,0,1,0,1,1,0,0
107243330,0,1,1,0,1,1,1,1,1,1,1,1,1,1,0,0,1,0,1,1,1,0,0,0,1,0,0,1,0,1,1,0,0
107752608,0,1,1,0,1,1,1,1,1,1,1,1,1,1,0,0,1,0,1,1,1,0,0,0,1,0,0,1,0,1,1,0,0
108259331,0,1,1,0,1,1,1,1,1,1,1,1,1,1,0,0,1,0,1,1,1,0,0,0,1,0,0,1,0,1,1,0,0
108765333,0,1,1,0,1,1,1,1,1,1,1,1,1,1,0,0,1,0,1,1,1,0,0,0,1,0,0,1,0,1,1,0,0
109271331,0,1,1,0,1,1,1,1,1,1,1,1,1,1,0,0,1,0,1,1,1,0,0,0,1,0,0,1,0,1,1,0,0
109778330,0,1,1,0,1,1,0,1,1,1,1,1,1,1,0,0,1,0,1,1,1,0,0,0,1,0,0,1,0,1,1,0,0
110285332,0,1,1,0,1,1,1,1,1,1,1,1,1,1,0,0,1,0,1,1,1,0,0,0,1,0,0,1,0,1,1,0,0
110793331,0,1,1,0,1,1,1,1,1,1,1,1,1,1,0,0,1,0,1,1,1,0,0,0,1,0,0,1,0,1,1,0,0
111303332,0,1,1,0,1,1,1,1,1,1,1,1,1,1,0,0,1,0,1,1,1,0,0,0,1,0,0,1,0,1,1,0,0
111810333,0,1,1,0,1,1,1,1,1,1,1,1,1,1,0,0,1,0,1,1,1,0,0,0,1,0,0,1,0,1,1,0,0
112318520,0,1,1,0,1,1,0,1,1,1,1,1,1,1,0,0,1,0,1,1,1,0,0,0,1,0,0,1,0,1,1,0,0
112825759,0,1,1,0,1,1,1,1,1,1,1,1,1,1,0,0,1,0,1,1,1,0,0,0,1,0,0,1,0,1,1,0,0
113334359,0,1,1,0,1,1,1,1,1,1,1,1,1,1,0,0,1,0,1,1,1,0,0,0,1,0,0,1,0,1,1,0,0
113841460,0,1,1,0,1,1,1,1,1,1,1,1,1,1,0,0,1,0,1,1,1,0,0,0,1,0,0,1,0,1,1,0,0
114352803,0,1,1,0,1,1,0,1,1,1,1,1,1,1,0,0,1,0,1,1,1,0,0,0,1,0,0,1,0,1,1,0,0
114860331,0,1,1,0,1,1,1,1,1,1,1,1,1,1,0,0,1,0,1,1,1,0,0,0,1,0,0,1,0,1,1,0,0
115364377,0,1,1,0,1,1,1,1,1,1,1,1,1,1,0,0,1,0,1,1,1,0,0,0,1,0,0,1,0,1,1,0,0
115873599,0,1,1,0,1,1,1,1,1,1,1,1,1,1,0,0,1,0,1,1,1,0,0,0,1,0,0,1,0,1,1,0,0
116378955,0,1,1,0,1,1,1,1,1,1,1,1,1,1,0,0,1,0,1,1,1,0,0,0,1,0,0,1,0,1,1,0,0
116880330,0,1,1,0,1,1,1,1,1,1,1,1,1,1,0,0,1,0,1,1,1,0,0,0,1,0,0,1,0,1,1,0,0
117385601,0,1,1,0,1,1,1,1,1,1,1,1,1,1,0,0,1,0,1,1,1,0,0,0,1,0,0,1,0,1,1,0,0
117889734,0,1,1,0,1,1,1,1,1,1,1,1,1,1,0,0,1,0,1,1,1,0,0,0,1,0,0,1,0,1,1,0,0
118397375,0,1,1,0,1,1,1,1,1,1,1,1,1,1,0,0,1,0,1,1,1,0,0,0,1,0,0,1,0,1,1,0,0
118907330,0,1,1,0,1,1,1,1,1,1,1,1,1,1,0,0,1,0,1,1,1,0,0,0,1,0,0,1,0,1,1,0,0
119415402,0,1,1,0,1,1,0,1,1,1,1,1,1,1,0,0,1,0,1,1,1,0,0,0,1,0,0,1,0,1,1,0,0
119921559,0,1,1,0,1,1,0,1,1,1,1,1,1,1,0,0,1,0,1,1,1,0,0,0,1,0,0,1,0,1,1,0,0
120430708,0,1,1,0,1,1,1,1,1,1,1,1,1,1,0,0,1,0,1,1,1,0,0,0,1,0,0,1,0,1,1,0,0
120933364,0,1,1,0,1,1,0,1,1,1,1,1,1,1,0,0,1,0,1,1,1,0,0,0,1,0,0,1,0,1,1,0,0
121440056,0,1,1,0,1,1,1,1,1,1,1,1,1,1,0,0,1,0,1,1,1,0,0,0,1,0,0,1,0,1,1,0,0
121942598,0,1,1,0,1,1,1,1,1,1,1,1,1,1,0,0,1,0,1,1,1,0,0,0,1,0,0,1,0,1,1,0,0
122444362,0,1,1,0,1,1,1,1,1,1,1,1,1,1,0,0,1,0,1,1,1,0,0,0,1,0,0,1,0,1,1,0,0
122947330,0,1,1,0,1,1,1,1,1,1,1,1,1,1,0,0,1,0,1,1,1,0,0,0,1,0,0,1,0,1,1,0,0
123453708,0,1,1,0,1,1,1,1,1,1,1,1,1,1,0,0,1,0,1,1,1,0,0,0,1,0,0,1,0,1,1,0,0
123957734,0,1,1,0,1,1,1,1,1,1,1,1,1,1,0,0,1,0,1,1,1,0,0,0,1,0,0,1,0,1,1,0,0
124458614,0,1,1,0,1,1,0,1,1,1,1,1,1,1,0,0,1,0,1,1,1,0,0,0,1,0,0,1,0,1,1,0,0
124967816,0,1,1,0,1,1,1,1,1,1,1,1,1,1,0,0,1,0,1,1,1,0,0,0,1,0,0,1,0,1,1,0,0
125479307,0,1,1,0,1,1,1,1,1,1,1,1,1,1,0,0,1,0,1,1,1,0,0,0,1,0,0,1,0,1,1,0,0
125984332,0,1,1,0,1,1,0,1,1,1,1,1,1,1,0,0,1,0,1,1,1,0,0,0,1,0,0,1,0,1,1,0,0
126488331,0,1,1,0,1,1,1,1,1,1,1,1,1,1,0,0,1,0,1,1,1,0,0,0,1,0,0,1,0,1,1,0,0
126999332,0,1,1,0,1,1,1,1,1,1,1,1,1,1,0,0,1,0,1,1,1,0,0,0,1,0,0,1,0,1,1,0,0
127510331,0,1,1,0,1,1,1,1,1,1,1,1,1,1,0,0,1,0,1,1,1,0,0,0,1,0,0,1,0,1,1,0,0
128011566,0,1,1,0,1,1,1,1,1,1,1,1,1,1,0,0,1,0,1,1,1,0,0,0,1,0,0,1,0,1,1,0,0
128512337,0,1,1,0,1,1,1,1,1,1,1,1,1,1,0,0,1,0,1,1,1,0,0,0,1,0,0,1,0,1,1,0,0
129022333,0,1,1,0,1,1,1,1,1,1,1,1,1,1,0,0,1,0,1,1,1,0,0,0,1,0,0,1,0,1,1,0,0
129524358,0,1,1,0,1,1,1,1,1,1,1,1,1,1,0,0,1,0,1,1,1,0,0,0,1,0,0,1,0,1,1,0,0
130033887,0,1,1,0,1,1,1,1,1,1,1,1,1,1,0,0,1,0,1,1,1,0,0,0,1,0,0,1,0,1,1,0,0
130538373,0,1,1,0,1,1,1,1,1,1,1,1,1,1,0,0,1,0,1,1,1,0,0,0,1,0,0,1,0,1,1,0,0
131040362,0,1,1,0,1,1,1,1,1,1,1,1,1,1,0,0,1,0,1,1,1,0,0,0,1,0,0,1,0,1,1,0,0
131541332,0,1,1,0,1,1,1,1,1,1,1,1,1,1,0,0,1,0,1,1,1,0,0,0,1,0,0,1,0,1,1,0,0
132048331,0,1,1,0,1,1,0,1,1,1,1,1,1,1,0,0,1,0,1,1,1,0,0,0,1,0,0,1,0,1,1,0,0
132558332,0,1,1,0,1,1,0,1,1,1,1,1,1,1,0,0,1,0,1,1,1,0,0,0,1,0,0,1,0,1,1,0,0
133066335,0,1,1,0,1,1,1,1,1,1,1,1,1,1,0,0,1,0,1,1,1,0,0,0,1,0,0,1,0,1,1,0,0
133576420,0,1,1,0,1,1,1,1,1,1,1,1,1,1,0,0,1,0,1,1,1,0,0,0,1,0,0,1,0,1,1,0,0
134084330,0,1,1,0,1,1,1,1,1,1,1,1,1,1,0,0,1,0,1,1,1,0,0,0,1,0,0,1,0,1,1,0,0
134592330,0,1,1,0,1,1,1,1,1,1,1,1,1,1,0,0,1,0,1,1,1,0,0,0,1,0,0,1,0,1,1,0,0
135101332,0,1,1,0,1,1,1,1,1,1,1,1,1,1,0,0,1,0,1,1,1,0,0,0,1,0,0,1,0,1,1,0,0
135602501,0,1,1,0,1,1,0,1,1,1,1,1,1,1,0,0,1,0,1,1,1,0,0,0,1,0,0,1,0,1,1,0,0
136109623,0,1,1,0,1,1,1,1,1,1,1,1,1,1,0,0,1,0,1,1,1,0,0,0,1,0,0,1,0,1,1,0,0
136610966,0,1,1,0,1,1,1,1,1,1,1,1,1,1,0,0,1,0,1,1,1,0,0,0,1,0,0,1,0,1,1,0,0
137118434,0,1,1,0,1,1,1,1,1,1,1,1,1,1,0,0,1,0,1,1,1,0,0,0,1,0,0,1,0,1,1,0,0
137620363,0,1,1,0,1,1,1,1,1,1,1,1,1,1,0,0,1,0,1,1,1,0,0,0,1,0,0,1,0,1,1,0,0
138130381,0,1,1,0,1,1,1,1,1,1,1,1,1,1,0,0,1,0,1,1,1,0,0,0,1,0,0,1,0,1,1,0,0
138639330,0,1,1,0,1,1,0,1,1,1,1,1,1,1,0,0,1,0,1,1,1,0,0,0,1,0,0,1,0,1,1,0,0
139146457,0,1,1,0,1,1,1,1,1,1,1,1,1,1,0,0,1,0,1,1,1,0,0,0,1,0,0,1,0,1,1,0,0
139655330,0,1,1,0,1,1,0,1,1,1,1,1,1,1,0,0,1,0,1,1,1,0,0,0,1,0,0,1,0,1,1,0,0
140165330,0,1,1,0,1,1,1,1,1,1,1,1,1,1,0,0,1,0,1,1,1,0,0,0,1,0,0,1,0,1,1,0,0
140668845,0,1,1,0,1,1,0,1,1,1,1,1,1,1,0,0,1,0,1,1,1,0,0,0,1,0,0,1,0,1,1,0,0
141175364,0,1,1,0,1,1,1,1,1,1,1,1,1,1,0,0,1,0,1,1,1,0,0,0,1,0,0,1,0,1,1,0,0
141679331,0,1,1,0,1,1,0,1,1,1,1,1,1,1,0,0,1,0,1,1,1,0,0,0,1,0,0,1,0,1,1,0,0
142189364,0,1,1,0,1,1,1,1,1,1,1,1,1,1,0,0,1,0,1,1,1,0,0,0,1,0,0,1,0,1,1,0,0
142692478,0,1,1,0,1,1,1,1,1,1,1,1,1,1,0,0,1,0,1,1,1,0,0,0,1,0,0,1,0,1,1,0,0
143199363,0,1,1,0,1,1,1,1,1,1,1,1,1,1,0,0,1,0,1,1,1,0,0,0,1,0,0,1,0,1,1,0,0
143703238,0,1,1,0,1,1,1,1,1,1,1,1,1,1,0,0,1,0,1,1,1,0,0,0,1,0,0,1,0,1,1,0,0
144203331,0,1,1,0,1,1,0,1,1,1,1,1,1,1,0,0,1,0,1,1,1,0,0,0,1,0,0,1,0,1,1,0,0
144708746,0,1,1,0,1,1,1,1,1,1,1,1,1,1,0,0,1,0,1,1,1,0,0,0,1,0,0,1,0,1,1,0,0
145216363,0,1,1,0,1,1,1,1,1,1,1,1,1,1,0,0,1,0,1,1,1,0,0,0,1,0,0,1,0,1,1,0,0
145723262,0,1,1,0,1,1,1,1,1,1,1,1,1,1,0,0,1,0,1,1,1,0,0,0,1,0,0,1,0,1,1,0,0
146223330,0,1,1,0,1,1,1,1,1,1,1,1,1,1,0,0,1,0,1,1,1,0,0,0,1,0,0,1,0,1,1,0,0
146728336,0,1,1,0,1,1,1,1,1,1,1,1,1,1,0,0,1,0,1,1,1,0,0,0,1,0,0,1,0,1,1,0,0
147237331,0,1,1,0,1,1,1,1,1,1,1,1,1,1,0,0,1,0,1,1,1,0,0,0,1,0,0,1,0,1,1,0,0
147738749,0,1,1,0,1,1,0,1,1,1,1,1,1,1,0,0,1,0,1,1,1,0,0,0,1,0,0,1,0,1,1,0,0
148240362,0,1,1,0,1,1,1,1,1,1,1,1,1,1,0,0,1,0,1,1,1,0,0,0,1,0,0,1,0,1,1,0,0
148743212,0,1,1,0,1,1,1,1,1,1,1,1,1,1,0,0,1,0,1,1,1,0,0,0,1,0,0,1,0,1,1,0,0
149251146,0,1,1,0,1,1,1,1,1,1,1,1,1,1,0,0,1,0,1,1,1,0,0,0,1,0,0,1,0,1,1,0,0
149761330,0,1,1,0,1,1,0,1,1,1,1,1,1,1,0,0,1,0,1,1,1,0,0,0,1,0,0,1,0,1,1,0,0
150262966,0,1,1,0,1,1,1,1,1,1,1,1,1,1,0,0,1,0,1,1,1,0,0,0,1,0,0,1,0,1,1,0,0
150763353,0,1,1,0,1,1,1,1,1,1,1,1,1,1,0,0,1,0,1,1,1,0,0,0,1,0,0,1,0,1,1,0,0
151264330,0,1,1,0,1,1,1,1,1,1,1,1,1,1,0,0,1,0,1,1,1,0,0,0,1,0,0,1,0,1,1,0,0
151773331,0,1,1,0,1,1,1,1,1,1,1,1,1,1,0,0,1,0,1,1,1,0,0,0,1,0,0,1,0,1,1,0,0
152281331,0,1,1,0,1,1,1,1,1,1,1,1,1,1,0,0,1,0,1,1,1,0,0,0,1,0,0,1,0,1,1,0,0
152790374,0,1,1,0,1,1,1,1,1,1,1,1,1,1,0,0,1,0,1,1,1,0,0,0,1,0,0,1,0,1,1,0,0
153298893,0,1,1,0,1,1,1,1,1,1,1,1,1,1,0,0,1,0,1,1,1,0,0,0,1,0,0,1,0,1,1,0,0
153807330,0,1,1,0,1,1,1,1,1,1,1,1,1,1,0,0,1,0,1,1,1,0,0,0,1,0,0,1,0,1,1,0,0
154315641,0,1,1,0,1,1,1,1,1,1,1,1,1,1,0,0,1,0,1,1,1,0,0,0,1,0,0,1,0,1,1,0,0
154824332,0,1,1,0,1,1,0,1,1,1,1,1,1,1,0,0,1,0,1,1,1,0,0,0,1,0,0,1,0,1,1,0,0
155330842,0,1,1,0,1,1,1,1,1,1,1,1,1,1,0,0,1,0,1,1,1,0,0,0,1,0,0,1,0,1,1,0,0
155839542,0,1,1,0,1,1,1,1,1,1,1,1,1,1,0,0,1,0,1,1,1,0,0,0,1,0,0,1,0,1,1,0,0
156341333,0,1,1,0,1,1,1,1,1,1,1,1,1,1,0,0,1,0,1,1,1,0,0,0,1,0,0,1,0,1,1,0,0
156849329,0,1,1,0,1,1,0,1,1,1,1,1,1,1,0,0,1,0,1,1,1,0,0,0,1,0,0,1,0,1,1,0,0
157358446,0,1,1,0,1,1,1,1,1,1,1,1,1,1,0,0,1,0,1,1,1,0,0,0,1,0,0,1,0,1,1,0,0
157866372,0,1,1,0,1,1,1,1,1,1,1,1,1,1,0,0,1,0,1,1,1,0,0,0,1,0,0,1,0,1,1,0,0
158373331,0,1,1,0,1,1,1,1,1,1,1,1,1,1,0,0,1,0,1,1,1,0,0,0,1,0,0,1,0,1,1,0,0
158880330,0,1,1,0,1,1,1,1,1,1,1,1,1,1,0,0,1,0,1,1,1,0,0,0,1,0,0,1,0,1,1,0,0
159387362,0,1,1,0,1,1,0,1,1,1,1,1,1,1,0,0,1,0,1,1,1,0,0,0,1,0,0,1,0,1,1,0,0
159897331,0,1,1,0,1,1,1,1,1,1,1,1,1,1,0,0,1,0,1,1,1,0,0,0,1,0,0,1,0,1,1,0,0
160404331,0,1,1,0,1,1,1,1,1,1,1,1,1,1,0,0,1,0,1,1,1,0,0,0,1,0,0,1,0,1,1,0,0
160911858,0,1,1,0,1,1,1,1,1,1,1,1,1,1,0,0,1,0,1,1,1,0,0,0,1,0,0,1,0,1,1,0,0
161412330,0,1,1,0,1,1,1,1,1,1,1,1,1,1,0,0,1,0,1,1,1,0,0,0,1,0,0,1,0,1,1,0,0
161921360,0,1,1,0,1,1,1,1,1,1,1,1,1,1,0,0,1,0,1,1,1,0,0,0,1,0,0,1,0,1,1,0,0
162427390,0,1,1,0,1,1,1,1,1,1,1,1,1,1,0,0,1,0,1,1,1,0,0,0,1,0,0,1,0,1,1,0,0
162935394,0,1,1,0,1,1,1,1,1,1,1,1,1,1,0,0,1,0,1,1,1,0,0,0,1,0,0,1,0,1,1,0,0
163443829,0,1,1,0,1,1,1,1,1,1,1,1,1,1,0,0,1,0,1,1,1,0,0,0,1,0,0,1,0,1,1,0,0
163952331,0,1,1,0,1,1,1,1,1,1,1,1,1,1,0,0,1,0,1,1,1,0,0,0,1,0,0,1,0,1,1,0,0
164461334,0,1,1,0,1,1,0,1,1,1,1,1,1,1,0,0,1,0,1,1,1,0,0,0,1,0,0,1,0,1,1,0,0
164971666,0,1,1,0,1,1,1,1,1,1,1,1,1,1,0,0,1,0,1,1,1,0,0,0,1,0,0,1,0,1,1,0,0
165480332,0,1,1,0,1,1,1,1,1,1,1,1,1,1,0,0,1,0,1,1,1,0,0,0,1,0,0,1,0,1,1,0,0
165986390,0,1,1,0,1,1,1,1,1,1,1,1,1,1,0,0,1,0,1,1,1,0,0,0,1,0,0,1,0,1,1,0,0
166496028,0,1,1,0,1,1,1,1,1,1,1,1,1,1,0,0,1,0,1,1,1,0,0,0,1,0,0,1,0,1,1,0,0
167002332,0,1,1,0,1,1,0,1,1,1,1,1,1,1,0,0,1,0,1,1,1,0,0,0,1,0,0,1,0,1,1,0,0
167508334,0,1,1,0,1,1,1,1,1,1,1,1,1,1,0,0,1,0,1,1,1,0,0,0,1,0,0,1,0,1,1,0,0
168008339,0,1,1,0,1,1,1,1,1,1,1,1,1,1,0,0,1,0,1,1,1,0,0,0,1,0,0,1,0,1,1,0,0
168511935,0,1,1,0,1,1,0,1,1,1,1,1,1,1,0,0,1,0,1,1,1,0,0,0,1,0,0,1,0,1,1,0,0
169020336,0,1,1,0,1,1,1,1,1,1,1,1,1,1,0,0,1,0,1,1,1,0,0,0,1,0,0,1,0,1,1,0,0
169526335,0,1,1,0,1,1,1,1,1,1,1,1,1,1,0,0,1,0,1,1,1,0,0,0,1,0,0,1,0,1,1,0,0
170036334,0,1,1,0,1,1,1,1,1,1,1,1,1,1,0,0,1,0,1,1,1,0,0,0,1,0,0,1,0,1,1,0,0
170542346,0,1,1,0,1,1,1,1,1,1,1,1,1,1,0,0,1,0,1,1,1,0,0,0,1,0,0,1,0,1,1,0,0
171052331,0,1,1,0,1,1,1,1,1,1,1,1,1,1,0,0,1,0,1,1,1,0,0,0,1,0,0,1,0,1,1,0,0
171560356,0,1,1,0,1,1,1,1,1,1,1,1,1,1,0,0,1,0,1,1,1,0,0,0,1,0,0,1,0,1,1,0,0
172066361,0,1,1,0,1,1,1,1,1,1,1,1,1,1,0,0,1,0,1,1,1,0,0,0,1,0,0,1,0,1,1,0,0
172566407,0,1,1,0,1,1,1,1,1,1,1,1,1,1,0,0,1,0,1,1,1,0,0,0,1,0,0,1,0,1,1,0,0
173076364,0,1,1,0,1,1,1,1,1,1,1,1,1,1,0,0,1,0,1,1,1,0,0,0,1,0,0,1,0,1,1,0,0
173585363,0,1,1,0,1,1,1,1,1,1,1,1,1,1,0,0,1,0,1,1,1,0,0,0,1,0,0,1,0,1,1,0,0
174091857,0,1,1,0,1,1,1,1,1,1,1,1,1,1,0,0,1,0,1,1,1,0,0,0,1,0,0,1,0,1,1,0,0
174599948,0,1,1,0,1,1,0,1,1,1,1,1,1,1,0,0,1,0,1,1,1,0,0,0,1,0,0,1,0,1,1,0,0
175101363,0,1,1,0,1,1,1,1,1,1,1,1,1,1,0,0,1,0,1,1,1,0,0,0,1,0,0,1,0,1,1,0,0
175603584,0,1,1,0,1,1,1,1,1,1,1,1,1,1,0,0,1,0,1,1,1,0,0,0,1,0,0,1,0,1,1,0,0
176110365,0,1,1,0,1,1,1,1,1,1,1,1,1,1,0,0,1,0,1,1,1,0,0,0,1,0,0,1,0,1,1,0,0
176611361,0,1,1,0,1,1,1,1,1,1,1,1,1,1,0,0,1,0,1,1,1,0,0,0,1,0,0,1,0,1,1,0,0
177111615,0,1,1,0,1,1,1,1,1,1,1,1,1,1,0,0,1,0,1,1,1,0,0,0,1,0,0,1,0,1,1,0,0
177621875,0,1,1,0,1,1,1,1,1,1,1,1,1,1,0,0,1,0,1,1,1,0,0,0,1,0,0,1,0,1,1,0,0
178123836,0,1,1,0,1,1,1,1,1,1,1,1,1,1,0,0,1,0,1,1,1,0,0,0,1,0,0,1,0,1,1,0,0
178634337,0,1,1,0,1,1,1,1,1,1,1,1,1,1,0,0,1,0,1,1,1,0,0,0,1,0,0,1,0,1,1,0,0
179140863,0,1,1,0,1,1,1,1,1,1,1,1,1,1,0,0,1,0,1,1,1,0,0,0,1,0,0,1,0,1,1,0,0
179651330,0,1,1,0,1,1,1,1,1,1,1,1,1,1,0,0,1,0,1,1,1,0,0,0,1,0,0,1,0,1,1,0,0
180160622,0,1,1,0,1,1,1,1,1,1,1,1,1,1,0,0,1,0,1,1,1,0,0,0,1,0,0,1,0,1,1,0,0
180670331,0,1,1,0,1,1,1,1,1,1,1,1,1,1,0,0,1,0,1,1,1,0,0,0,1,0,0,1,0,1,1,0,0
181181332,0,1,1,0,1,1,1,1,1,1,1,1,1,1,0,0,1,0,1,1,1,0,0,0,1,0,0,1,0,1,1,0,0
181691976,0,1,1,0,1,1,1,1,1,1,1,1,1,1,0,0,1,0,1,1,1,0,0,0,1,0,0,1,0,1,1,0,0
182200529,0,1,1,0,1,1,1,1,1,1,1,1,1,1,0,0,1,0,1,1,1,0,0,0,1,0,0,1,0,1,1,0,0
182708480,0,1,1,0,1,1,1,1,1,1,1,1,1,1,0,0,1,0,1,1,1,0,0,0,1,0,0,1,0,1,1,0,0
183216331,0,1,1,0,1,1,1,1,1,1,1,1,1,1,0,0,1,0,1,1,1,0,0,0,1,0,0,1,0,1,1,0,0
183716714,0,1,1,0,1,1,1,1,1,1,1,1,1,1,0,0,1,0,1,1,1,0,0,0,1,0,0,1,0,1,1,0,0
184225336,0,1,1,0,1,1,1,1,1,1,1,1,1,1,0,0,1,0,1,1,1,0,0,0,1,0,0,1,0,1,1,0,0
184727407,0,1,1,0,1,1,0,1,1,1,1,1,1,1,0,0,1,0,1,1,1,0,0,0,1,0,0,1,0,1,1,0,0
185236666,0,1,1,0,1,1,0,1,1,1,1,1,1,1,0,0,1,0,1,1,1,0,0,0,1,0,0,1,0,1,1,0,0
185745331,0,1,1,0,1,1,0,1,1,1,1,1,1,1,0,0,1,0,1,1,1,0,0,0,1,0,0,1,0,1,1,0,0
186253333,0,1,1,0,1,1,0,1,1,1,1,1,1,1,0,0,1,0,1,1,1,0,0,0,1,0,0,1,0,1,1,0,0
186762405,0,1,1,0,1,1,1,1,1,1,1,1,1,1,0,0,1,0,1,1,1,0,0,0,1,0,0,1,0,1,1,0,0
187272149,0,1,1,0,1,1,0,1,1,1,1,1,1,1,0,0,1,0,1,1,1,0,0,0,1,0,0,1,0,1,1,0,0
187780332,0,1,1,0,1,1,1,1,1,1,1,1,1,1,0,0,1,0,1,1,1,0,0,0,1,0,0,1,0,1,1,0,0
188287329,0,1,1,0,1,1,1,1,1,1,1,1,1,1,0,0,1,0,1,1,1,0,0,0,1,0,0,1,0,1,1,0,0
188795673,0,1,1,0,1,1,1,1,1,1,1,1,1,1,0,0,1,0,1,1,1,0,0,0,1,0,0,1,0,1,1,0,0
189305330,0,1,1,0,1,1,1,1,1,1,1,1,1,1,0,0,1,0,1,1,1,0,0,0,1,0,0,1,0,1,1,0,0
189812436,0,1,1,0,1,1,1,1,1,1,1,1,1,1,0,0,1,0,1,1,1,0,0,0,1,0,0,1,0,1,1,0,0
190319333,0,1,1,0,1,1,1,1,1,1,1,1,1,1,0,0,1,0,1,1,1,0,0,0,1,0,0,1,0,1,1,0,0
190827703,0,1,1,0,1,1,0,1,1,1,1,1,1,1,0,0,1,0,1,1,1,0,0,0,1,0,0,1,0,1,1,0,0
191334336,0,1,1,0,1,1,1,1,1,1,1,1,1,1,0,0,1,0,1,1,1,0,0,0,1,0,0,1,0,1,1,0,0
191841199,0,1,1,0,1,1,1,1,1,1,1,1,1,1,0,0,1,0,1,1,1,0,0,0,1,0,0,1,0,1,1,0,0
192348563,0,1,1,0,1,1,0,1,1,1,1,1,1,1,0,0,1,0,1,1,1,0,0,0,1,0,0,1,0,1,1,0,0
192860528,0,1,1,0,1,1,1,1,1,1,1,1,1,1,0,0,1,0,1,1,1,0,0,0,1,0,0,1,0,1,1,0,0
193369332,0,1,1,0,1,1,1,1,1,1,1,1,1,1,0,0,1,0,1,1,1,0,0,0,1,0,0,1,0,1,1,0,0
193877328,0,1,1,0,1,1,1,1,1,1,1,1,1,1,0,0,1,0,1,1,1,0,0,0,1,0,0,1,0,1,1,0,0
194385370,0,1,1,0,1,1,1,1,1,1,1,1,1,1,0,0,1,0,1,1,1,0,0,0,1,0,0,1,0,1,1,0,0
194894347,0,1,1,0,1,1,1,1,1,1,1,1,1,1,0,0,1,0,1,1,1,0,0,0,1,0,0,1,0,1,1,0,0
195403329,0,1,1,0,1,1,1,1,1,1,1,1,1,1,0,0,1,0,1,1,1,0,0,0,1,0,0,1,0,1,1,0,0
195910329,0,1,1,0,1,1,1,1,1,1,1,1,1,1,0,0,1,0,1,1,1,0,0,0,1,0,0,1,0,1,1,0,0
196416947,0,1,1,0,1,1,1,1,1,1,1,1,1,1,0,0,1,0,1,1,1,0,0,0,1,0,0,1,0,1,1,0,0
196924466,0,1,1,0,1,1,0,1,1,1,1,1,1,1,0,0,1,0,1,1,1,0,0,0,1,0,0,1,0,1,1,0,0
197424840,0,1,1,0,1,1,1,1,1,1,1,1,1,1,0,0,1,0,1,1,1,0,0,0,1,0,0,1,0,1,1,0,0
197935953,0,1,1,0,1,1,1,1,1,1,1,1,1,1,0,0,1,0,1,1,1,0,0,0,1,0,0,1,0,1,1,0,0
198443333,0,1,1,0,1,1,0,1,1,1,1,1,1,1,0,0,1,0,1,1,1,0,0,0,1,0,0,1,0,1,1,0,0
198953349,0,1,1,0,1,1,1,1,1,1,1,1,1,1,0,0,1,0,1,1,1,0,0,0,1,0,0,1,0,1,1,0,0
199457341,0,1,1,0,1,1,1,1,1,1,1,1,1,1,0,0,1,0,1,1,1,0,0,0,1,0,0,1,0,1,1,0,0
199966330,0,1,1,0,1,1,1,1,1,1,1,1,1,1,0,0,1,0,1,1,1,0,0,0,1,0,0,1,0,1,1,0,0
200476629,0,1,1,0,1,1,0,1,1,1,1,1,1,1,0,0,1,0,1,1,1,0,0,0,1,0,0,1,0,1,1,0,0
200977331,0,1,1,0,1,1,1,1,1,1,1,1,1,1,0,0,1,0,1,1,1,0,0,0,1,0,0,1,0,1,1,0,0
201488687,0,1,1,0,1,1,1,1,1,1,1,1,1,1,0,0,1,0,1,1,1,0,0,0,1,0,0,1,0,1,1,0,0
201988985,0,1,1,0,1,1,1,1,1,1,1,1,1,1,0,0,1,0,1,1,1,0,0,0,1,0,0,1,0,1,1,0,0
202490364,0,1,1,0,1,1,0,1,1,1,1,1,1,1,0,0,1,0,1,1,1,0,0,0,1,0,0,1,0,1,1,0,0
203001242,0,1,1,0,1,1,0,1,1,1,1,1,1,1,0,0,1,0,1,1,1,0,0,0,1,0,0,1,0,1,1,0,0
203511333,0,1,1,0,1,1,1,1,1,1,1,1,1,1,0,0,1,0,1,1,1,0,0,0,1,0,0,1,0,1,1,0,0
204021330,0,1,1,0,1,1,1,1,1,1,1,1,1,1,0,0,1,0,1,1,1,0,0,0,1,0,0,1,0,1,1,0,0
204530350,0,1,1,0,1,1,0,1,1,1,1,1,1,1,0,0,1,0,1,1,1,0,0,0,1,0,0,1,0,1,1,0,0
205041331,0,1,1,0,1,1,1,1,1,1,1,1,1,1,0,0,1,0,1,1,1,0,0,0,1,0,0,1,0,1,1,0,0
205542331,0,1,1,0,1,1,1,1,1,1,1,1,1,1,0,0,1,0,1,1,1,0,0,0,1,0,0,1,0,1,1,0,0
206050331,0,1,1,0,1,1,1,1,1,1,1,1,1,1,0,0,1,0,1,1,1,0,0,0,1,0,0,1,0,1,1,0,0
206561362,0,1,1,0,1,1,1,1,1,1,1,1,1,1,0,0,1,0,1,1,1,0,0,0,1,0,0,1,0,1,1,0,0
207071378,0,1,1,0,1,1,0,1,1,1,1,1,1,1,0,0,1,0,1,1,1,0,0,0,1,0,0,1,0,1,1,0,0
207575335,0,1,1,0,1,1,0,1,1,1,1,1,1,1,0,0,1,0,1,1,1,0,0,0,1,0,0,1,0,1,1,0,0
208085386,0,1,1,0,1,1,1,1,1,1,1,1,1,1,0,0,1,0,1,1,1,0,0,0,1,0,0,1,0,1,1,0,0
208595373,0,1,1,0,1,1,1,1,1,1,1,1,1,1,0,0,1,0,1,1,1,0,0,0,1,0,0,1,0,1,1,0,0
209105335,0,1,1,0,1,1,1,1,1,1,1,1,1,1,0,0,1,0,1,1,1,0,0,0,1,0,0,1,0,1,1,0,0
209613007,0,1,1,0,1,1,1,1,1,1,1,1,1,1,0,0,1,0,1,1,1,0,0,0,1,0,0,1,0,1,1,0,0
210119329,0,1,1,0,1,1,1,1,1,1,1,1,1,1,0,0,1,0,1,1,1,0,0,0,1,0,0,1,0,1,1,0,0
210626336,0,1,1,0,1,1,1,1,1,1,1,1,1,1,0,0,1,0,1,1,1,0,0,0,1,0,0,1,0,1,1,0,0
211137347,0,1,1,0,1,1,1,1,1,1,1,1,1,1,0,0,1,0,1,1,1,0,0,0,1,0,0,1,0,1,1,0,0
211647369,0,1,1,0,1,1,1,1,1,1,1,1,1,1,0,0,1,0,1,1,1,0,0,0,1,0,0,1,0,1,1,0,0
212155331,0,1,1,0,1,1,1,1,1,1,1,1,1,1,0,0,1,0,1,1,1,0,0,0,1,0,0,1,0,1,1,0,0
212665437,0,1,1,0,1,1,1,1,1,1,1,1,1,1,0,0,1,0,1,1,1,0,0,0,1,0,0,1,0,1,1,0,0
213171333,0,1,1,0,1,1,1,1,1,1,1,1,1,1,0,0,1,0,1,1,1,0,0,0,1,0,0,1,0,1,1,0,0
213681133,0,1,1,0,1,1,1,1,1,1,1,1,1,1,0,0,1,0,1,1,1,0,0,0,1,0,0,1,0,1,1,0,0
214188400,0,1,1,0,1,1,1,1,1,1,1,1,1,1,0,0,1,0,1,1,1,0,0,0,1,0,0,1,0,1,1,0,0
214697331,0,1,1,0,1,1,1,1,1,1,1,1,1,1,0,0,1,0,1,1,1,0,0,0,1,0,0,1,0,1,1,0,0
215204739,0,1,1,0,1,1,1,1,1,1,1,1,1,1,0,0,1,0,1,1,1,0,0,0,1,0,0,1,0,1,1,0,0
215713331,0,1,1,0,1,1,1,1,1,1,1,1,1,1,0,0,1,0,1,1,1,0,0,0,1,0,0,1,0,1,1,0,0
216221331,0,1,1,0,1,1,1,1,1,1,1,1,1,1,0,0,1,0,1,1,1,0,0,0,1,0,0,1,0,1,1,0,0
216731334,0,1,1,0,1,1,1,1,1,1,1,1,1,1,0,0,1,0,1,1,1,0,0,0,1,0,0,1,0,1,1,0,0
217240400,0,1,1,0,1,1,1,1,1,1,1,1,1,1,0,0,1,0,1,1,1,0,0,0,1,0,0,1,0,1,1,0,0
217746361,0,1,1,0,1,1,1,1,1,1,1,1,1,1,0,0,1,0,1,1,1,0,0,0,1,0,0,1,0,1,1,0,0
218254364,0,1,1,0,1,1,1,1,1,1,1,1,1,1,0,0,1,0,1,1,1,0,0,0,1,0,0,1,0,1,1,0,0
218755331,0,1,1,0,1,1,1,1,1,1,1,1,1,1,0,0,1,0,1,1,1,0,0,0,1,0,0,1,0,1,1,0,0
219262332,0,1,1,0,1,1,1,1,1,1,1,1,1,1,0,0,1,0,1,1,1,0,0,0,1,0,0,1,0,1,1,0,0
219769742,0,1,1,0,1,1,1,1,1,1,1,1,1,1,0,0,1,0,1,1,1,0,0,0,1,0,0,1,0,1,1,0,0
220278389,0,1,1,0,1,1,0,1,1,1,1,1,1,1,0,0,1,0,1,1,1,0,0,0,1,0,0,1,0,1,1,0,0
220786331,0,1,1,0,1,1,1,1,1,1,1,1,1,1,0,0,1,0,1,1,1,0,0,0,1,0,0,1,0,1,1,0,0
221293570,0,1,1,0,1,1,0,1,1,1,1,1,1,1,0,0,1,0,1,1,1,0,0,0,1,0,0,1,0,1,1,0,0
221802123,0,1,1,0,1,1,1,1,1,1,1,1,1,1,0,0,1,0,1,1,1,0,0,0,1,0,0,1,0,1,1,0,0
222302220,0,1,1,0,1,1,1,1,1,1,1,1,1,1,0,0,1,0,1,1,1,0,0,0,1,0,0,1,0,1,1,0,0
222811330,0,1,1,0,1,1,1,1,1,1,1,1,1,1,0,0,1,0,1,1,1,0,0,0,1,0,0,1,0,1,1,0,0
223314362,0,1,1,0,1,1,1,1,1,1,1,1,1,1,0,0,1,0,1,1,1,0,0,0,1,0,0,1,0,1,1,0,0
223823330,0,1,1,0,1,1,1,1,1,1,1,1,1,1,0,0,1,0,1,1,1,0,0,0,1,0,0,1,0,1,1,0,0
224331382,0,1,1,0,1,1,1,1,1,1,1,1,1,1,0,0,1,0,1,1,1,0,0,0,1,0,0,1,0,1,1,0,0
224838361,0,1,1,0,1,1,1,1,1,1,1,1,1,1,0,0,1,0,1,1,1,0,0,0,1,0,0,1,0,1,1,0,0
225344328,0,1,1,0,1,1,1,1,1,1,1,1,1,1,0,0,1,0,1,1,1,0,0,0,1,0,0,1,0,1,1,0,0
225854379,0,1,1,0,1,1,0,1,1,1,1,1,1,1,0,0,1,0,1,1,1,0,0,0,1,0,0,1,0,1,1,0,0
226362370,0,1,1,0,1,1,1,1,1,1,1,1,1,1,0,0,1,0,1,1,1,0,0,0,1,0,0,1,0,1,1,0,0
226864363,0,1,1,0,1,1,1,1,1,1,1,1,1,1,0,0,1,0,1,1,1,0,0,0,1,0,0,1,0,1,1,0,0
227370365,0,1,1,0,1,1,1,1,1,1,1,1,1,1,0,0,1,0,1,1,1,0,0,0,1,0,0,1,0,1,1,0,0
227880375,0,1,1,0,1,1,1,1,1,1,1,1,1,1,0,0,1,0,1,1,1,0,0,0,1,0,0,1,0,1,1,0,0
228391379,0,1,1,0,1,1,1,1,1,1,1,1,1,1,0,0,1,0,1,1,1,0,0,0,1,0,0,1,0,1,1,0,0
228903127,0,1,1,0,1,1,0,1,1,1,1,1,1,1,0,0,1,0,1,1,1,0,0,0,1,0,0,1,0,1,1,0,0
229413975,0,1,1,0,1,1,1,1,1,1,1,1,1,1,0,0,1,0,1,1,1,0,0,0,1,0,0,1,0,1,1,0,0
229914364,0,1,1,0,1,1,1,1,1,1,1,1,1,1,0,0,1,0,1,1,1,0,0,0,1,0,0,1,0,1,1,0,0
230423330,0,1,1,0,1,1,1,1,1,1,1,1,1,1,0,0,1,0,1,1,1,0,0,0,1,0,0,1,0,1,1,0,0
230926660,0,1,1,0,1,1,1,1,1,1,1,1,1,1,0,0,1,0,1,1,1,0,0,0,1,0,0,1,0,1,1,0,0
231431337,0,1,1,0,1,1,1,1,1,1,1,1,1,1,0,0,1,0,1,1,1,0,0,0,1,0,0,1,0,1,1,0,0
231941740,0,1,1,0,1,1,1,1,1,1,1,1,1,1,0,0,1,0,1,1,1,0,0,0,1,0,0,1,0,1,1,0,0
232450331,0,1,1,0,1,1,1,1,1,1,1,1,1,1,0,0,1,0,1,1,1,0,0,0,1,0,0,1,0,1,1,0,0
232958481,0,1,1,0,1,1,0,1,1,1,1,1,1,1,0,0,1,0,1,1,1,0,0,0,1,0,0,1,0,1,1,0,0
233469354,0,1,1,0,1,1,1,1,1,1,1,1,1,1,0,0,1,0,1,1,1,0,0,0,1,0,0,1,0,1,1,0,0
233978334,0,1,1,0,1,1,1,1,1,1,1,1,1,1,0,0,1,0,1,1,1,0,0,0,1,0,0,1,0,1,1,0,0
234487385,0,1,1,0,1,1,0,1,1,1,1,1,1,1,0,0,1,0,1,1,1,0,0,0,1,0,0,1,0,1,1,0,0
234998527,0,1,1,0,1,1,0,1,1,1,1,1,1,1,0,0,1,0,1,1,1,0,0,0,1,0,0,1,0,1,1,0,0
235506331,0,1,1,0,1,1,1,1,1,1,1,1,1,1,0,0,1,0,1,1,1,0,0,0,1,0,0,1,0,1,1,0,0
236006456,0,1,1,0,1,1,1,1,1,1,1,1,1,1,0,0,1,0,1,1,1,0,0,0,1,0,0,1,0,1,1,0,0
236514412,0,1,1,0,1,1,1,1,1,1,1,1,1,1,0,0,1,0,1,1,1,0,0,0,1,0,0,1,0,1,1,0,0
237022566,0,1,1,0,1,1,1,1,1,1,1,1,1,1,0,0,1,0,1,1,1,0,0,0,1,0,0,1,0,1,1,0,0
237528367,0,1,1,0,1,1,1,1,1,1,1,1,1,1,0,0,1,0,1,1,1,0,0,0,1,0,0,1,0,1,1,0,0
238038331,0,1,1,0,1,1,1,1,1,1,1,1,1,1,0,0,1,0,1,1,1,0,0,0,1,0,0,1,0,1,1,0,0
238546846,0,1,1,0,1,1,1,1,1,1,1,1,1,1,0,0,1,0,1,1,1,0,0,0,1,0,0,1,0,1,1,0,0
239047169,0,1,1,0,1,1,1,1,1,1,1,1,1,1,0,0,1,0,1,1,1,0,0,0,1,0,0,1,0,1,1,0,0
239554044,0,1,1,0,1,1,1,1,1,1,1,1,1,1,0,0,1,0,1,1,1,0,0,0,1,0,0,1,0,1,1,0,0
240060370,0,1,1,0,1,1,1,1,1,1,1,1,1,1,0,0,1,0,1,1,1,0,0,0,1,0,0,1,0,1,1,0,0
240568332,0,1,1,0,1,1,1,1,1,1,1,1,1,1,0,0,1,0,1,1,1,0,0,0,1,0,0,1,0,1,1,0,0
241076333,0,1,1,0,1,1,1,1,1,1,1,1,1,1,0,0,1,0,1,1,1,0,0,0,1,0,0,1,0,1,1,0,0
241583334,0,1,1,0,1,1,1,1,1,1,1,1,1,1,0,0,1,0,1,1,1,0,0,0,1,0,0,1,0,1,1,0,0
242090373,0,1,1,0,1,1,1,1,1,1,1,1,1,1,0,0,1,0,1,1,1,0,0,0,1,0,0,1,0,1,1,0,0
242597332,0,1,1,0,1,1,0,1,1,1,1,1,1,1,0,0,1,0,1,1,1,0,0,0,1,0,0,1,0,1,1,0,0
243104330,0,1,1,0,1,1,1,1,1,1,1,1,1,1,0,0,1,0,1,1,1,0,0,0,1,0,0,1,0,1,1,0,0
243611332,0,1,1,0,1,1,1,1,1,1,1,1,1,1,0,0,1,0,1,1,1,0,0,0,1,0,0,1,0,1,1,0,0
244119127,0,1,1,0,1,1,1,1,1,1,1,1,1,1,0,0,1,0,1,1,1,0,0,0,1,0,0,1,0,1,1,0,0
244624378,0,1,1,0,1,1,1,1,1,1,1,1,1,1,0,0,1,0,1,1,1,0,0,0,1,0,0,1,0,1,1,0,0
245130894,0,1,1,0,1,1,1,1,1,1,1,1,1,1,0,0,1,0,1,1,1,0,0,0,1,0,0,1,0,1,1,0,0
245637331,0,1,1,0,1,1,1,1,1,1,1,1,1,1,0,0,1,0,1,1,1,0,0,0,1,0,0,1,0,1,1,0,0
246137366,0,1,1,0,1,1,1,1,1,1,1,1,1,1,0,0,1,0,1,1,1,0,0,0,1,0,0,1,0,1,1,0,0
246645332,0,1,1,0,1,1,0,1,1,1,1,1,1,1,0,0,1,0,1,1,1,0,0,0,1,0,0,1,0,1,1,0,0
247147338,0,1,1,0,1,1,1,1,1,1,1,1,1,1,0,0,1,0,1,1,1,0,0,0,1,0,0,1,0,1,1,0,0
247654368,0,1,1,0,1,1,1,1,1,1,1,1,1,1,0,0,1,0,1,1,1,0,0,0,1,0,0,1,0,1,1,0,0
248164364,0,1,1,0,1,1,0,1,1,1,1,1,1,1,0,0,1,0,1,1,1,0,0,0,1,0,0,1,0,1,1,0,0
248672363,0,1,1,0,1,1,1,1,1,1,1,1,1,1,0,0,1,0,1,1,1,0,0,0,1,0,0,1,0,1,1,0,0
249179379,0,1,1,0,1,1,1,1,1,1,1,1,1,1,0,0,1,0,1,1,1,0,0,0,1,0,0,1,0,1,1,0,0
249686782,0,1,1,0,1,1,1,1,1,1,1,1,1,1,0,0,1,0,1,1,1,0,0,0,1,0,0,1,0,1,1,0,0
250197331,0,1,1,0,1,1,1,1,1,1,1,1,1,1,0,0,1,0,1,1,1,0,0,0,1,0,0,1,0,1,1,0,0
250704330,0,1,1,0,1,1,1,1,1,1,1,1,1,1,0,0,1,0,1,1,1,0,0,0,1,0,0,1,0,1,1,0,0
251205332,0,1,1,0,1,1,1,1,1,1,1,1,1,1,0,0,1,0,1,1,1,0,0,0,1,0,0,1,0,1,1,0,0
251714715,0,1,1,0,1,1,1,1,1,1,1,1,1,1,0,0,1,0,1,1,1,0,0,0,1,0,0,1,0,1,1,0,0
252223332,0,1,1,0,1,1,1,1,1,1,1,1,1,1,0,0,1,0,1,1,1,0,0,0,1,0,0,1,0,1,1,0,0
252731418,0,1,1,0,1,1,1,1,1,1,1,1,1,1,0,0,1,0,1,1,1,0,0,0,1,0,0,1,0,1,1,0,0
253241367,0,1,1,0,1,1,1,1,1,1,1,1,1,1,0,0,1,0,1,1,1,0,0,0,1,0,0,1,0,1,1,0,0
253743483,0,1,1,0,1,1,1,1,1,1,1,1,1,1,0,0,1,0,1,1,1,0,0,0,1,0,0,1,0,1,1,0,0
254253331,0,1,1,0,1,1,0,1,1,1,1,1,1,1,0,0,1,0,1,1,1,0,0,0,1,0,0,1,0,1,1,0,0
254762897,0,1,1,0,1,1,1,1,1,1,1,1,1,1,0,0,1,0,1,1,1,0,0,0,1,0,0,1,0,1,1,0,0
255272386,0,1,1,0,1,1,1,1,1,1,1,1,1,1,0,0,1,0,1,1,1,0,0,0,1,0,0,1,0,1,1,0,0
255775376,0,1,1,0,1,1,1,1,1,1,1,1,1,1,0,0,1,0,1,1,1,0,0,0,1,0,0,1,0,1,1,0,0
256277329,0,1,1,0,1,1,1,1,1,1,1,1,1,1,0,0,1,0,1,1,1,0,0,0,1,0,0,1,0,1,1,0,0
256786982,0,1,1,0,1,1,1,1,1,1,1,1,1,1,0,0,1,0,1,1,1,0,0,0,1,0,0,1,0,1,1,0,0
257295331,0,1,1,0,1,1,1,1,1,1,1,1,1,1,0,0,1,0,1,1,1,0,0,0,1,0,0,1,0,1,1,0,0
257805372,0,1,1,0,1,1,0,1,1,1,1,1,1,1,0,0,1,0,1,1,1,0,0,0,1,0,0,1,0,1,1,0,0
258311361,0,1,1,0,1,1,1,1,1,1,1,1,1,1,0,0,1,0,1,1,1,0,0,0,1,0,0,1,0,1,1,0,0
258820375,0,1,1,0,1,1,1,1,1,1,1,1,1,1,0,0,1,0,1,1,1,0,0,0,1,0,0,1,0,1,1,0,0
259329337,0,1,1,0,1,1,1,1,1,1,1,1,1,1,0,0,1,0,1,1,1,0,0,0,1,0,0,1,0,1,1,0,0
259839136,0,1,1,0,1,1,1,1,1,1,1,1,1,1,0,0,1,0,1,1,1,0,0,0,1,0,0,1,0,1,1,0,0
260345329,0,1,1,0,1,1,0,1,1,1,1,1,1,1,0,0,1,0,1,1,1,0,0,0,1,0,0,1,0,1,1,0,0
260848332,0,1,1,0,1,1,1,1,1,1,1,1,1,1,0,0,1,0,1,1,1,0,0,0,1,0,0,1,0,1,1,0,0
261355660,0,1,1,0,1,1,1,1,1,1,1,1,1,1,0,0,1,0,1,1,1,0,0,0,1,0,0,1,0,1,1,0,0
261859365,0,1,1,0,1,1,0,1,1,1,1,1,1,1,0,0,1,0,1,1,1,0,0,0,1,0,0,1,0,1,1,0,0
262363325,0,1,1,0,1,1,1,1,1,1,1,1,1,1,0,0,1,0,1,1,1,0,0,0,1,0,0,1,0,1,1,0,0
262863824,0,1,1,0,1,1,1,1,1,1,1,1,1,1,0,0,1,0,1,1,1,0,0,0,1,0,0,1,0,1,1,0,0
263371028,0,1,1,0,1,1,1,1,1,1,1,1,1,1,0,0,1,0,1,1,1,0,0,0,1,0,0,1,0,1,1,0,0
263871329,0,1,1,0,1,1,1,1,1,1,1,1,1,1,0,0,1,0,1,1,1,0,0,0,1,0,0,1,0,1,1,0,0
264375332,0,1,1,0,1,1,1,1,1,1,1,1,1,1,0,0,1,0,1,1,1,0,0,0,1,0,0,1,0,1,1,0,0
264883585,0,1,1,0,1,1,1,1,1,1,1,1,1,1,0,0,1,0,1,1,1,0,0,0,1,0,0,1,0,1,1,0,0
265390349,0,1,1,0,1,1,1,1,1,1,1,1,1,1,0,0,1,0,1,1,1,0,0,0,1,0,0,1,0,1,1,0,0
265898978,0,1,1,0,1,1,1,1,1,1,1,1,1,1,0,0,1,0,1,1,1,0,0,0,1,0,0,1,0,1,1,0,0
266406684,0,1,1,0,1,1,1,1,1,1,1,1,1,1,0,0,1,0,1,1,1,0,0,0,1,0,0,1,0,1,1,0,0
266913331,0,1,1,0,1,1,1,1,1,1,1,1,1,1,0,0,1,0,1,1,1,0,0,0,1,0,0,1,0,1,1,0,0
267420331,0,1,1,0,1,1,1,1,1,1,1,1,1,1,0,0,1,0,1,1,1,0,0,0,1,0,0,1,0,1,1,0,0
267927470,0,1,1,0,1,1,1,1,1,1,1,1,1,1,0,0,1,0,1,1,1,0,0,0,1,0,0,1,0,1,1,0,0
268396648,0,1,1,0,1,1,1,1,1,1,1,1,1,1,0,0,1,0,1,1,1,0,0,0,1,0,0,1,0,1,1,0,0
268409104,0,1,1,0,1,1,1,1,1,1,1,1,1,1,0,0,1,0,1,1,1,0,0,0,1,0,0,1,0,1,1,0,0
268916422,0,1,1,0,1,1,1,1,1,1,1,1,1,1,0,0,1,0,1,1,1,0,0,0,1,0,0,1,0,1,1,0,0
