timestamp,timestamp_sample,device_id,magnetometer_ga[0],magnetometer_ga[1],magnetometer_ga[2],calibration_count
26161593,26151085,197388,0.28713676,-0.03683363,0.46366677,0
26182963,26173580,197388,0.2765536,-0.022093773,0.48678637,0
26673249,26663065,197388,0.2782883,-0.044523433,0.469163,0
27157611,27149228,197388,0.30153862,-0.025857434,0.45613214,0
27669372,27659253,197388,0.27928254,-0.03519806,0.47070986,0
28165603,28155453,197388,0.30637416,-0.011891732,0.46623322,0
28661139,28647602,197388,0.278134,-0.01372187,0.4891495,0
29169309,29158968,197388,0.28029403,-0.03318844,0.47622013,0
29649701,29631395,197388,0.28806004,0.0014217101,0.4964566,0
30163076,30146991,197388,0.26932284,-0.040148277,0.4509918,0
30654862,30645599,197388,0.2774319,-0.026487365,0.43148145,0
31170349,31161370,197388,0.28637758,-0.021238586,0.47077003,0
31658207,31649336,197388,0.26323637,-0.026756791,0.45306784,0
32158735,32147339,197388,0.28153077,-0.020815525,0.49827123,0
32657852,32647503,197388,0.27244815,-0.011806754,0.45086992,0
33174887,33163705,197388,0.26712838,-0.04170616,0.44522077,0
33662609,33653609,197388,0.26837063,-0.04039414,0.46370602,0
34167602,34157990,197388,0.2839699,-0.038413852,0.4503866,0
34662501,34651747,197388,0.28452858,-0.014548856,0.48023158,0
35158846,35149945,197388,0.2828273,-0.053946108,0.47462645,0
35673988,35663261,197388,0.28298745,-0.014552521,0.44530103,0
36170035,36159581,197388,0.28650913,-0.03526572,0.48253864,0
36670622,36661546,197388,0.2854572,-0.011752332,0.47008562,0
37158614,37147618,197388,0.267461,0.0049985256,0.46365926,0
37670893,37661780,197388,0.28885016,-0.010083533,0.44273296,0
38162400,38153963,197388,0.26690695,-0.009391689,0.4493341,0
38662494,38652044,197388,0.27300674,-0.033236373,0.44401282,0
39166197,39155842,197388,0.27181372,-0.04195371,0.43595237,0
39663017,39651901,197388,0.23921494,-0.042723946,0.4573788,0
40175129,40164102,197388,0.28959477,-0.021920577,0.46639597,0
40662060,40651917,197388,0.28884852,-0.0033764446,0.44548795,0
41157783,41147522,197388,0.24511205,-0.027027449,0.46509847,0
41674457,41660358,197388,0.28975067,-0.020574395,0.4514948,0
42167165,42158028,197388,0.27012116,-0.025099246,0.46167514,0
42655220,42646126,197388,0.26407167,-0.015181369,0.45509085,0
43162588,43154240,197388,0.28610206,-0.05140231,0.47228104,0
43674756,43663881,197388,0.2625737,-0.037031695,0.4501598,0
44174778,44164297,197388,0.28713804,-0.019776829,0.45546526,0
44671022,44659964,197388,0.28811193,-0.020920731,0.45915848,0
45170679,45162182,197388,0.29461557,-0.044550713,0.4830632,0
45674515,45665989,197388,0.2878774,-0.03659443,0.48606512,0
46170243,46160010,197388,0.27474833,-0.028430521,0.4622705,0
46662512,46655881,197388,0.27045846,-0.015874319,0.47998047,0
47155328,47144274,197388,0.2742662,-0.0041998792,0.45431253,0
47662553,47654248,197388,0.284671,-0.037023824,0.4575207,0
48167595,48158248,197388,0.28473055,-0.038423408,0.45747232,0
48674714,48664053,197388,0.28769752,-0.041826468,0.45751756,0
49166829,49156011,197388,0.28292906,-0.05006824,0.4719376,0
49670892,49662112,197388,0.31190267,-0.057850834,0.47045276,0
50167186,50158350,197388,0.28299245,-0.027057609,0.44931266,0
50655420,50646213,197388,0.26151243,-0.061184812,0.43095788,0
51175505,51166522,197388,0.27742276,-0.05559597,0.4524645,0
51655149,51644388,197388,0.2744723,-0.042563953,0.46917266,0
52155261,52144391,197388,0.27702653,-0.01699515,0.4666544,0
52667382,52656385,197388,0.26775068,-0.042996317,0.47334275,0
53167616,53156021,197388,0.26346058,-0.057998046,0.47536355,0
53666745,53657235,197388,0.28651077,-0.0485906,0.45428103,0
54159121,54148356,197388,0.29958254,-0.055061713,0.46606624,0
54670799,54658936,197388,0.26608446,-0.057754833,0.4645512,0
55163534,55154414,197388,0.28922963,-0.044091407,0.4714714,0
55655935,55643964,197388,0.2722762,-0.0363476,0.45500764,0
56175742,56166437,197388,0.3091379,-0.053430866,0.477308,0
56667746,56658392,197388,0.29704317,-0.023699798,0.4695433,0
57167256,57156159,197388,0.27743345,-0.02367585,0.4623822,0
57660343,57650421,197388,0.2923911,-0.029035542,0.46926615,0
58159078,58148596,197388,0.27788937,-0.03410442,0.47970375,0
58671151,58662305,197388,0.2623814,-0.034971472,0.46136448,0
59159765,59150601,197388,0.28510663,-0.030772662,0.46943808,0
59658927,59648376,197388,0.2970788,-0.036528327,0.45273325,0
60164082,60154661,197388,0.2817451,-0.015186967,0.46550322,0
60655861,60646603,197388,0.27183744,-0.0406682,0.481735,0
61171827,61160639,197388,0.3174826,-0.01800209,0.50168127,0
61670651,61660427,197388,0.29427636,-0.025877608,0.47439486,0
62156014,62144855,197388,0.29856363,-0.04974729,0.47192237,0
62670610,62660418,197388,0.28363276,-0.016295047,0.47862828,0
63171443,63160546,197388,0.256749,-0.037657037,0.4827912,0
63675168,63664664,197388,0.28345364,-0.037509732,0.4722367,0
64163071,64154716,197388,0.26613098,-0.02100074,0.47190395,0
64657518,64646826,197388,0.28929868,-0.03551836,0.494728,0
65164746,65155223,197388,0.2868703,-0.028083423,0.48009506,0
65663455,65654969,197388,0.26940265,-0.008897213,0.48189768,0
66171963,66160821,197388,0.3078367,-0.010650843,0.46754405,0
66671116,66662604,197388,0.2781102,-0.047371116,0.4431714,0
67159990,67149010,197388,0.28551593,-0.031422164,0.4618854,0
67671541,67660899,197388,0.2764581,-0.04476541,0.46791083,0
68159843,68148987,197388,0.28356332,-0.027691428,0.47814673,0
68667013,68658840,197388,0.28353664,-0.033758864,0.47195244,0
69175535,69166938,197388,0.28427723,-0.0074929707,0.48514086,0
69668036,69657117,197388,0.29936266,-0.02043105,0.4425505,0
70175431,70164929,197388,0.2801643,-0.005645089,0.50565946,0
70668358,70658813,197388,0.26836556,-0.0072849626,0.4765494,0
71167522,71157245,197388,0.26438835,-0.03331474,0.4644156,0
71659886,71649035,197388,0.27177584,-0.031645425,0.46891135,0
72167564,72158922,197388,0.3609605,-0.096196085,0.41974646,0
72671257,72661239,197388,0.39793345,-0.07157233,0.3508218,0
73160251,73151321,197388,0.41961914,-0.048258495,0.34819445,0
73663793,73655320,197388,0.40317652,-0.053802937,0.39379033,0
74171932,74163311,197388,0.31609136,-0.055844404,0.45244142,0
74655648,74645231,197388,0.34246358,-0.06984082,0.43742663,0
75171136,75161029,197388,0.32176185,-0.09469422,0.42433274,0
75651992,75643444,197388,0.3276279,-0.056074526,0.4360201,0
76163874,76153503,197388,0.33572066,-0.04365362,0.42521334,0
76668078,76657134,197388,0.31639448,-0.03820568,0.42195034,0
77168322,77157405,197388,0.32412136,-0.06483507,0.43898308,0
77667330,77657122,197388,0.2877475,-0.079119705,0.4427794,0
78168346,78157217,197388,0.2936867,-0.050251894,0.4610119,0
78664267,78655067,197388,0.31460336,-0.06450895,0.4447193,0
79159518,79149282,197388,0.31262398,-0.053426847,0.4350576,0
79664523,79655461,197388,0.33148205,-0.034491196,0.43977386,0
80176563,80167440,197388,0.31758592,-0.059744265,0.42832312,0
80664165,80654347,197388,0.33747232,-0.068566255,0.4565997,0
81156589,81145581,197388,0.31552732,-0.052602045,0.44663796,0
81668218,81659363,197388,0.31142545,-0.04795128,0.47903714,0
82168405,82157423,197388,0.31892085,-0.042417627,0.45145762,0
82671273,82661414,197388,0.33166787,-0.030419648,0.4412856,0
83176189,83165567,197388,0.3179626,-0.056775354,0.43446934,0
83652780,83643633,197388,0.32996735,-0.045837082,0.44680005,0
84175994,84165263,197388,0.302653,-0.047221016,0.43241584,0
84664214,84653709,197388,0.31509385,-0.046303995,0.42434853,0
85157094,85147534,197388,0.35726795,-0.08046714,0.42148,0
85665091,85653754,197388,0.34885114,-0.05601227,0.43137106,0
86171814,86161547,197388,0.32928175,-0.056745194,0.45059904,0
86667488,86657358,197388,0.32696593,-0.06934532,0.4615034,0
87157447,87148101,197388,0.326081,-0.03647175,0.4387374,0
87661038,87651687,197388,0.31290308,-0.034361057,0.44776756,0
88163642,88150203,197388,0.34290016,-0.0481327,0.4625315,0
88660292,88649770,197388,0.31306654,-0.054032084,0.46658784,0
89173198,89163481,197388,0.33842048,-0.02792562,0.44710708,0
89652292,89641910,197388,0.3106963,-0.049750414,0.43877947,0
90163993,90153886,197388,0.3245753,-0.053599924,0.46634898,0
90671966,90663541,197388,0.32276717,-0.053452015,0.43744302,0
91164201,91154305,197388,0.3277715,-0.035377707,0.46794444,0
91676583,91666076,197388,0.3287175,-0.044069894,0.44767612,0
92173167,92163971,197388,0.33201313,-0.06313133,0.42667317,0
92676544,92665637,197388,0.33055407,-0.054012813,0.47328243,0
93159930,93149509,197388,0.31811246,-0.0461518,0.44027218,0
93656956,93648070,197388,0.33053866,-0.04002483,0.46144652,0
94168535,94158103,197388,0.31763333,-0.06495103,0.45972997,0
94668566,94656552,197388,0.33892664,-0.060273167,0.44918147,0
95176501,95164710,197388,0.32983145,-0.04530066,0.48245344,0
95668620,95658153,197388,0.3302735,-0.04988245,0.4364462,0
96160417,96149980,197388,0.29248604,-0.05605784,0.47546503,0
96665006,96654164,197388,0.23855472,-0.050580077,0.49956736,0
97161179,97152063,197388,0.23340409,-0.05040912,0.5356805,0
97672646,97662168,197388,0.24598214,-0.0717667,0.5067012,0
98160894,98150375,197388,0.27337587,-0.06262955,0.49310374,0
98673226,98664295,197388,0.27345484,-0.045864996,0.49131066,0
99174839,99163986,197388,0.20515409,-0.06340092,0.51377445,0
99672248,99661775,197388,0.16056162,-0.21984415,0.51688874,0
100160779,100152150,197388,0.14951402,-0.27459306,0.46778485,0
100658544,100648196,197388,0.19667399,-0.29112765,0.43556267,0
101164661,101156363,197388,0.094207525,-0.28867325,0.45858938,0
101660704,101650259,197388,0.08591209,-0.288536,0.48195857,0
102172859,102164356,197388,0.10885453,-0.28830105,0.4661553,0
102676426,102666229,197388,0.11025795,-0.3050524,0.46593365,0
103177202,103166230,197388,0.101934195,-0.28024295,0.47064322,0
103664341,103654240,197388,0.111354195,-0.2727284,0.4667918,0
104156401,104146195,197388,0.090571135,-0.2531144,0.4688121,0
104657500,104648435,197388,0.12004385,-0.26176637,0.4585095,0
105172917,105162132,197388,0.1149128,-0.26895717,0.47262496,0
105668489,105658103,197388,0.11298889,-0.27287996,0.47936225,0
106165674,106155208,197388,0.12607738,-0.26733756,0.46179813,0
106669464,106658495,197388,0.102009974,-0.29201978,0.48170215,0
107169349,107158362,197388,0.098617725,-0.29420125,0.47066742,0
107673144,107662569,197388,0.12217592,-0.27803367,0.48146352,0
108172857,108162461,197388,0.10621449,-0.28110898,0.4638965,0
108665478,108654690,197388,0.1256023,-0.2791961,0.47109613,0
109176587,109167310,197388,0.1235029,-0.25911838,0.4717031,0
109672513,109664305,197388,0.079205014,-0.27671096,0.47125673,0
110160545,110150459,197388,0.09514126,-0.27470988,0.46860573,0
110661922,110652367,197388,0.090903305,-0.30330357,0.43820402,0
111173355,111164515,197388,0.07132971,-0.26857564,0.4959037,0
111661008,111652319,197388,0.11511352,-0.26563603,0.47861576,0
112157446,112148585,197388,0.103271484,-0.2774075,0.45948204,0
112668960,112658701,197388,0.09615644,-0.31350607,0.46203232,0
113177421,113166824,197388,0.08051558,-0.27903253,0.4614421,0
113676703,113666549,197388,0.09031451,-0.28054094,0.47846127,0
114169201,114160364,197388,0.07898395,-0.2952334,0.46794683,0
114668982,114658440,197388,0.0749373,-0.29017,0.48257023,0
115165277,115156551,197388,0.10966835,-0.26896116,0.46368924,0
115661073,115650874,197388,0.016356539,-0.2297996,0.47584587,0
116173936,116162883,197388,-0.057698738,-0.26590228,0.5005989,0
116661409,116650358,197388,-0.014140448,-0.26152185,0.49624848,0
117163436,117151127,197388,0.024276605,-0.27867606,0.479797,0
117665115,117654728,197388,0.03870737,-0.2782939,0.48145515,0
118153247,118144707,197388,0.053531397,-0.27926522,0.47603676,0
118665291,118654672,197388,0.07291862,-0.23834471,0.48962814,0
119165428,119156836,197388,0.04186223,-0.26851007,0.471236,0
119669227,119658844,197388,0.1540352,-0.2304171,0.45225748,0
120173713,120162827,197388,0.2778662,-0.08022913,0.46925554,0
120677882,120667016,197388,0.3436298,0.07493,0.4424708,0
121165605,121157046,197388,0.2657442,0.21153818,0.4505336,0
121673725,121663161,197388,0.20859486,0.1953464,0.43715653,0
122160992,122150689,197388,0.31240183,0.099848986,0.46777305,0
122664792,122651272,197388,0.30403417,0.008325469,0.45977533,0
123173662,123163254,197388,0.29856583,-0.024282148,0.46223944,0
123672954,123662764,197388,0.29868433,-0.009308363,0.46974272,0
124163263,124151099,197388,0.34637508,0.0026271362,0.43626505,0
124674217,124663471,197388,0.3497829,0.04367883,0.3784076,0
125153564,125143186,197388,0.2710917,-0.03770157,0.44759485,0
125673805,125665231,197388,0.18453336,-0.14323668,0.4970697,0
126158055,126147256,197388,0.1409745,-0.20688972,0.45971936,0
126661721,126651132,197388,0.12905729,-0.31392732,0.39642474,0
127177929,127167216,197388,0.16470224,-0.27900535,0.40433657,0
127678355,127667336,197388,0.13841413,-0.30646425,0.41489238,0
128158510,128147212,197388,0.057256244,-0.28633115,0.45146665,0
128661458,128651125,197388,0.08088063,-0.2912335,0.40567017,0
129157891,129149428,197388,0.07785904,-0.28721645,0.4358339,0
129665809,129655438,197388,0.08281032,-0.28045148,0.45526367,0
130173810,130163354,197388,0.10826161,-0.26869172,0.4314935,0
130657977,130647465,197388,0.106850445,-0.25636393,0.44325858,0
131169958,131159420,197388,0.08906826,-0.27382892,0.44049212,0
131662761,131653372,197388,0.08897011,-0.27364442,0.4402158,0
132159003,132149386,197388,0.09650209,-0.25388452,0.4377842,0
132665764,132655460,197388,0.07362155,-0.25914124,0.44095975,0
133162143,133152994,197388,0.09364926,-0.2864974,0.4460979,0
133658645,133649161,197388,0.094337605,-0.27493164,0.4541106,0
134169802,134159562,197388,0.10037237,-0.2694347,0.43188152,0
134678054,134668322,197388,0.09520185,-0.26288375,0.44916096,0
135169923,135159616,197388,0.08875558,-0.24301034,0.4403926,0
135662392,135653845,197388,0.07730835,-0.2885638,0.4312465,0
136159205,136149749,197388,0.051566,-0.27203554,0.45693588,0
136670467,136659467,197388,0.044161584,-0.2575863,0.46574864,0
137171185,137159788,197388,0.05904924,-0.2191233,0.44193953,0
137662274,137651817,197388,0.036211725,-0.25176376,0.4812001,0
138174372,138163579,197388,0.07384846,-0.24490678,0.44615972,0
138658644,138649569,197388,0.050163686,-0.265877,0.46247968,0
139170260,139159529,197388,0.0027263518,-0.24746406,0.44306755,0
139662111,139651657,197388,-0.011150359,-0.24773388,0.44485092,0
140171239,140159894,197388,-0.0061114104,-0.26265964,0.44766432,0
140658038,140648447,197388,0.014445813,-0.23919474,0.4576602,0
141154280,141145657,197388,-0.08604499,-0.16437833,0.4796474,0
141678132,141667740,197388,-0.10892783,-0.08294879,0.49616873,0
142170548,142161667,197388,-0.20698972,-0.12739603,0.45656848,0
142662554,142651750,197388,-0.24778937,-0.033402458,0.47144318,0
143154157,143144073,197388,-0.1438078,-0.0255602,0.5160354,0
143664234,143651730,197388,-0.0685557,-0.017133674,0.5276949,0
144158531,144147730,197388,-0.1834954,-0.063129954,0.5084019,0
144666099,144654136,197388,-0.21225479,-0.10255364,0.47838235,0
145158913,145149984,197388,-0.18617351,-0.07340175,0.48514476,0
145665892,145655809,197388,-0.17775863,-0.089671075,0.4775488,0
146158310,146144341,197388,-0.18876559,-0.066969514,0.4737137,0
146666087,146656043,197388,-0.19571325,-0.075928256,0.46171463,0
147166967,147156128,197388,-0.21544765,-0.068229295,0.4883432,0
147671651,147659870,197388,-0.2178539,-0.071559384,0.46231708,0
148171056,148161542,197388,-0.20697652,-0.06502748,0.474593,0
148678659,148670139,197388,-0.1869924,-0.08073884,0.49439898,0
149171552,149160141,197388,-0.1824148,-0.08398126,0.47921574,0
149662626,149654051,197388,-0.18600288,-0.06758345,0.48486948,0
150174870,150163954,197388,-0.18295273,-0.07729204,0.48909473,0
150667386,150655928,197388,-0.19246022,-0.07081796,0.48037526,0
151162859,151154199,197388,-0.18324323,-0.10968967,0.47857198,0
151666578,151656264,197388,-0.17777655,-0.095897466,0.4779138,0
152155227,152146159,197388,-0.18960476,-0.10872495,0.4943532,0
152675151,152664274,197388,-0.17089558,-0.10313733,0.45929205,0
153161970,153153586,197388,-0.19709992,-0.09744302,0.48375502,0
153674817,153666315,197388,-0.18573579,-0.07822738,0.4973033,0
154162957,154154027,197388,-0.20016146,-0.087248795,0.48111144,0
154674616,154664179,197388,-0.1902264,-0.058961265,0.48701522,0
155171453,155162345,197388,-0.18243018,-0.100268126,0.50104064,0
155659349,155652190,197388,-0.17874593,-0.09906328,0.4582189,0
156162358,156153864,197388,-0.18933848,-0.11486995,0.4618158,0
156658922,156650359,197388,-0.17405963,-0.09839366,0.481314,0
157155353,157144370,197388,-0.17017667,-0.13640162,0.43863904,0
157663827,157654658,197388,-0.20396912,-0.08637466,0.45806667,0
158175086,158166589,197388,-0.21378279,-0.06958439,0.4540658,0
158671001,158660576,197388,-0.20143223,-0.0925509,0.46529597,0
159163323,159154433,197388,-0.19236165,-0.09202641,0.46824637,0
159663232,159654401,197388,-0.19163428,-0.073522665,0.4544389,0
160166849,160156436,197388,-0.17253362,-0.12319299,0.48196012,0
160667617,160658391,197388,-0.18053856,-0.08892704,0.458136,0
161166982,161156561,197388,-0.17776906,-0.09107017,0.455628,0
161675620,161666465,197388,-0.17511517,-0.10956486,0.4602681,0
162155012,162146632,197388,-0.16411488,-0.12556033,0.46862546,0
162668959,162653266,197388,-0.16346228,-0.10818466,0.48330843,0
163170579,163160381,197388,-0.18563184,-0.12099974,0.45803535,0
163659183,163650648,197388,-0.21716042,-0.10512133,0.48248354,0
164166797,164156606,197388,-0.19094086,-0.10806799,0.45944947,0
164658957,164648277,197388,-0.19794697,-0.10557389,0.48207545,0
165159445,165148491,197388,-0.17327794,-0.10517367,0.47441646,0
165663287,165654739,197388,-0.1719377,-0.12274063,0.48287424,0
166159220,166148418,197388,-0.16248828,-0.11475434,0.4820457,0
166675460,166664440,197388,-0.1675784,-0.13088116,0.46710777,0
167171581,167160597,197388,-0.16286415,-0.12549785,0.43401778,0
167666843,167656660,197388,-0.16129981,-0.12560639,0.43755996,0
168167215,168158656,197388,-0.1789286,-0.10867559,0.4696562,0
168655181,168646722,197388,-0.16280183,-0.13240388,0.46831527,0
169168044,169157010,197388,-0.16400817,-0.12251772,0.47931105,0
169664026,169653089,197388,-0.17092559,-0.124279365,0.46310353,0
170170889,170160834,197388,-0.15751244,-0.14502482,0.4619292,0
170656253,170647104,197388,-0.24698427,-0.14732003,0.44374043,0
171159645,171150956,197388,-0.26233295,-0.13965867,0.38668138,0
171661214,171650734,197388,-0.23607175,-0.110602,0.4500467,0
172169224,172156961,197388,-0.22560152,-0.15576878,0.42984676,0
172677223,172666800,197388,-0.22050524,-0.19785579,0.4251518,0
173172995,173161128,197388,-0.20358881,-0.20128343,0.4253645,0
173671361,173660905,197388,-0.29961926,0.012606907,0.4291787,0
174172077,174161147,197388,-0.26849943,0.0879029,0.4355833,0
174659555,174649061,197388,-0.2091205,0.17406218,0.4540546,0
175163691,175153159,197388,-0.11458558,0.27540213,0.43588576,0
175675692,175667232,197388,-0.017739875,0.24720064,0.48255166,0
176176357,176167358,197388,-0.018570352,0.26086152,0.44923306,0
176667425,176657047,197388,-0.08826983,0.24650964,0.49214244,0
177173300,177160102,197388,-0.15283418,0.25809622,0.45330548,0
177675887,177666977,197388,-0.12928459,0.24914022,0.45120382,0
178157532,178145174,197388,-0.10645246,0.22232364,0.44801706,0
178659447,178645561,197388,-0.11206242,0.21930522,0.46945986,0
179168321,179157306,197388,-0.13286054,0.24284445,0.4546972,0
179667442,179657305,197388,-0.11842307,0.22323379,0.4709741,0
180155643,180145322,197388,-0.09552788,0.25517642,0.48668417,0
180663764,180653122,197388,-0.12655008,0.23116717,0.456662,0
181175869,181165435,197388,-0.0959781,0.24653338,0.4701242,0
181668410,181659087,197388,-0.13774739,0.23128144,0.47447616,0
182175710,182165082,197388,-0.09997198,0.2266252,0.474482,0
182675731,182667275,197388,-0.11546731,0.23388834,0.46192774,0
183157003,183147357,197388,-0.12062221,0.24585102,0.46958524,0
183672390,183661078,197388,-0.109633945,0.21870083,0.47855386,0
184159884,184147948,197388,-0.0783799,0.25106797,0.46704713,0
184676007,184667485,197388,-0.10984167,0.2073376,0.44339576,0
185163519,185153288,197388,-0.09796631,0.24421307,0.4799447,0
185660736,185651347,197388,-0.12075529,0.23348406,0.47243968,0
186160066,186149539,197388,-0.11638525,0.21047346,0.4774183,0
186655831,186647438,197388,-0.13918172,0.24735919,0.4967506,0
187172071,187161376,197388,-0.11346446,0.22032887,0.47482356,0
187660690,187651774,197388,-0.1255557,0.22872214,0.47087723,0
188176204,188167583,197388,-0.1335299,0.22042663,0.43338987,0
188659932,188651363,197388,-0.12435801,0.24957676,0.44529685,0
189160610,189149631,197388,-0.1265959,0.2402088,0.44297802,0
189676012,189665689,197388,-0.1311225,0.22620682,0.43900117,0
190163911,190153497,197388,-0.12891531,0.22474018,0.43451065,0
190668111,190657803,197388,-0.117585145,0.23394011,0.447365,0
191164285,191153387,197388,-0.12302506,0.24830696,0.46703935,0
191656604,191645681,197388,-0.10343751,0.2264102,0.45636588,0
192171979,192163322,197388,-0.1423696,0.24572629,0.450777,0
192668186,192657758,197388,-0.21706733,0.23468432,0.4413968,0
193157179,193145775,197388,-0.2121073,0.24003261,0.43098292,0
193656783,193647608,197388,-0.20151623,0.2135953,0.41572005,0
194164443,194153994,197388,-0.21827474,0.19392411,0.44338974,0
194668532,194659528,197388,-0.2006477,0.17513491,0.41995463,0
195168914,195160165,197388,-0.25506985,0.19388007,0.4546915,0
195665511,195655864,197388,-0.23993818,0.184461,0.45439932,0
196160983,196152032,197388,-0.23810337,0.21162598,0.4293099,0
196660717,196652043,197388,-0.21621571,0.21555315,0.4650866,0
197168357,197160970,197388,-0.2000549,0.18869105,0.3985585,0
197664487,197653967,197388,-0.19355659,0.22023235,0.4334241,0
198156931,198147998,197388,-0.2001705,0.2232772,0.45890436,0
198664554,198653998,197388,-0.20336412,0.19351101,0.45495665,0
199169092,199157744,197388,-0.17680275,0.17720082,0.43582854,0
199668650,199658232,197388,-0.22179636,0.19055372,0.46341676,0
200160599,200150111,197388,-0.17408249,0.21337637,0.4224306,0
200656679,200646165,197388,-0.20360082,0.21250777,0.4378701,0
201161098,201150184,197388,-0.1546456,0.17538533,0.44483316,0
201668321,201657991,197388,-0.1932575,0.21754983,0.44563362,0
202168673,202159935,197388,-0.17439349,0.2184681,0.4813219,0
202672401,202661969,197388,-0.19075064,0.17916438,0.44645238,0
203164591,203156141,197388,-0.20368646,0.19134246,0.46296903,0
203668995,203658123,197388,-0.20869637,0.20259953,0.45304066,0
204172729,204161998,197388,-0.19950587,0.2083137,0.4395973,0
204677426,204666426,197388,-0.19781063,0.20282468,0.4571104,0
205153510,205144203,197388,-0.22405405,0.20745471,0.4504749,0
205664800,205656351,197388,-0.19662894,0.1918189,0.44889507,0
206169443,206160338,197388,-0.19811864,0.18179101,0.4620615,0
206664854,206656294,197388,-0.19162293,0.20206054,0.448737,0
207161685,207152311,197388,-0.21085337,0.18668912,0.4343321,0
207664955,207655353,197388,-0.17244603,0.20884664,0.43605763,0
208177223,208168303,197388,-0.2021427,0.20091219,0.46004793,0
208656663,208646364,197388,-0.20945036,0.20704642,0.45951742,0
209161388,209152370,197388,-0.21950534,0.21792749,0.44536963,0
209672955,209664350,197388,-0.23247734,0.18623996,0.44769785,0
210173525,210162363,197388,-0.22452037,0.20003366,0.4275864,0
210661595,210652599,197388,-0.21263163,0.19287097,0.43213168,0
211173923,211161849,197388,-0.1864037,0.19849153,0.4229253,0
211677938,211668674,197388,-0.1755123,0.18415467,0.4403676,0
212165190,212154168,197388,-0.21415657,0.21648453,0.45569128,0
212665278,212654749,197388,-0.2097342,0.194257,0.44151816,0
213165616,213154145,197388,-0.19209868,0.18240623,0.44234046,0
213661158,213650555,197388,-0.22044621,0.16865885,0.45440242,0
214169586,214160677,197388,-0.1966583,0.21076548,0.42117262,0
214669176,214658613,197388,-0.2269479,0.1762912,0.46177888,0
215157710,215148615,197388,-0.19280057,0.1960084,0.4406572,0
215673120,215662784,197388,-0.22027299,0.2023348,0.4502767,0
216153403,216142372,197388,-0.19405806,0.18933944,0.4377652,0
216657123,216646777,197388,-0.18930215,0.19331712,0.4632822,0
217169782,217158712,197388,-0.17760608,0.19051027,0.439389,0
217653947,217642435,197388,-0.18829617,0.20364785,0.46829566,0
218164806,218154527,197388,-0.23092759,0.18192375,0.45989355,0
218665991,218654354,197388,-0.1928923,0.21856612,0.46226025,0
219169854,219158841,197388,-0.20319161,0.19111547,0.46276027,0
219661398,219652887,197388,-0.20631205,0.19345896,0.44648132,0
220161459,220152564,197388,-0.1856587,0.19857453,0.45906088,0
220661907,220652942,197388,-0.20459603,0.1751364,0.4386436,0
221173055,221164685,197388,-0.23025095,0.20469819,0.45599976,0
221673310,221663120,197388,-0.20012473,0.21512595,0.46697706,0
222176904,222166812,197388,-0.20552836,0.2215753,0.45557564,0
222673432,222662694,197388,-0.18779229,0.20266423,0.44194078,0
223166225,223157040,197388,-0.19823252,0.22287965,0.4215524,0
223669955,223658927,197388,-0.18361416,0.21410662,0.43766484,0
224165797,224154958,197388,-0.19394568,0.18439715,0.45995924,0
224673994,224663171,197388,-0.21696572,0.20190994,0.4675518,0
225169964,225160593,197388,-0.21323045,0.19894736,0.4371623,0
225661736,225650825,197388,-0.20119631,0.20719138,0.47090456,0
226154320,226143229,197388,-0.17551258,0.19986837,0.44226676,0
226669445,226658929,197388,-0.15563343,0.22150409,0.4670752,0
227172971,227162728,197388,-0.18051326,0.20192182,0.46660393,0
227673466,227664836,197388,-0.18347377,0.22246912,0.44041714,0
228172904,228162085,197388,-0.20380032,0.21296063,0.46585974,0
228665565,228656611,197388,-0.20529337,0.2347499,0.4423358,0
229162433,229151207,197388,-0.18888626,0.20349985,0.46567518,0
229657211,229646758,197388,-0.19388193,0.21068369,0.43853062,0
230157884,230148870,197388,-0.20491408,0.2196,0.45485806,0
230674389,230662973,197388,-0.1893231,0.24520934,0.4667225,0
231173883,231165082,197388,-0.1731293,0.20808116,0.4662055,0
231669526,231659118,197388,-0.21343248,0.1983925,0.46987855,0
232166260,232156549,197388,-0.2142512,0.23823181,0.4494376,0
232670314,232659455,197388,-0.20071995,0.20722497,0.4583112,0
233169671,233161266,197388,-0.20088224,0.20768368,0.46888933,0
233653896,233643493,197388,-0.19338463,0.18641001,0.4803818,0
234174203,234163345,197388,-0.20851904,0.2190854,0.4572196,0
234666267,234655437,197388,-0.21748203,0.21528785,0.4328303,0
235157808,235147439,197388,-0.22584313,0.22044496,0.44107324,0
235674088,235663276,197388,-0.23004991,0.19634733,0.43922967,0
236158159,236149418,197388,-0.2140458,0.18796115,0.45369053,0
236670790,236661495,197388,-0.22870317,0.1808134,0.48050514,0
237158076,237149234,197388,-0.2046753,0.20532648,0.44679737,0
237658040,237647574,197388,-0.21845,0.21550617,0.44983396,0
238173311,238163285,197388,-0.19151738,0.1926248,0.45848688,0
238658269,238647503,197388,-0.22168677,0.19875233,0.4363937,0
239170057,239159298,197388,-0.20674592,0.20576912,0.48570535,0
239678013,239667698,197388,-0.1893903,0.20822369,0.45163438,0
240166209,240157109,197388,-0.2223918,0.196735,0.44038716,0
240657743,240646849,197388,-0.19536977,0.18925574,0.44827333,0
241166197,241159130,197388,-0.19910905,0.21104088,0.4659386,0
241662660,241651671,197388,-0.19338676,0.17691843,0.48051235,0
242173411,242162830,197388,-0.20022622,0.20847116,0.439174,0
242662364,242653873,197388,-0.19813302,0.22047816,0.46665654,0
243178074,243167676,197388,-0.20353931,0.20647745,0.45946378,0
243662348,243651766,197388,-0.21879517,0.21265912,0.45002934,0
244154494,244145330,197388,-0.22949122,0.21516065,0.44979826,0
244653985,244643683,197388,-0.22077131,0.21532647,0.4715695,0
245166445,245155506,197388,-0.21730897,0.21404938,0.47129008,0
245657690,245647591,197388,-0.1956248,0.19955209,0.46528515,0
246174047,246163683,197388,-0.20871268,0.20307088,0.45996648,0
246674219,246663821,197388,-0.18638772,0.21997118,0.4665557,0
247162554,247154013,197388,-0.2158821,0.1731303,0.46284005,0
247670627,247661681,197388,-0.21486063,0.19357005,0.46977463,0
248175046,248165599,197388,-0.18593848,0.2060126,0.47964302,0
248666349,248657877,197388,-0.20702453,0.19985752,0.46774197,0
249169973,249159724,197388,-0.21262234,0.20826325,0.45673507,0
249674078,249663359,197388,-0.18613575,0.2248202,0.46148437,0
250166963,250155637,197388,-0.20060512,0.23289296,0.4581837,0
250662503,250652066,197388,-0.20449953,0.24898921,0.46572316,0
251155641,251146097,197388,-0.20591171,0.22430459,0.47194645,0
251674278,251664006,197388,-0.21643816,0.19575527,0.46432054,0
252169919,252159923,197388,-0.20048293,0.19428697,0.45529795,0
252674939,252664047,197388,-0.20749901,0.2226829,0.46861273,0
253170309,253159956,197388,-0.18548572,0.22639619,0.47532663,0
253675322,253664353,197388,-0.18420428,0.20639068,0.45265493,0
254155856,254144169,197388,-0.19015723,0.21114627,0.4422534,0
254663349,254654108,197388,-0.20847492,0.19726788,0.47289798,0
255174739,255166171,197388,-0.20221432,0.21197258,0.47548324,0
255667447,255658221,197388,-0.19578569,0.21643081,0.45003435,0
256155456,256146168,197388,-0.21461296,0.21528573,0.47869998,0
256659275,256650327,197388,-0.17179537,0.2171051,0.47644567,0
257167403,257158380,197388,-0.20058611,0.20143099,0.45984155,0
257659228,257648273,197388,-0.18556422,0.24561408,0.44955355,0
258155473,258146169,197388,-0.19177943,0.23090811,0.4404586,0
258675152,258664404,197388,-0.22177443,0.20968795,0.44935632,0
259174960,259164197,197388,-0.21099198,0.20310092,0.4531804,0
259674786,259666380,197388,-0.20415218,0.21420582,0.44400045,0
260174596,260164062,197388,-0.18390167,0.19882956,0.4495438,0
260674824,260664493,197388,-0.19962382,0.2064287,0.47194427,0
261162913,261152388,197388,-0.18378416,0.18178695,0.46518728,0
261656046,261646232,197388,-0.20165025,-0.17525375,0.44129786,0
262156889,262146446,197388,-0.2530565,-0.13449542,0.46981356,0
262656861,262645991,197388,0.2557004,-0.045070034,0.477276,0
263151503,263140445,197388,0.2744084,-0.041356977,0.45505476,0
263658855,263650052,197388,0.29356134,-0.07451152,0.42206156,0
264166919,264158397,197388,0.28223607,-0.025557244,0.43383914,0
264662959,264654523,197388,0.27423537,-0.02691027,0.4749027,0
265159820,265148549,197388,0.26636982,-0.022889134,0.4520702,0
265671649,265660539,197388,0.25523096,-0.003935133,0.4607541,0
266171011,266162581,197388,0.24652462,-0.037922833,0.47025734,0
266674928,266664550,197388,0.27057633,-0.04209797,0.46718615,0
267167107,267157097,197388,0.2805181,-0.024273017,0.4680194,0
267659713,267650702,197388,0.28381267,-0.017327892,0.4488411,0
268162919,268154440,197388,0.23691814,-0.027905738,0.4835022,0
268662786,268652571,197388,0.26431245,-0.0240587,0.44253156,0
269156079,269144730,197388,0.2874112,-0.017602544,0.46720314,0
