timestamp,nav_state_timestamp,failsafe_timestamp,armed_time,takeoff_time,onboard_control_sensors_present,onboard_control_sensors_enabled,onboard_control_sensors_health,nav_state,arming_state,hil_state,failsafe,system_type,system_id,component_id,vehicle_type,is_vtol,is_vtol_tailsitter,vtol_fw_permanent_stab,in_transition_mode,in_transition_to_fw,rc_signal_lost,rc_input_mode,data_link_lost,data_link_lost_counter,high_latency_data_link_lost,engine_failure,mission_failure,geofence_violated,failure_detector_status,latest_arming_reason,latest_disarming_reason
1685299,673265,0,0,0,270565408,268533772,32800,0,1,1,0,2,1,1,1,0,0,0,0,0,1,0,1,0,0,0,0,0,0,0,0
2188358,673265,0,0,0,270565408,268533772,32800,0,1,1,0,2,1,1,1,0,0,0,0,0,1,0,1,0,0,0,0,0,0,0,0
2695299,673265,0,0,0,270565408,268533772,32800,0,1,1,0,2,1,1,1,0,0,0,0,0,1,0,1,0,0,0,0,0,0,0,0
3202299,673265,0,0,0,270565408,268533772,32800,0,1,1,0,2,1,1,1,0,0,0,0,0,1,0,1,0,0,0,0,0,0,0,0
3709300,673265,0,0,0,270565408,268533772,32800,0,1,1,0,2,1,1,1,0,0,0,0,0,1,0,1,0,0,0,0,0,0,0,0
4216332,673265,0,0,0,270565408,268533772,32800,0,1,1,0,2,1,1,1,0,0,0,0,0,1,0,1,0,0,0,0,0,0,0,0
4723298,673265,0,0,0,270565408,268533772,32800,0,1,1,0,2,1,1,1,0,0,0,0,0,1,0,1,0,0,0,0,0,0,0,0
5230301,673265,0,0,0,270565408,268533772,32800,0,1,1,0,2,1,1,1,0,0,0,0,0,1,0,1,0,0,0,0,0,0,0,0
5737300,673265,0,0,0,270565408,268533772,32800,0,1,1,0,2,1,1,1,0,0,0,0,0,1,0,1,0,0,0,0,0,0,0,0
6244298,673265,0,0,0,270565408,268533772,32800,0,1,1,0,2,1,1,1,0,0,0,0,0,1,0,1,0,0,0,0,0,0,0,0
6751298,673265,0,0,0,270565408,268533772,32800,0,1,1,0,2,1,1,1,0,0,0,0,0,1,0,1,0,0,0,0,0,0,0,0
7258300,673265,0,0,0,270565408,268533772,32800,0,1,1,0,2,1,1,1,0,0,0,0,0,1,0,1,0,0,0,0,0,0,0,0
7765363,673265,0,0,0,270565408,268533772,32800,0,1,1,0,2,1,1,1,0,0,0,0,0,1,0,1,0,0,0,0,0,0,0,0
8272299,673265,0,0,0,270565408,268533772,32800,0,1,1,0,2,1,1,1,0,0,0,0,0,1,0,1,0,0,0,0,0,0,0,0
8779300,673265,0,0,0,270565408,268533772,32800,0,1,1,0,2,1,1,1,0,0,0,0,0,1,0,1,0,0,0,0,0,0,0,0
9286299,673265,0,0,0,270565408,268533772,32800,0,1,1,0,2,1,1,1,0,0,0,0,0,1,0,1,0,0,0,0,0,0,0,0
9793299,673265,0,0,0,270565408,268533772,32800,0,1,1,0,2,1,1,1,0,0,0,0,0,1,0,1,0,0,0,0,0,0,0,0
10300301,673265,0,0,0,270565408,268533772,32800,0,1,1,0,2,1,1,1,0,0,0,0,0,1,0,1,0,0,0,0,0,0,0,0
10807299,673265,0,0,0,270565408,268533772,32800,0,1,1,0,2,1,1,1,0,0,0,0,0,1,0,1,0,0,0,0,0,0,0,0
11314303,673265,0,0,0,270565408,270630924,32800,0,1,1,0,2,1,1,1,0,0,0,0,0,1,0,1,0,0,0,0,0,0,0,0
11821300,673265,0,0,0,270565408,270630924,32800,0,1,1,0,2,1,1,1,0,0,0,0,0,1,0,1,0,0,0,0,0,0,0,0
12328302,673265,0,0,0,270565408,270630924,32800,0,1,1,0,2,1,1,1,0,0,0,0,0,1,0,1,0,0,0,0,0,0,0,0
12835301,673265,0,0,0,270565408,270630924,32800,0,1,1,0,2,1,1,1,0,0,0,0,0,1,0,1,0,0,0,0,0,0,0,0
13342360,673265,0,0,0,270565408,270630924,32800,0,1,1,0,2,1,1,1,0,0,0,0,0,1,0,1,0,0,0,0,0,0,0,0
13849299,673265,0,0,0,270565408,270630924,32800,0,1,1,0,2,1,1,1,0,0,0,0,0,1,0,1,0,0,0,0,0,0,0,0
14356300,673265,0,0,0,270565408,270630924,32800,0,1,1,0,2,1,1,1,0,0,0,0,0,1,0,1,0,0,0,0,0,0,0,0
14863304,673265,0,0,0,270565408,270630924,32800,0,1,1,0,2,1,1,1,0,0,0,0,0,1,0,1,0,0,0,0,0,0,0,0
15370298,673265,0,0,0,270565408,270630924,32800,0,1,1,0,2,1,1,1,0,0,0,0,0,1,0,1,0,0,0,0,0,0,0,0
15877299,673265,0,0,0,270565408,270630924,32800,0,1,1,0,2,1,1,1,0,0,0,0,0,1,0,1,0,0,0,0,0,0,0,0
16384299,673265,0,0,0,270565408,270630924,32800,0,1,1,0,2,1,1,1,0,0,0,0,0,1,0,1,0,0,0,0,0,0,0,0
16891299,673265,0,0,0,270565408,270630924,32800,0,1,1,0,2,1,1,1,0,0,0,0,0,1,0,1,0,0,0,0,0,0,0,0
17398299,673265,0,0,0,270565408,270630924,32800,0,1,1,0,2,1,1,1,0,0,0,0,0,1,0,1,0,0,0,0,0,0,0,0
17905300,673265,0,0,0,270565408,270630924,32800,0,1,1,0,2,1,1,1,0,0,0,0,0,1,0,1,0,0,0,0,0,0,0,0
18412303,673265,0,0,0,270565408,270630924,32800,0,1,1,0,2,1,1,1,0,0,0,0,0,1,0,1,0,0,0,0,0,0,0,0
18919358,673265,0,0,0,270565408,270630924,32800,0,1,1,0,2,1,1,1,0,0,0,0,0,1,0,1,0,0,0,0,0,0,0,0
19426303,673265,0,0,0,270565408,270630924,32800,0,1,1,0,2,1,1,1,0,0,0,0,0,1,0,1,0,0,0,0,0,0,0,0
19933302,673265,0,0,0,270565408,270630924,32800,0,1,1,0,2,1,1,1,0,0,0,0,0,1,0,1,0,0,0,0,0,0,0,0
20440298,673265,0,0,0,270565408,270630924,32800,0,1,1,0,2,1,1,1,0,0,0,0,0,1,0,1,0,0,0,0,0,0,0,0
20947300,673265,0,0,0,270565408,270630924,32800,0,1,1,0,2,1,1,1,0,0,0,0,0,1,0,1,0,0,0,0,0,0,0,0
21454298,673265,0,0,0,270565408,270630924,32800,0,1,1,0,2,1,1,1,0,0,0,0,0,1,0,1,0,0,0,0,0,0,0,0
21961300,673265,0,0,0,270565408,270630924,32800,0,1,1,0,2,1,1,1,0,0,0,0,0,1,0,1,0,0,0,0,0,0,0,0
22468331,673265,0,0,0,270565408,270630924,32800,0,1,1,0,2,1,1,1,0,0,0,0,0,1,0,1,0,0,0,0,0,0,0,0
22975300,673265,0,0,0,270565408,270630924,32800,0,1,1,0,2,1,1,1,0,0,0,0,0,1,0,1,0,0,0,0,0,0,0,0
23482298,673265,0,0,0,270565408,270630924,32800,0,1,1,0,2,1,1,1,0,0,0,0,0,1,0,1,0,0,0,0,0,0,0,0
23989299,673265,0,0,0,270565408,270630924,32800,0,1,1,0,2,1,1,1,0,0,0,0,0,1,0,1,0,0,0,0,0,0,0,0
24496435,673265,0,0,0,270565408,270630924,32800,0,1,1,0,2,1,1,1,0,0,0,0,0,1,0,1,0,0,0,0,0,0,0,0
24685343,673265,0,0,0,270565408,270630924,32800,0,1,1,0,2,1,1,1,0,0,0,0,0,1,0,1,0,0,0,0,0,0,0,0
25192299,673265,0,0,0,270565408,270630924,32800,0,1,1,0,2,1,1,1,0,0,0,0,0,1,0,1,0,0,0,0,0,0,0,0
25688307,673265,0,0,0,270565408,270630924,32800,0,1,1,0,2,1,1,1,0,0,0,0,0,1,0,1,0,0,0,0,0,0,0,0
25701514,673265,0,0,0,270565408,270630924,32800,0,1,1,0,2,1,1,1,0,0,0,0,0,1,0,1,0,0,0,0,0,0,0,0
26212308,673265,0,0,0,270565420,270630924,32812,0,1,1,0,2,1,1,1,0,0,0,0,0,1,0,1,0,0,0,0,0,0,0,0
26720311,673265,0,0,0,270565420,270630924,32815,0,1,1,0,2,1,1,1,0,0,0,0,0,1,0,1,0,0,0,0,0,0,0,0
27229310,673265,0,0,0,270565420,270630924,32815,0,1,1,0,2,1,1,1,0,0,0,0,0,1,0,1,0,0,0,0,0,0,0,0
27730312,673265,0,0,0,270565420,270630924,270565391,0,1,1,0,2,1,1,1,0,0,0,0,0,1,0,1,0,0,0,0,0,0,0,0
28238310,673265,0,0,0,270565420,270630924,270565391,0,1,1,0,2,1,1,1,0,0,0,0,0,1,0,1,0,0,0,0,0,0,0,0
28740309,673265,0,0,0,270565420,270630924,270565391,0,1,1,0,2,1,1,1,0,0,0,0,0,1,0,1,0,0,0,0,0,0,0,0
29241338,673265,0,0,0,270565420,270630924,270565391,0,1,1,0,2,1,1,1,0,0,0,0,0,1,0,1,0,0,0,0,0,0,0,0
29742354,673265,0,0,0,270565420,270630924,270565391,0,1,1,0,2,1,1,1,0,0,0,0,0,1,0,0,0,0,0,0,0,0,0,0
30254061,673265,0,0,0,270565420,270630924,270565391,0,1,1,0,2,1,1,1,0,0,0,0,0,1,0,0,0,0,0,0,0,0,0,0
30761309,673265,0,0,0,270565420,270630924,270565391,0,1,1,0,2,1,1,1,0,0,0,0,0,1,0,0,0,0,0,0,0,0,0,0
31265309,673265,0,0,0,270565420,270630924,270565391,0,1,1,0,2,1,1,1,0,0,0,0,0,1,0,0,0,0,0,0,0,0,0,0
31775356,673265,0,0,0,270565420,270630924,270565391,0,1,1,0,2,1,1,1,0,0,0,0,0,1,0,0,0,0,0,0,0,0,0,0
32284309,673265,0,0,0,270565420,270630924,270565391,0,1,1,0,2,1,1,1,0,0,0,0,0,1,0,0,0,0,0,0,0,0,0,0
32793939,673265,0,0,0,270565420,270630924,270565391,0,1,1,0,2,1,1,1,0,0,0,0,0,1,0,0,0,0,0,0,0,0,0,0
33304311,673265,0,0,0,270565420,270630924,270565391,0,1,1,0,2,1,1,1,0,0,0,0,0,1,0,0,0,0,0,0,0,0,0,0
33812358,673265,0,0,0,270565420,270630924,270565391,0,1,1,0,2,1,1,1,0,0,0,0,0,1,0,0,0,0,0,0,0,0,0,0
34323352,673265,0,0,0,270565420,270630924,270565391,0,1,1,0,2,1,1,1,0,0,0,0,0,1,0,0,0,0,0,0,0,0,0,0
34831337,673265,0,0,0,270565420,270630924,270565391,0,1,1,0,2,1,1,1,0,0,0,0,0,1,0,0,0,0,0,0,0,0,0,0
35340350,673265,0,0,0,270565420,270630924,270565391,0,1,1,0,2,1,1,1,0,0,0,0,0,1,0,0,0,0,0,0,0,0,0,0
35850321,673265,0,0,0,270565420,270630924,270565391,0,1,1,0,2,1,1,1,0,0,0,0,0,1,0,0,0,0,0,0,0,0,0,0
36359320,673265,0,0,0,270565420,270630924,270565391,0,1,1,0,2,1,1,1,0,0,0,0,0,1,0,0,0,0,0,0,0,0,0,0
36866618,673265,0,0,0,270565420,270630924,270565391,0,1,1,0,2,1,1,1,0,0,0,0,0,1,0,0,0,0,0,0,0,0,0,0
37375380,673265,0,0,0,270565420,270630924,270565423,0,1,1,0,2,1,1,1,0,0,0,0,0,1,0,0,0,0,0,0,0,0,0,0
37751364,37751360,0,0,0,270565420,270630924,270565423,4,1,1,0,2,1,1,1,0,0,0,0,0,1,0,0,0,0,0,0,0,0,0,0
38260349,37751360,0,0,0,270565420,270630924,270565423,4,1,1,0,2,1,1,1,0,0,0,0,0,1,0,0,0,0,0,0,0,0,0,0
38770374,37751360,0,0,0,270565420,270630924,270565423,4,1,1,0,2,1,1,1,0,0,0,0,0,1,0,0,0,0,0,0,0,0,0,0
39279369,37751360,0,0,0,270565420,270630924,270565423,4,1,1,0,2,1,1,1,0,0,0,0,0,1,0,0,0,0,0,0,0,0,0,0
39788333,37751360,0,0,0,270565420,270630924,270565423,4,1,1,0,2,1,1,1,0,0,0,0,0,1,0,0,0,0,0,0,0,0,0,0
40299318,37751360,0,0,0,270565420,270630924,270565423,4,1,1,0,2,1,1,1,0,0,0,0,0,1,0,0,0,0,0,0,0,0,0,0
40808353,37751360,0,0,0,270565420,270630924,270565423,4,1,1,0,2,1,1,1,0,0,0,0,0,1,0,0,0,0,0,0,0,0,0,0
41309360,37751360,0,0,0,270565420,270630924,270565423,4,1,1,0,2,1,1,1,0,0,0,0,0,1,0,0,0,0,0,0,0,0,0,0
41688329,41688325,0,0,0,270565420,270630924,270565423,3,1,1,0,2,1,1,1,0,0,0,0,0,1,0,0,0,0,0,0,0,0,0,0
42189352,41688325,0,0,0,270565420,270630924,270565423,3,1,1,0,2,1,1,1,0,0,0,0,0,1,0,0,0,0,0,0,0,0,0,0
42691318,41688325,0,0,0,270565420,270630924,270565423,3,1,1,0,2,1,1,1,0,0,0,0,0,1,0,0,0,0,0,0,0,0,0,0
42825486,41688325,0,42825308,0,270565420,270630924,270565423,3,2,1,0,2,1,1,1,0,0,0,0,0,1,0,0,0,0,0,0,0,0,4,0
42836332,41688325,0,42825308,0,270565420,270630924,270565423,3,2,1,0,2,1,1,1,0,0,0,0,0,1,0,0,0,0,0,0,0,0,4,0
43343325,41688325,0,42825308,0,270565420,270630924,270565423,3,2,1,0,2,1,1,1,0,0,0,0,0,1,0,0,0,0,0,0,0,0,4,0
43850901,41688325,0,42825308,0,270565420,270630924,270565423,3,2,1,0,2,1,1,1,0,0,0,0,0,1,0,0,0,0,0,0,0,0,4,0
44361363,41688325,0,42825308,0,270565420,270630924,270565423,3,2,1,0,2,1,1,1,0,0,0,0,0,1,0,0,0,0,0,0,0,0,4,0
44872362,41688325,0,42825308,44651176,270565420,270630924,270565423,3,2,1,0,2,1,1,1,0,0,0,0,0,1,0,0,0,0,0,0,0,0,4,0
45381321,41688325,0,42825308,44651176,270565420,270630924,270565423,3,2,1,0,2,1,1,1,0,0,0,0,0,1,0,0,0,0,0,0,0,0,4,0
45891321,41688325,0,42825308,44651176,270565420,270630924,270565423,3,2,1,0,2,1,1,1,0,0,0,0,0,1,0,0,0,0,0,0,0,0,4,0
46391367,41688325,0,42825308,44651176,270565420,270630924,270565423,3,2,1,0,2,1,1,1,0,0,0,0,0,1,0,0,0,0,0,0,0,0,4,0
46901354,41688325,0,42825308,44651176,270565420,270630924,270565423,3,2,1,0,2,1,1,1,0,0,0,0,0,1,0,0,0,0,0,0,0,0,4,0
47408379,41688325,0,42825308,44651176,270565420,270630924,270565423,3,2,1,0,2,1,1,1,0,0,0,0,0,1,0,0,0,0,0,0,0,0,4,0
47918754,41688325,0,42825308,44651176,270565420,270630924,270565423,3,2,1,0,2,1,1,1,0,0,0,0,0,1,0,0,0,0,0,0,0,0,4,0
48427484,41688325,0,42825308,44651176,270565420,270630924,270565423,3,2,1,0,2,1,1,1,0,0,0,0,0,1,0,0,0,0,0,0,0,0,4,0
48936322,41688325,0,42825308,44651176,270565420,270630924,270565423,3,2,1,0,2,1,1,1,0,0,0,0,0,1,0,0,0,0,0,0,0,0,4,0
49436395,41688325,0,42825308,44651176,270565420,270630924,270565423,3,2,1,0,2,1,1,1,0,0,0,0,0,1,0,0,0,0,0,0,0,0,4,0
49947368,41688325,0,42825308,44651176,270565420,270630924,270565423,3,2,1,0,2,1,1,1,0,0,0,0,0,1,0,0,0,0,0,0,0,0,4,0
50447488,41688325,0,42825308,44651176,270565420,270630924,270565423,3,2,1,0,2,1,1,1,0,0,0,0,0,1,0,0,0,0,0,0,0,0,4,0
50959705,41688325,0,42825308,44651176,270565420,270630924,270565423,3,2,1,0,2,1,1,1,0,0,0,0,0,1,0,0,0,0,0,0,0,0,4,0
51468374,41688325,0,42825308,44651176,270565420,270630924,270565423,3,2,1,0,2,1,1,1,0,0,0,0,0,1,0,0,0,0,0,0,0,0,4,0
51979828,41688325,0,42825308,44651176,270565420,270630924,270565423,3,2,1,0,2,1,1,1,0,0,0,0,0,1,0,0,0,0,0,0,0,0,4,0
52487322,41688325,0,42825308,44651176,270565420,270630924,270565423,3,2,1,0,2,1,1,1,0,0,0,0,0,1,0,0,0,0,0,0,0,0,4,0
52995505,41688325,0,42825308,44651176,270565420,270630924,270565423,3,2,1,0,2,1,1,1,0,0,0,0,0,1,0,0,0,0,0,0,0,0,4,0
53503367,41688325,0,42825308,44651176,270565420,270630924,270565423,3,2,1,0,2,1,1,1,0,0,0,0,0,1,0,0,0,0,0,0,0,0,4,0
54012319,41688325,0,42825308,44651176,270565420,270630924,270565423,3,2,1,0,2,1,1,1,0,0,0,0,0,1,0,0,0,0,0,0,0,0,4,0
54518365,41688325,0,42825308,44651176,270565420,270630924,270565423,3,2,1,0,2,1,1,1,0,0,0,0,0,1,0,0,0,0,0,0,0,0,4,0
55026318,41688325,0,42825308,44651176,270565420,270630924,270565423,3,2,1,0,2,1,1,1,0,0,0,0,0,1,0,0,0,0,0,0,0,0,4,0
55526356,41688325,0,42825308,44651176,270565420,270630924,270565423,3,2,1,0,2,1,1,1,0,0,0,0,0,1,0,0,0,0,0,0,0,0,4,0
56035470,41688325,0,42825308,44651176,270565420,270630924,270565423,3,2,1,0,2,1,1,1,0,0,0,0,0,1,0,0,0,0,0,0,0,0,4,0
56544322,41688325,0,42825308,44651176,270565420,270630924,270565423,3,2,1,0,2,1,1,1,0,0,0,0,0,1,0,0,0,0,0,0,0,0,4,0
57050321,41688325,0,42825308,44651176,270565420,270630924,270565423,3,2,1,0,2,1,1,1,0,0,0,0,0,1,0,0,0,0,0,0,0,0,4,0
57559324,41688325,0,42825308,44651176,270565420,270630924,270565423,3,2,1,0,2,1,1,1,0,0,0,0,0,1,0,0,0,0,0,0,0,0,4,0
58067361,41688325,0,42825308,44651176,270565420,270630924,270565423,3,2,1,0,2,1,1,1,0,0,0,0,0,1,0,0,0,0,0,0,0,0,4,0
58573322,41688325,0,42825308,44651176,270565420,270630924,270565423,3,2,1,0,2,1,1,1,0,0,0,0,0,1,0,0,0,0,0,0,0,0,4,0
59080322,41688325,0,42825308,44651176,270565420,270630924,270565423,3,2,1,0,2,1,1,1,0,0,0,0,0,1,0,0,0,0,0,0,0,0,4,0
59589325,41688325,0,42825308,44651176,270565420,270630924,270565423,3,2,1,0,2,1,1,1,0,0,0,0,0,1,0,0,0,0,0,0,0,0,4,0
60096320,41688325,0,42825308,44651176,270565420,270630924,270565423,3,2,1,0,2,1,1,1,0,0,0,0,0,1,0,0,0,0,0,0,0,0,4,0
60604509,41688325,0,42825308,44651176,270565420,270630924,270565423,3,2,1,0,2,1,1,1,0,0,0,0,0,1,0,0,0,0,0,0,0,0,4,0
61111488,41688325,0,42825308,44651176,270565420,270630924,270565423,3,2,1,0,2,1,1,1,0,0,0,0,0,1,0,0,0,0,0,0,0,0,4,0
61618321,41688325,0,42825308,44651176,270565420,270630924,270565423,3,2,1,0,2,1,1,1,0,0,0,0,0,1,0,0,0,0,0,0,0,0,4,0
62124360,41688325,0,42825308,44651176,270565420,270630924,270565423,3,2,1,0,2,1,1,1,0,0,0,0,0,1,0,0,0,0,0,0,0,0,4,0
62631877,41688325,0,42825308,44651176,270565420,270630924,270565423,3,2,1,0,2,1,1,1,0,0,0,0,0,1,0,0,0,0,0,0,0,0,4,0
63140320,41688325,0,42825308,44651176,270565420,270630924,270565423,3,2,1,0,2,1,1,1,0,0,0,0,0,1,0,0,0,0,0,0,0,0,4,0
63648323,41688325,0,42825308,44651176,270565420,270630924,270565423,3,2,1,0,2,1,1,1,0,0,0,0,0,1,0,0,0,0,0,0,0,0,4,0
64156330,41688325,0,42825308,44651176,270565420,270630924,270565423,3,2,1,0,2,1,1,1,0,0,0,0,0,1,0,0,0,0,0,0,0,0,4,0
64663346,41688325,0,42825308,44651176,270565420,270630924,270565423,3,2,1,0,2,1,1,1,0,0,0,0,0,1,0,0,0,0,0,0,0,0,4,0
65170827,41688325,0,42825308,44651176,270565420,270630924,270565423,3,2,1,0,2,1,1,1,0,0,0,0,0,1,0,0,0,0,0,0,0,0,4,0
65678329,41688325,0,42825308,44651176,270565420,270630924,270565423,3,2,1,0,2,1,1,1,0,0,0,0,0,1,0,0,0,0,0,0,0,0,4,0
66185322,41688325,0,42825308,44651176,270565420,270630924,270565423,3,2,1,0,2,1,1,1,0,0,0,0,0,1,0,0,0,0,0,0,0,0,4,0
66695849,41688325,0,42825308,44651176,270565420,270630924,270565423,3,2,1,0,2,1,1,1,0,0,0,0,0,1,0,0,0,0,0,0,0,0,4,0
67203466,41688325,0,42825308,44651176,270565420,270630924,270565423,3,2,1,0,2,1,1,1,0,0,0,0,0,1,0,0,0,0,0,0,0,0,4,0
67713370,41688325,0,42825308,44651176,270565420,270630924,270565423,3,2,1,0,2,1,1,1,0,0,0,0,0,1,0,0,0,0,0,0,0,0,4,0
68220353,41688325,0,42825308,44651176,270565420,270630924,270565423,3,2,1,0,2,1,1,1,0,0,0,0,0,1,0,0,0,0,0,0,0,0,4,0
68728355,41688325,0,42825308,44651176,270565420,270630924,270565423,3,2,1,0,2,1,1,1,0,0,0,0,0,1,0,0,0,0,0,0,0,0,4,0
69236332,41688325,0,42825308,44651176,270565420,270630924,270565423,3,2,1,0,2,1,1,1,0,0,0,0,0,1,0,0,0,0,0,0,0,0,4,0
69736692,41688325,0,42825308,44651176,270565420,270630924,270565423,3,2,1,0,2,1,1,1,0,0,0,0,0,1,0,0,0,0,0,0,0,0,4,0
70244394,41688325,0,42825308,44651176,270565420,270630924,270565423,3,2,1,0,2,1,1,1,0,0,0,0,0,1,0,0,0,0,0,0,0,0,4,0
70745326,41688325,0,42825308,44651176,270565420,270630924,270565423,3,2,1,0,2,1,1,1,0,0,0,0,0,1,0,0,0,0,0,0,0,0,4,0
71254325,41688325,0,42825308,44651176,270565420,270630924,270565423,3,2,1,0,2,1,1,1,0,0,0,0,0,1,0,0,0,0,0,0,0,0,4,0
71765322,41688325,0,42825308,44651176,270565420,270630924,270565423,3,2,1,0,2,1,1,1,0,0,0,0,0,1,0,0,0,0,0,0,0,0,4,0
72267321,41688325,0,42825308,44651176,270565420,270630924,270565423,3,2,1,0,2,1,1,1,0,0,0,0,0,1,0,0,0,0,0,0,0,0,4,0
72771778,41688325,0,42825308,44651176,270565420,270630924,270565423,3,2,1,0,2,1,1,1,0,0,0,0,0,1,0,0,0,0,0,0,0,0,4,0
73274322,41688325,0,42825308,44651176,270565420,270630924,270565423,3,2,1,0,2,1,1,1,0,0,0,0,0,1,0,0,0,0,0,0,0,0,4,0
73783981,41688325,0,42825308,44651176,270565420,270630924,270565423,3,2,1,0,2,1,1,1,0,0,0,0,0,1,0,0,0,0,0,0,0,0,4,0
74293387,41688325,0,42825308,44651176,270565420,270630924,270565423,3,2,1,0,2,1,1,1,0,0,0,0,0,1,0,0,0,0,0,0,0,0,4,0
74795326,41688325,0,42825308,44651176,270565420,270630924,270565423,3,2,1,0,2,1,1,1,0,0,0,0,0,1,0,0,0,0,0,0,0,0,4,0
75296318,41688325,0,42825308,44651176,270565420,270630924,270565423,3,2,1,0,2,1,1,1,0,0,0,0,0,1,0,0,0,0,0,0,0,0,4,0
75799959,41688325,0,42825308,44651176,270565420,270630924,270565423,3,2,1,0,2,1,1,1,0,0,0,0,0,1,0,0,0,0,0,0,0,0,4,0
76308322,41688325,0,42825308,44651176,270565420,270630924,270565423,3,2,1,0,2,1,1,1,0,0,0,0,0,1,0,0,0,0,0,0,0,0,4,0
76813365,41688325,0,42825308,44651176,270565420,270630924,270565423,3,2,1,0,2,1,1,1,0,0,0,0,0,1,0,0,0,0,0,0,0,0,4,0
77316648,41688325,0,42825308,44651176,270565420,270630924,270565423,3,2,1,0,2,1,1,1,0,0,0,0,0,1,0,0,0,0,0,0,0,0,4,0
77826320,41688325,0,42825308,44651176,270565420,270630924,270565423,3,2,1,0,2,1,1,1,0,0,0,0,0,1,0,0,0,0,0,0,0,0,4,0
78336517,41688325,0,42825308,44651176,270565420,270630924,270565423,3,2,1,0,2,1,1,1,0,0,0,0,0,1,0,0,0,0,0,0,0,0,4,0
78844898,41688325,0,42825308,44651176,270565420,270630924,270565423,3,2,1,0,2,1,1,1,0,0,0,0,0,1,0,0,0,0,0,0,0,0,4,0
79356454,41688325,0,42825308,44651176,270565420,270630924,270565423,3,2,1,0,2,1,1,1,0,0,0,0,0,1,0,0,0,0,0,0,0,0,4,0
79865393,41688325,0,42825308,44651176,270565420,270630924,270565423,3,2,1,0,2,1,1,1,0,0,0,0,0,1,0,0,0,0,0,0,0,0,4,0
80373319,41688325,0,42825308,44651176,270565420,270630924,270565423,3,2,1,0,2,1,1,1,0,0,0,0,0,1,0,0,0,0,0,0,0,0,4,0
80882320,41688325,0,42825308,44651176,270565420,270630924,270565423,3,2,1,0,2,1,1,1,0,0,0,0,0,1,0,0,0,0,0,0,0,0,4,0
81391361,41688325,0,42825308,44651176,270565420,270630924,270565423,3,2,1,0,2,1,1,1,0,0,0,0,0,1,0,0,0,0,0,0,0,0,4,0
81900320,41688325,0,42825308,44651176,270565420,270630924,270565423,3,2,1,0,2,1,1,1,0,0,0,0,0,1,0,0,0,0,0,0,0,0,4,0
82409349,41688325,0,42825308,44651176,270565420,270630924,270565423,3,2,1,0,2,1,1,1,0,0,0,0,0,1,0,0,0,0,0,0,0,0,4,0
82919749,41688325,0,42825308,44651176,270565420,270630924,270565423,3,2,1,0,2,1,1,1,0,0,0,0,0,1,0,0,0,0,0,0,0,0,4,0
83425357,41688325,0,42825308,44651176,270565420,270630924,270565423,3,2,1,0,2,1,1,1,0,0,0,0,0,1,0,0,0,0,0,0,0,0,4,0
83934356,41688325,0,42825308,44651176,270565420,270630924,270565423,3,2,1,0,2,1,1,1,0,0,0,0,0,1,0,0,0,0,0,0,0,0,4,0
84435699,41688325,0,42825308,44651176,270565420,270630924,270565423,3,2,1,0,2,1,1,1,0,0,0,0,0,1,0,0,0,0,0,0,0,0,4,0
84945321,41688325,0,42825308,44651176,270565420,270630924,270565423,3,2,1,0,2,1,1,1,0,0,0,0,0,1,0,0,0,0,0,0,0,0,4,0
85454321,41688325,0,42825308,44651176,270565420,270630924,270565423,3,2,1,0,2,1,1,1,0,0,0,0,0,1,0,0,0,0,0,0,0,0,4,0
85962381,41688325,0,42825308,44651176,270565420,270630924,270565423,3,2,1,0,2,1,1,1,0,0,0,0,0,1,0,0,0,0,0,0,0,0,4,0
86469351,41688325,0,42825308,44651176,270565420,270630924,270565423,3,2,1,0,2,1,1,1,0,0,0,0,0,1,0,0,0,0,0,0,0,0,4,0
86977370,41688325,0,42825308,44651176,270565420,270630924,270565423,3,2,1,0,2,1,1,1,0,0,0,0,0,1,0,0,0,0,0,0,0,0,4,0
87485319,41688325,0,42825308,44651176,270565420,270630924,270565423,3,2,1,0,2,1,1,1,0,0,0,0,0,1,0,0,0,0,0,0,0,0,4,0
87992652,41688325,0,42825308,44651176,270565420,270630924,270565423,3,2,1,0,2,1,1,1,0,0,0,0,0,1,0,0,0,0,0,0,0,0,4,0
88499321,41688325,0,42825308,44651176,270565420,270630924,270565423,3,2,1,0,2,1,1,1,0,0,0,0,0,1,0,0,0,0,0,0,0,0,4,0
89009320,41688325,0,42825308,44651176,270565420,270630924,270565423,3,2,1,0,2,1,1,1,0,0,0,0,0,1,0,0,0,0,0,0,0,0,4,0
89518382,41688325,0,42825308,44651176,270565420,270630924,270565423,3,2,1,0,2,1,1,1,0,0,0,0,0,1,0,0,0,0,0,0,0,0,4,0
90029422,41688325,0,42825308,44651176,270565420,270630924,270565423,3,2,1,0,2,1,1,1,0,0,0,0,0,1,0,0,0,0,0,0,0,0,4,0
90538320,41688325,0,42825308,44651176,270565420,270630924,270565423,3,2,1,0,2,1,1,1,0,0,0,0,0,1,0,0,0,0,0,0,0,0,4,0
91046320,41688325,0,42825308,44651176,270565420,270630924,270565423,3,2,1,0,2,1,1,1,0,0,0,0,0,1,0,0,0,0,0,0,0,0,4,0
91556523,41688325,0,42825308,44651176,270565420,270630924,270565423,3,2,1,0,2,1,1,1,0,0,0,0,0,1,0,0,0,0,0,0,0,0,4,0
92065327,41688325,0,42825308,44651176,270565420,270630924,270565423,3,2,1,0,2,1,1,1,0,0,0,0,0,1,0,0,0,0,0,0,0,0,4,0
92573321,41688325,0,42825308,44651176,270565420,270630924,270565423,3,2,1,0,2,1,1,1,0,0,0,0,0,1,0,0,0,0,0,0,0,0,4,0
93073350,41688325,0,42825308,44651176,270565420,270630924,270565423,3,2,1,0,2,1,1,1,0,0,0,0,0,1,0,0,0,0,0,0,0,0,4,0
93582319,41688325,0,42825308,44651176,270565420,270630924,270565423,3,2,1,0,2,1,1,1,0,0,0,0,0,1,0,0,0,0,0,0,0,0,4,0
94092965,41688325,0,42825308,44651176,270565420,270630924,270565423,3,2,1,0,2,1,1,1,0,0,0,0,0,1,0,0,0,0,0,0,0,0,4,0
94602324,41688325,0,42825308,44651176,270565420,270630924,270565423,3,2,1,0,2,1,1,1,0,0,0,0,0,1,0,0,0,0,0,0,0,0,4,0
95110319,41688325,0,42825308,44651176,270565420,270630924,270565423,3,2,1,0,2,1,1,1,0,0,0,0,0,1,0,0,0,0,0,0,0,0,4,0
95621356,41688325,0,42825308,44651176,270565420,270630924,270565423,3,2,1,0,2,1,1,1,0,0,0,0,0,1,0,0,0,0,0,0,0,0,4,0
96123320,41688325,0,42825308,44651176,270565420,270630924,270565423,3,2,1,0,2,1,1,1,0,0,0,0,0,1,0,0,0,0,0,0,0,0,4,0
96633326,41688325,0,42825308,44651176,270565420,270630924,270565423,3,2,1,0,2,1,1,1,0,0,0,0,0,1,0,0,0,0,0,0,0,0,4,0
97141372,41688325,0,42825308,44651176,270565420,270630924,270565423,3,2,1,0,2,1,1,1,0,0,0,0,0,1,0,0,0,0,0,0,0,0,4,0
97649420,41688325,0,42825308,44651176,270565420,270630924,270565423,3,2,1,0,2,1,1,1,0,0,0,0,0,1,0,0,0,0,0,0,0,0,4,0
98151319,41688325,0,42825308,44651176,270565420,270630924,270565423,3,2,1,0,2,1,1,1,0,0,0,0,0,1,0,0,0,0,0,0,0,0,4,0
98653395,41688325,0,42825308,44651176,270565420,270630924,270565423,3,2,1,0,2,1,1,1,0,0,0,0,0,1,0,0,0,0,0,0,0,0,4,0
99154595,41688325,0,42825308,44651176,270565420,270630924,270565423,3,2,1,0,2,1,1,1,0,0,0,0,0,1,0,0,0,0,0,0,0,0,4,0
99660676,41688325,0,42825308,44651176,270565420,270630924,270565423,3,2,1,0,2,1,1,1,0,0,0,0,0,1,0,0,0,0,0,0,0,0,4,0
100164888,41688325,0,42825308,44651176,270565420,270630924,270565423,3,2,1,0,2,1,1,1,0,0,0,0,0,1,0,0,0,0,0,0,0,0,4,0
100665324,41688325,0,42825308,44651176,270565420,270630924,270565423,3,2,1,0,2,1,1,1,0,0,0,0,0,1,0,0,0,0,0,0,0,0,4,0
101167319,41688325,0,42825308,44651176,270565420,270630924,270565423,3,2,1,0,2,1,1,1,0,0,0,0,0,1,0,0,0,0,0,0,0,0,4,0
101669338,41688325,0,42825308,44651176,270565420,270630924,270565423,3,2,1,0,2,1,1,1,0,0,0,0,0,1,0,0,0,0,0,0,0,0,4,0
102180850,41688325,0,42825308,44651176,270565420,270630924,270565423,3,2,1,0,2,1,1,1,0,0,0,0,0,1,0,0,0,0,0,0,0,0,4,0
102685441,41688325,0,42825308,44651176,270565420,270630924,270565423,3,2,1,0,2,1,1,1,0,0,0,0,0,1,0,0,0,0,0,0,0,0,4,0
103196387,41688325,0,42825308,44651176,270565420,270630924,270565423,3,2,1,0,2,1,1,1,0,0,0,0,0,1,0,0,0,0,0,0,0,0,4,0
103703326,41688325,0,42825308,44651176,270565420,270630924,270565423,3,2,1,0,2,1,1,1,0,0,0,0,0,1,0,0,0,0,0,0,0,0,4,0
104205471,41688325,0,42825308,44651176,270565420,270630924,270565423,3,2,1,0,2,1,1,1,0,0,0,0,0,1,0,0,0,0,0,0,0,0,4,0
104707319,41688325,0,42825308,44651176,270565420,270630924,270565423,3,2,1,0,2,1,1,1,0,0,0,0,0,1,0,0,0,0,0,0,0,0,4,0
105217504,41688325,0,42825308,44651176,270565420,270630924,270565423,3,2,1,0,2,1,1,1,0,0,0,0,0,1,0,0,0,0,0,0,0,0,4,0
105725319,41688325,0,42825308,44651176,270565420,270630924,270565423,3,2,1,0,2,1,1,1,0,0,0,0,0,1,0,0,0,0,0,0,0,0,4,0
106234364,41688325,0,42825308,44651176,270565420,270630924,270565423,3,2,1,0,2,1,1,1,0,0,0,0,0,1,0,0,0,0,0,0,0,0,4,0
106734554,41688325,0,42825308,44651176,270565420,270630924,270565423,3,2,1,0,2,1,1,1,0,0,0,0,0,1,0,0,0,0,0,0,0,0,4,0
107243319,41688325,0,42825308,44651176,270565420,270630924,270565423,3,2,1,0,2,1,1,1,0,0,0,0,0,1,0,0,0,0,0,0,0,0,4,0
107752597,41688325,0,42825308,44651176,270565420,270630924,270565423,3,2,1,0,2,1,1,1,0,0,0,0,0,1,0,0,0,0,0,0,0,0,4,0
108259320,41688325,0,42825308,44651176,270565420,270630924,270565423,3,2,1,0,2,1,1,1,0,0,0,0,0,1,0,0,0,0,0,0,0,0,4,0
108765322,41688325,0,42825308,44651176,270565420,270630924,270565423,3,2,1,0,2,1,1,1,0,0,0,0,0,1,0,0,0,0,0,0,0,0,4,0
109271320,41688325,0,42825308,44651176,270565420,270630924,270565423,3,2,1,0,2,1,1,1,0,0,0,0,0,1,0,0,0,0,0,0,0,0,4,0
109778320,41688325,0,42825308,44651176,270565420,270630924,270565423,3,2,1,0,2,1,1,1,0,0,0,0,0,1,0,0,0,0,0,0,0,0,4,0
110285321,41688325,0,42825308,44651176,270565420,270630924,270565423,3,2,1,0,2,1,1,1,0,0,0,0,0,1,0,0,0,0,0,0,0,0,4,0
110793321,41688325,0,42825308,44651176,270565420,270630924,270565423,3,2,1,0,2,1,1,1,0,0,0,0,0,1,0,0,0,0,0,0,0,0,4,0
111303321,41688325,0,42825308,44651176,270565420,270630924,270565423,3,2,1,0,2,1,1,1,0,0,0,0,0,1,0,0,0,0,0,0,0,0,4,0
111810322,41688325,0,42825308,44651176,270565420,270630924,270565423,3,2,1,0,2,1,1,1,0,0,0,0,0,1,0,0,0,0,0,0,0,0,4,0
112318512,41688325,0,42825308,44651176,270565420,270630924,270565423,3,2,1,0,2,1,1,1,0,0,0,0,0,1,0,0,0,0,0,0,0,0,4,0
112825749,41688325,0,42825308,44651176,270565420,270630924,270565423,3,2,1,0,2,1,1,1,0,0,0,0,0,1,0,0,0,0,0,0,0,0,4,0
113334351,41688325,0,42825308,44651176,270565420,270630924,270565423,3,2,1,0,2,1,1,1,0,0,0,0,0,1,0,0,0,0,0,0,0,0,4,0
113841449,41688325,0,42825308,44651176,270565420,270630924,270565423,3,2,1,0,2,1,1,1,0,0,0,0,0,1,0,0,0,0,0,0,0,0,4,0
114352793,41688325,0,42825308,44651176,270565420,270630924,270565423,3,2,1,0,2,1,1,1,0,0,0,0,0,1,0,0,0,0,0,0,0,0,4,0
114860321,41688325,0,42825308,44651176,270565420,270630924,270565423,3,2,1,0,2,1,1,1,0,0,0,0,0,1,0,0,0,0,0,0,0,0,4,0
115364366,41688325,0,42825308,44651176,270565420,270630924,270565423,3,2,1,0,2,1,1,1,0,0,0,0,0,1,0,0,0,0,0,0,0,0,4,0
115873588,41688325,0,42825308,44651176,270565420,270630924,270565423,3,2,1,0,2,1,1,1,0,0,0,0,0,1,0,0,0,0,0,0,0,0,4,0
116378947,41688325,0,42825308,44651176,270565420,270630924,270565423,3,2,1,0,2,1,1,1,0,0,0,0,0,1,0,0,0,0,0,0,0,0,4,0
116880319,41688325,0,42825308,44651176,270565420,270630924,270565423,3,2,1,0,2,1,1,1,0,0,0,0,0,1,0,0,0,0,0,0,0,0,4,0
117385590,41688325,0,42825308,44651176,270565420,270630924,270565423,3,2,1,0,2,1,1,1,0,0,0,0,0,1,0,0,0,0,0,0,0,0,4,0
117889723,41688325,0,42825308,44651176,270565420,270630924,270565423,3,2,1,0,2,1,1,1,0,0,0,0,0,1,0,0,0,0,0,0,0,0,4,0
118397364,41688325,0,42825308,44651176,270565420,270630924,270565423,3,2,1,0,2,1,1,1,0,0,0,0,0,1,0,0,0,0,0,0,0,0,4,0
118907319,41688325,0,42825308,44651176,270565420,270630924,270565423,3,2,1,0,2,1,1,1,0,0,0,0,0,1,0,0,0,0,0,0,0,0,4,0
119415391,41688325,0,42825308,44651176,270565420,270630924,270565423,3,2,1,0,2,1,1,1,0,0,0,0,0,1,0,0,0,0,0,0,0,0,4,0
119921548,41688325,0,42825308,44651176,270565420,270630924,270565423,3,2,1,0,2,1,1,1,0,0,0,0,0,1,0,0,0,0,0,0,0,0,4,0
120430697,41688325,0,42825308,44651176,270565420,270630924,270565423,3,2,1,0,2,1,1,1,0,0,0,0,0,1,0,0,0,0,0,0,0,0,4,0
120933354,41688325,0,42825308,44651176,270565420,270630924,270565423,3,2,1,0,2,1,1,1,0,0,0,0,0,1,0,0,0,0,0,0,0,0,4,0
121440047,41688325,0,42825308,44651176,270565420,270630924,270565423,3,2,1,0,2,1,1,1,0,0,0,0,0,1,0,0,0,0,0,0,0,0,4,0
121942587,41688325,0,42825308,44651176,270565420,270630924,270565423,3,2,1,0,2,1,1,1,0,0,0,0,0,1,0,0,0,0,0,0,0,0,4,0
122444351,41688325,0,42825308,44651176,270565420,270630924,270565423,3,2,1,0,2,1,1,1,0,0,0,0,0,1,0,0,0,0,0,0,0,0,4,0
122947319,41688325,0,42825308,44651176,270565420,270630924,270565423,3,2,1,0,2,1,1,1,0,0,0,0,0,1,0,0,0,0,0,0,0,0,4,0
123453698,41688325,0,42825308,44651176,270565420,270630924,270565423,3,2,1,0,2,1,1,1,0,0,0,0,0,1,0,0,0,0,0,0,0,0,4,0
123957724,41688325,0,42825308,44651176,270565420,270630924,270565423,3,2,1,0,2,1,1,1,0,0,0,0,0,1,0,0,0,0,0,0,0,0,4,0
124458605,41688325,0,42825308,44651176,270565420,270630924,270565423,3,2,1,0,2,1,1,1,0,0,0,0,0,1,0,0,0,0,0,0,0,0,4,0
124967811,41688325,0,42825308,44651176,270565420,270630924,270565423,3,2,1,0,2,1,1,1,0,0,0,0,0,1,0,0,0,0,0,0,0,0,4,0
125479296,41688325,0,42825308,44651176,270565420,270630924,270565423,3,2,1,0,2,1,1,1,0,0,0,0,0,1,0,0,0,0,0,0,0,0,4,0
125984322,41688325,0,42825308,44651176,270565420,270630924,270565423,3,2,1,0,2,1,1,1,0,0,0,0,0,1,0,0,0,0,0,0,0,0,4,0
126488320,41688325,0,42825308,44651176,270565420,270630924,270565423,3,2,1,0,2,1,1,1,0,0,0,0,0,1,0,0,0,0,0,0,0,0,4,0
126999321,41688325,0,42825308,44651176,270565420,270630924,270565423,3,2,1,0,2,1,1,1,0,0,0,0,0,1,0,0,0,0,0,0,0,0,4,0
127510320,41688325,0,42825308,44651176,270565420,270630924,270565423,3,2,1,0,2,1,1,1,0,0,0,0,0,1,0,0,0,0,0,0,0,0,4,0
128011556,41688325,0,42825308,44651176,270565420,270630924,270565423,3,2,1,0,2,1,1,1,0,0,0,0,0,1,0,0,0,0,0,0,0,0,4,0
128512327,41688325,0,42825308,44651176,270565420,270630924,270565423,3,2,1,0,2,1,1,1,0,0,0,0,0,1,0,0,0,0,0,0,0,0,4,0
129022322,41688325,0,42825308,44651176,270565420,270630924,270565423,3,2,1,0,2,1,1,1,0,0,0,0,0,1,0,0,0,0,0,0,0,0,4,0
129524348,41688325,0,42825308,44651176,270565420,270630924,270565423,3,2,1,0,2,1,1,1,0,0,0,0,0,1,0,0,0,0,0,0,0,0,4,0
130033876,41688325,0,42825308,44651176,270565420,270630924,270565423,3,2,1,0,2,1,1,1,0,0,0,0,0,1,0,0,0,0,0,0,0,0,4,0
130538362,41688325,0,42825308,44651176,270565420,270630924,270565423,3,2,1,0,2,1,1,1,0,0,0,0,0,1,0,0,0,0,0,0,0,0,4,0
131040351,41688325,0,42825308,44651176,270565420,270630924,270565423,3,2,1,0,2,1,1,1,0,0,0,0,0,1,0,0,0,0,0,0,0,0,4,0
131541321,41688325,0,42825308,44651176,270565420,270630924,270565423,3,2,1,0,2,1,1,1,0,0,0,0,0,1,0,0,0,0,0,0,0,0,4,0
132048320,41688325,0,42825308,44651176,270565420,270630924,270565423,3,2,1,0,2,1,1,1,0,0,0,0,0,1,0,0,0,0,0,0,0,0,4,0
132558321,41688325,0,42825308,44651176,270565420,270630924,270565423,3,2,1,0,2,1,1,1,0,0,0,0,0,1,0,0,0,0,0,0,0,0,4,0
133066324,41688325,0,42825308,44651176,270565420,270630924,270565423,3,2,1,0,2,1,1,1,0,0,0,0,0,1,0,0,0,0,0,0,0,0,4,0
133576410,41688325,0,42825308,44651176,270565420,270630924,270565423,3,2,1,0,2,1,1,1,0,0,0,0,0,1,0,0,0,0,0,0,0,0,4,0
134084319,41688325,0,42825308,44651176,270565420,270630924,270565423,3,2,1,0,2,1,1,1,0,0,0,0,0,1,0,0,0,0,0,0,0,0,4,0
134592320,41688325,0,42825308,44651176,270565420,270630924,270565423,3,2,1,0,2,1,1,1,0,0,0,0,0,1,0,0,0,0,0,0,0,0,4,0
135101321,41688325,0,42825308,44651176,270565420,270630924,270565423,3,2,1,0,2,1,1,1,0,0,0,0,0,1,0,0,0,0,0,0,0,0,4,0
135602490,41688325,0,42825308,44651176,270565420,270630924,270565423,3,2,1,0,2,1,1,1,0,0,0,0,0,1,0,0,0,0,0,0,0,0,4,0
136109613,41688325,0,42825308,44651176,270565420,270630924,270565423,3,2,1,0,2,1,1,1,0,0,0,0,0,1,0,0,0,0,0,0,0,0,4,0
136610958,41688325,0,42825308,44651176,270565420,270630924,270565423,3,2,1,0,2,1,1,1,0,0,0,0,0,1,0,0,0,0,0,0,0,0,4,0
137118423,41688325,0,42825308,44651176,270565420,270630924,270565423,3,2,1,0,2,1,1,1,0,0,0,0,0,1,0,0,0,0,0,0,0,0,4,0
137620352,41688325,0,42825308,44651176,270565420,270630924,270565423,3,2,1,0,2,1,1,1,0,0,0,0,0,1,0,0,0,0,0,0,0,0,4,0
138130370,41688325,0,42825308,44651176,270565420,270630924,270565423,3,2,1,0,2,1,1,1,0,0,0,0,0,1,0,0,0,0,0,0,0,0,4,0
138639320,41688325,0,42825308,44651176,270565420,270630924,270565423,3,2,1,0,2,1,1,1,0,0,0,0,0,1,0,0,0,0,0,0,0,0,4,0
139146449,41688325,0,42825308,44651176,270565420,270630924,270565423,3,2,1,0,2,1,1,1,0,0,0,0,0,1,0,0,0,0,0,0,0,0,4,0
139655320,41688325,0,42825308,44651176,270565420,270630924,270565423,3,2,1,0,2,1,1,1,0,0,0,0,0,1,0,0,0,0,0,0,0,0,4,0
140165320,41688325,0,42825308,44651176,270565420,270630924,270565423,3,2,1,0,2,1,1,1,0,0,0,0,0,1,0,0,0,0,0,0,0,0,4,0
140668837,41688325,0,42825308,44651176,270565420,270630924,270565423,3,2,1,0,2,1,1,1,0,0,0,0,0,1,0,0,0,0,0,0,0,0,4,0
141175354,41688325,0,42825308,44651176,270565420,270630924,270565423,3,2,1,0,2,1,1,1,0,0,0,0,0,1,0,0,0,0,0,0,0,0,4,0
141679321,41688325,0,42825308,44651176,270565420,270630924,270565423,3,2,1,0,2,1,1,1,0,0,0,0,0,1,0,0,0,0,0,0,0,0,4,0
142189354,41688325,0,42825308,44651176,270565420,270630924,270565423,3,2,1,0,2,1,1,1,0,0,0,0,0,1,0,0,0,0,0,0,0,0,4,0
142692470,41688325,0,42825308,44651176,270565420,270630924,270565423,3,2,1,0,2,1,1,1,0,0,0,0,0,1,0,0,0,0,0,0,0,0,4,0
143199352,41688325,0,42825308,44651176,270565420,270630924,270565423,3,2,1,0,2,1,1,1,0,0,0,0,0,1,0,0,0,0,0,0,0,0,4,0
143703230,41688325,0,42825308,44651176,270565420,270630924,270565423,3,2,1,0,2,1,1,1,0,0,0,0,0,1,0,0,0,0,0,0,0,0,4,0
144203321,41688325,0,42825308,44651176,270565420,270630924,270565423,3,2,1,0,2,1,1,1,0,0,0,0,0,1,0,0,0,0,0,0,0,0,4,0
144708737,41688325,0,42825308,44651176,270565420,270630924,270565423,3,2,1,0,2,1,1,1,0,0,0,0,0,1,0,0,0,0,0,0,0,0,4,0
145216352,41688325,0,42825308,44651176,270565420,270630924,270565423,3,2,1,0,2,1,1,1,0,0,0,0,0,1,0,0,0,0,0,0,0,0,4,0
145723254,41688325,0,42825308,44651176,270565420,270630924,270565423,3,2,1,0,2,1,1,1,0,0,0,0,0,1,0,0,0,0,0,0,0,0,4,0
146223320,41688325,0,42825308,44651176,270565420,270630924,270565423,3,2,1,0,2,1,1,1,0,0,0,0,0,1,0,0,0,0,0,0,0,0,4,0
146728325,41688325,0,42825308,44651176,270565420,270630924,270565423,3,2,1,0,2,1,1,1,0,0,0,0,0,1,0,0,0,0,0,0,0,0,4,0
147237320,41688325,0,42825308,44651176,270565420,270630924,270565423,3,2,1,0,2,1,1,1,0,0,0,0,0,1,0,0,0,0,0,0,0,0,4,0
147738738,41688325,0,42825308,44651176,270565420,270630924,270565423,3,2,1,0,2,1,1,1,0,0,0,0,0,1,0,0,0,0,0,0,0,0,4,0
148240352,41688325,0,42825308,44651176,270565420,270630924,270565423,3,2,1,0,2,1,1,1,0,0,0,0,0,1,0,0,0,0,0,0,0,0,4,0
148743204,41688325,0,42825308,44651176,270565420,270630924,270565423,3,2,1,0,2,1,1,1,0,0,0,0,0,1,0,0,0,0,0,0,0,0,4,0
149251137,41688325,0,42825308,44651176,270565420,270630924,270565423,3,2,1,0,2,1,1,1,0,0,0,0,0,1,0,0,0,0,0,0,0,0,4,0
149761320,41688325,0,42825308,44651176,270565420,270630924,270565423,3,2,1,0,2,1,1,1,0,0,0,0,0,1,0,0,0,0,0,0,0,0,4,0
150262956,41688325,0,42825308,44651176,270565420,270630924,270565423,3,2,1,0,2,1,1,1,0,0,0,0,0,1,0,0,0,0,0,0,0,0,4,0
150763345,41688325,0,42825308,44651176,270565420,270630924,270565423,3,2,1,0,2,1,1,1,0,0,0,0,0,1,0,0,0,0,0,0,0,0,4,0
151264319,41688325,0,42825308,44651176,270565420,270630924,270565423,3,2,1,0,2,1,1,1,0,0,0,0,0,1,0,0,0,0,0,0,0,0,4,0
151773321,41688325,0,42825308,44651176,270565420,270630924,270565423,3,2,1,0,2,1,1,1,0,0,0,0,0,1,0,0,0,0,0,0,0,0,4,0
152281321,41688325,0,42825308,44651176,270565420,270630924,270565423,3,2,1,0,2,1,1,1,0,0,0,0,0,1,0,0,0,0,0,0,0,0,4,0
152790363,41688325,0,42825308,44651176,270565420,270630924,270565423,3,2,1,0,2,1,1,1,0,0,0,0,0,1,0,0,0,0,0,0,0,0,4,0
153298885,41688325,0,42825308,44651176,270565420,270630924,270565423,3,2,1,0,2,1,1,1,0,0,0,0,0,1,0,0,0,0,0,0,0,0,4,0
153807320,41688325,0,42825308,44651176,270565420,270630924,270565423,3,2,1,0,2,1,1,1,0,0,0,0,0,1,0,0,0,0,0,0,0,0,4,0
154315627,41688325,0,42825308,44651176,270565420,270630924,270565423,3,2,1,0,2,1,1,1,0,0,0,0,0,1,0,0,0,0,0,0,0,0,4,0
154824321,41688325,0,42825308,44651176,270565420,270630924,270565423,3,2,1,0,2,1,1,1,0,0,0,0,0,1,0,0,0,0,0,0,0,0,4,0
155330831,41688325,0,42825308,44651176,270565420,270630924,270565423,3,2,1,0,2,1,1,1,0,0,0,0,0,1,0,0,0,0,0,0,0,0,4,0
155839533,41688325,0,42825308,44651176,270565420,270630924,270565423,3,2,1,0,2,1,1,1,0,0,0,0,0,1,0,0,0,0,0,0,0,0,4,0
156341322,41688325,0,42825308,44651176,270565420,270630924,270565423,3,2,1,0,2,1,1,1,0,0,0,0,0,1,0,0,0,0,0,0,0,0,4,0
156849319,41688325,0,42825308,44651176,270565420,270630924,270565423,3,2,1,0,2,1,1,1,0,0,0,0,0,1,0,0,0,0,0,0,0,0,4,0
157358437,41688325,0,42825308,44651176,270565420,270630924,270565423,3,2,1,0,2,1,1,1,0,0,0,0,0,1,0,0,0,0,0,0,0,0,4,0
157866361,41688325,0,42825308,44651176,270565420,270630924,270565423,3,2,1,0,2,1,1,1,0,0,0,0,0,1,0,0,0,0,0,0,0,0,4,0
158373320,41688325,0,42825308,44651176,270565420,270630924,270565423,3,2,1,0,2,1,1,1,0,0,0,0,0,1,0,0,0,0,0,0,0,0,4,0
158880320,41688325,0,42825308,44651176,270565420,270630924,270565423,3,2,1,0,2,1,1,1,0,0,0,0,0,1,0,0,0,0,0,0,0,0,4,0
159387351,41688325,0,42825308,44651176,270565420,270630924,270565423,3,2,1,0,2,1,1,1,0,0,0,0,0,1,0,0,0,0,0,0,0,0,4,0
159897321,41688325,0,42825308,44651176,270565420,270630924,270565423,3,2,1,0,2,1,1,1,0,0,0,0,0,1,0,0,0,0,0,0,0,0,4,0
160404320,41688325,0,42825308,44651176,270565420,270630924,270565423,3,2,1,0,2,1,1,1,0,0,0,0,0,1,0,0,0,0,0,0,0,0,4,0
160911847,41688325,0,42825308,44651176,270565420,270630924,270565423,3,2,1,0,2,1,1,1,0,0,0,0,0,1,0,0,0,0,0,0,0,0,4,0
161412320,41688325,0,42825308,44651176,270565420,270630924,270565423,3,2,1,0,2,1,1,1,0,0,0,0,0,1,0,0,0,0,0,0,0,0,4,0
161921350,41688325,0,42825308,44651176,270565420,270630924,270565423,3,2,1,0,2,1,1,1,0,0,0,0,0,1,0,0,0,0,0,0,0,0,4,0
162427380,41688325,0,42825308,44651176,270565420,270630924,270565423,3,2,1,0,2,1,1,1,0,0,0,0,0,1,0,0,0,0,0,0,0,0,4,0
162935383,41688325,0,42825308,44651176,270565420,270630924,270565423,3,2,1,0,2,1,1,1,0,0,0,0,0,1,0,0,0,0,0,0,0,0,4,0
163443819,41688325,0,42825308,44651176,270565420,270630924,270565423,3,2,1,0,2,1,1,1,0,0,0,0,0,1,0,0,0,0,0,0,0,0,4,0
163952321,41688325,0,42825308,44651176,270565420,270630924,270565423,3,2,1,0,2,1,1,1,0,0,0,0,0,1,0,0,0,0,0,0,0,0,4,0
164461323,41688325,0,42825308,44651176,270565420,270630924,270565423,3,2,1,0,2,1,1,1,0,0,0,0,0,1,0,0,0,0,0,0,0,0,4,0
164971658,41688325,0,42825308,44651176,270565420,270630924,270565423,3,2,1,0,2,1,1,1,0,0,0,0,0,1,0,0,0,0,0,0,0,0,4,0
165480321,41688325,0,42825308,44651176,270565420,270630924,270565423,3,2,1,0,2,1,1,1,0,0,0,0,0,1,0,0,0,0,0,0,0,0,4,0
165986380,41688325,0,42825308,44651176,270565420,270630924,270565423,3,2,1,0,2,1,1,1,0,0,0,0,0,1,0,0,0,0,0,0,0,0,4,0
166496020,41688325,0,42825308,44651176,270565420,270630924,270565423,3,2,1,0,2,1,1,1,0,0,0,0,0,1,0,0,0,0,0,0,0,0,4,0
167002322,41688325,0,42825308,44651176,270565420,270630924,270565423,3,2,1,0,2,1,1,1,0,0,0,0,0,1,0,0,0,0,0,0,0,0,4,0
167508324,41688325,0,42825308,44651176,270565420,270630924,270565423,3,2,1,0,2,1,1,1,0,0,0,0,0,1,0,0,0,0,0,0,0,0,4,0
168008329,41688325,0,42825308,44651176,270565420,270630924,270565423,3,2,1,0,2,1,1,1,0,0,0,0,0,1,0,0,0,0,0,0,0,0,4,0
168511927,41688325,0,42825308,44651176,270565420,270630924,270565423,3,2,1,0,2,1,1,1,0,0,0,0,0,1,0,0,0,0,0,0,0,0,4,0
169020325,41688325,0,42825308,44651176,270565420,270630924,270565423,3,2,1,0,2,1,1,1,0,0,0,0,0,1,0,0,0,0,0,0,0,0,4,0
169526324,41688325,0,42825308,44651176,270565420,270630924,270565423,3,2,1,0,2,1,1,1,0,0,0,0,0,1,0,0,0,0,0,0,0,0,4,0
170036324,41688325,0,42825308,44651176,270565420,270630924,270565423,3,2,1,0,2,1,1,1,0,0,0,0,0,1,0,0,0,0,0,0,0,0,4,0
170542336,41688325,0,42825308,44651176,270565420,270630924,270565423,3,2,1,0,2,1,1,1,0,0,0,0,0,1,0,0,0,0,0,0,0,0,4,0
171052321,41688325,0,42825308,44651176,270565420,270630924,270565423,3,2,1,0,2,1,1,1,0,0,0,0,0,1,0,0,0,0,0,0,0,0,4,0
171560345,41688325,0,42825308,44651176,270565420,270630924,270565423,3,2,1,0,2,1,1,1,0,0,0,0,0,1,0,0,0,0,0,0,0,0,4,0
172066350,41688325,0,42825308,44651176,270565420,270630924,270565423,3,2,1,0,2,1,1,1,0,0,0,0,0,1,0,0,0,0,0,0,0,0,4,0
172566396,41688325,0,42825308,44651176,270565420,270630924,270565423,3,2,1,0,2,1,1,1,0,0,0,0,0,1,0,0,0,0,0,0,0,0,4,0
173076353,41688325,0,42825308,44651176,270565420,270630924,270565423,3,2,1,0,2,1,1,1,0,0,0,0,0,1,0,0,0,0,0,0,0,0,4,0
173585352,41688325,0,42825308,44651176,270565420,270630924,270565423,3,2,1,0,2,1,1,1,0,0,0,0,0,1,0,0,0,0,0,0,0,0,4,0
174091847,41688325,0,42825308,44651176,270565420,270630924,270565423,3,2,1,0,2,1,1,1,0,0,0,0,0,1,0,0,0,0,0,0,0,0,4,0
174599938,41688325,0,42825308,44651176,270565420,270630924,270565423,3,2,1,0,2,1,1,1,0,0,0,0,0,1,0,0,0,0,0,0,0,0,4,0
175101353,41688325,0,42825308,44651176,270565420,270630924,270565423,3,2,1,0,2,1,1,1,0,0,0,0,0,1,0,0,0,0,0,0,0,0,4,0
175603573,41688325,0,42825308,44651176,270565420,270630924,270565423,3,2,1,0,2,1,1,1,0,0,0,0,0,1,0,0,0,0,0,0,0,0,4,0
176110354,41688325,0,42825308,44651176,270565420,270630924,270565423,3,2,1,0,2,1,1,1,0,0,0,0,0,1,0,0,0,0,0,0,0,0,4,0
176611350,41688325,0,42825308,44651176,270565420,270630924,270565423,3,2,1,0,2,1,1,1,0,0,0,0,0,1,0,0,0,0,0,0,0,0,4,0
177111604,41688325,0,42825308,44651176,270565420,270630924,270565423,3,2,1,0,2,1,1,1,0,0,0,0,0,1,0,0,0,0,0,0,0,0,4,0
177621866,41688325,0,42825308,44651176,270565420,270630924,270565423,3,2,1,0,2,1,1,1,0,0,0,0,0,1,0,0,0,0,0,0,0,0,4,0
178123825,41688325,0,42825308,44651176,270565420,270630924,270565423,3,2,1,0,2,1,1,1,0,0,0,0,0,1,0,0,0,0,0,0,0,0,4,0
178634326,41688325,0,42825308,44651176,270565420,270630924,270565423,3,2,1,0,2,1,1,1,0,0,0,0,0,1,0,0,0,0,0,0,0,0,4,0
179140855,41688325,0,42825308,44651176,270565420,270630924,270565423,3,2,1,0,2,1,1,1,0,0,0,0,0,1,0,0,0,0,0,0,0,0,4,0
179651320,41688325,0,42825308,44651176,270565420,270630924,270565423,3,2,1,0,2,1,1,1,0,0,0,0,0,1,0,0,0,0,0,0,0,0,4,0
180160611,41688325,0,42825308,44651176,270565420,270630924,270565423,3,2,1,0,2,1,1,1,0,0,0,0,0,1,0,0,0,0,0,0,0,0,4,0
180670320,41688325,0,42825308,44651176,270565420,270630924,270565423,3,2,1,0,2,1,1,1,0,0,0,0,0,1,0,0,0,0,0,0,0,0,4,0
181181322,41688325,0,42825308,44651176,270565420,270630924,270565423,3,2,1,0,2,1,1,1,0,0,0,0,0,1,0,0,0,0,0,0,0,0,4,0
181691387,41688325,0,42825308,44651176,270565420,270630924,270565423,3,2,1,0,2,1,1,1,0,0,0,0,0,1,0,0,0,0,0,0,0,0,4,0
182200519,41688325,0,42825308,44651176,270565420,270630924,270565423,3,2,1,0,2,1,1,1,0,0,0,0,0,1,0,0,0,0,0,0,0,0,4,0
182708472,41688325,0,42825308,44651176,270565420,270630924,270565423,3,2,1,0,2,1,1,1,0,0,0,0,0,1,0,0,0,0,0,0,0,0,4,0
183216320,41688325,0,42825308,44651176,270565420,270630924,270565423,3,2,1,0,2,1,1,1,0,0,0,0,0,1,0,0,0,0,0,0,0,0,4,0
183716703,41688325,0,42825308,44651176,270565420,270630924,270565423,3,2,1,0,2,1,1,1,0,0,0,0,0,1,0,0,0,0,0,0,0,0,4,0
184225325,41688325,0,42825308,44651176,270565420,270630924,270565423,3,2,1,0,2,1,1,1,0,0,0,0,0,1,0,0,0,0,0,0,0,0,4,0
184727396,41688325,0,42825308,44651176,270565420,270630924,270565423,3,2,1,0,2,1,1,1,0,0,0,0,0,1,0,0,0,0,0,0,0,0,4,0
185236655,41688325,0,42825308,44651176,270565420,270630924,270565423,3,2,1,0,2,1,1,1,0,0,0,0,0,1,0,0,0,0,0,0,0,0,4,0
185745320,41688325,0,42825308,44651176,270565420,270630924,270565423,3,2,1,0,2,1,1,1,0,0,0,0,0,1,0,0,0,0,0,0,0,0,4,0
186253322,41688325,0,42825308,44651176,270565420,270630924,270565423,3,2,1,0,2,1,1,1,0,0,0,0,0,1,0,0,0,0,0,0,0,0,4,0
186762394,41688325,0,42825308,44651176,270565420,270630924,270565423,3,2,1,0,2,1,1,1,0,0,0,0,0,1,0,0,0,0,0,0,0,0,4,0
187272141,41688325,0,42825308,44651176,270565420,270630924,270565423,3,2,1,0,2,1,1,1,0,0,0,0,0,1,0,0,0,0,0,0,0,0,4,0
187780322,41688325,0,42825308,44651176,270565420,270630924,270565423,3,2,1,0,2,1,1,1,0,0,0,0,0,1,0,0,0,0,0,0,0,0,4,0
188287319,41688325,0,42825308,44651176,270565420,270630924,270565423,3,2,1,0,2,1,1,1,0,0,0,0,0,1,0,0,0,0,0,0,0,0,4,0
188795662,41688325,0,42825308,44651176,270565420,270630924,270565423,3,2,1,0,2,1,1,1,0,0,0,0,0,1,0,0,0,0,0,0,0,0,4,0
189305319,41688325,0,42825308,44651176,270565420,270630924,270565423,3,2,1,0,2,1,1,1,0,0,0,0,0,1,0,0,0,0,0,0,0,0,4,0
189812426,41688325,0,42825308,44651176,270565420,270630924,270565423,3,2,1,0,2,1,1,1,0,0,0,0,0,1,0,0,0,0,0,0,0,0,4,0
190319323,41688325,0,42825308,44651176,270565420,270630924,270565423,3,2,1,0,2,1,1,1,0,0,0,0,0,1,0,0,0,0,0,0,0,0,4,0
190827692,41688325,0,42825308,44651176,270565420,270630924,270565423,3,2,1,0,2,1,1,1,0,0,0,0,0,1,0,0,0,0,0,0,0,0,4,0
191334325,41688325,0,42825308,44651176,270565420,270630924,270565423,3,2,1,0,2,1,1,1,0,0,0,0,0,1,0,0,0,0,0,0,0,0,4,0
191841190,41688325,0,42825308,44651176,270565420,270630924,270565423,3,2,1,0,2,1,1,1,0,0,0,0,0,1,0,0,0,0,0,0,0,0,4,0
192348552,41688325,0,42825308,44651176,270565420,270630924,270565423,3,2,1,0,2,1,1,1,0,0,0,0,0,1,0,0,0,0,0,0,0,0,4,0
192860517,41688325,0,42825308,44651176,270565420,270630924,270565423,3,2,1,0,2,1,1,1,0,0,0,0,0,1,0,0,0,0,0,0,0,0,4,0
193369321,41688325,0,42825308,44651176,270565420,270630924,270565423,3,2,1,0,2,1,1,1,0,0,0,0,0,1,0,0,0,0,0,0,0,0,4,0
193877319,41688325,0,42825308,44651176,270565420,270630924,270565423,3,2,1,0,2,1,1,1,0,0,0,0,0,1,0,0,0,0,0,0,0,0,4,0
194385360,41688325,0,42825308,44651176,270565420,270630924,270565423,3,2,1,0,2,1,1,1,0,0,0,0,0,1,0,0,0,0,0,0,0,0,4,0
194894337,41688325,0,42825308,44651176,270565420,270630924,270565423,3,2,1,0,2,1,1,1,0,0,0,0,0,1,0,0,0,0,0,0,0,0,4,0
195403319,41688325,0,42825308,44651176,270565420,270630924,270565423,3,2,1,0,2,1,1,1,0,0,0,0,0,1,0,0,0,0,0,0,0,0,4,0
195910319,41688325,0,42825308,44651176,270565420,270630924,270565423,3,2,1,0,2,1,1,1,0,0,0,0,0,1,0,0,0,0,0,0,0,0,4,0
196416938,41688325,0,42825308,44651176,270565420,270630924,270565423,3,2,1,0,2,1,1,1,0,0,0,0,0,1,0,0,0,0,0,0,0,0,4,0
196924456,41688325,0,42825308,44651176,270565420,270630924,270565423,3,2,1,0,2,1,1,1,0,0,0,0,0,1,0,0,0,0,0,0,0,0,4,0
197424829,41688325,0,42825308,44651176,270565420,270630924,270565423,3,2,1,0,2,1,1,1,0,0,0,0,0,1,0,0,0,0,0,0,0,0,4,0
197935942,41688325,0,42825308,44651176,270565420,270630924,270565423,3,2,1,0,2,1,1,1,0,0,0,0,0,1,0,0,0,0,0,0,0,0,4,0
198443322,41688325,0,42825308,44651176,270565420,270630924,270565423,3,2,1,0,2,1,1,1,0,0,0,0,0,1,0,0,0,0,0,0,0,0,4,0
198953339,41688325,0,42825308,44651176,270565420,270630924,270565423,3,2,1,0,2,1,1,1,0,0,0,0,0,1,0,0,0,0,0,0,0,0,4,0
199457331,41688325,0,42825308,44651176,270565420,270630924,270565423,3,2,1,0,2,1,1,1,0,0,0,0,0,1,0,0,0,0,0,0,0,0,4,0
199966319,41688325,0,42825308,44651176,270565420,270630924,270565423,3,2,1,0,2,1,1,1,0,0,0,0,0,1,0,0,0,0,0,0,0,0,4,0
200476618,41688325,0,42825308,44651176,270565420,270630924,270565423,3,2,1,0,2,1,1,1,0,0,0,0,0,1,0,0,0,0,0,0,0,0,4,0
200977321,41688325,0,42825308,44651176,270565420,270630924,270565423,3,2,1,0,2,1,1,1,0,0,0,0,0,1,0,0,0,0,0,0,0,0,4,0
201488677,41688325,0,42825308,44651176,270565420,270630924,270565423,3,2,1,0,2,1,1,1,0,0,0,0,0,1,0,0,0,0,0,0,0,0,4,0
201988975,41688325,0,42825308,44651176,270565420,270630924,270565423,3,2,1,0,2,1,1,1,0,0,0,0,0,1,0,0,0,0,0,0,0,0,4,0
202490354,41688325,0,42825308,44651176,270565420,270630924,270565423,3,2,1,0,2,1,1,1,0,0,0,0,0,1,0,0,0,0,0,0,0,0,4,0
203001234,41688325,0,42825308,44651176,270565420,270630924,270565423,3,2,1,0,2,1,1,1,0,0,0,0,0,1,0,0,0,0,0,0,0,0,4,0
203511322,41688325,0,42825308,44651176,270565420,270630924,270565423,3,2,1,0,2,1,1,1,0,0,0,0,0,1,0,0,0,0,0,0,0,0,4,0
204021320,41688325,0,42825308,44651176,270565420,270630924,270565423,3,2,1,0,2,1,1,1,0,0,0,0,0,1,0,0,0,0,0,0,0,0,4,0
204530340,41688325,0,42825308,44651176,270565420,270630924,270565423,3,2,1,0,2,1,1,1,0,0,0,0,0,1,0,0,0,0,0,0,0,0,4,0
205041320,41688325,0,42825308,44651176,270565420,270630924,270565423,3,2,1,0,2,1,1,1,0,0,0,0,0,1,0,0,0,0,0,0,0,0,4,0
205542321,41688325,0,42825308,44651176,270565420,270630924,270565423,3,2,1,0,2,1,1,1,0,0,0,0,0,1,0,0,0,0,0,0,0,0,4,0
206050320,41688325,0,42825308,44651176,270565420,270630924,270565423,3,2,1,0,2,1,1,1,0,0,0,0,0,1,0,0,0,0,0,0,0,0,4,0
206561352,41688325,0,42825308,44651176,270565420,270630924,270565423,3,2,1,0,2,1,1,1,0,0,0,0,0,1,0,0,0,0,0,0,0,0,4,0
207071368,41688325,0,42825308,44651176,270565420,270630924,270565423,3,2,1,0,2,1,1,1,0,0,0,0,0,1,0,0,0,0,0,0,0,0,4,0
207575325,41688325,0,42825308,44651176,270565420,270630924,270565423,3,2,1,0,2,1,1,1,0,0,0,0,0,1,0,0,0,0,0,0,0,0,4,0
208085375,41688325,0,42825308,44651176,270565420,270630924,270565423,3,2,1,0,2,1,1,1,0,0,0,0,0,1,0,0,0,0,0,0,0,0,4,0
208595362,41688325,0,42825308,44651176,270565420,270630924,270565423,3,2,1,0,2,1,1,1,0,0,0,0,0,1,0,0,0,0,0,0,0,0,4,0
209105324,41688325,0,42825308,44651176,270565420,270630924,270565423,3,2,1,0,2,1,1,1,0,0,0,0,0,1,0,0,0,0,0,0,0,0,4,0
209612997,41688325,0,42825308,44651176,270565420,270630924,270565423,3,2,1,0,2,1,1,1,0,0,0,0,0,1,0,0,0,0,0,0,0,0,4,0
210119319,41688325,0,42825308,44651176,270565420,270630924,270565423,3,2,1,0,2,1,1,1,0,0,0,0,0,1,0,0,0,0,0,0,0,0,4,0
210626325,41688325,0,42825308,44651176,270565420,270630924,270565423,3,2,1,0,2,1,1,1,0,0,0,0,0,1,0,0,0,0,0,0,0,0,4,0
211137336,41688325,0,42825308,44651176,270565420,270630924,270565423,3,2,1,0,2,1,1,1,0,0,0,0,0,1,0,0,0,0,0,0,0,0,4,0
211647358,41688325,0,42825308,44651176,270565420,270630924,270565423,3,2,1,0,2,1,1,1,0,0,0,0,0,1,0,0,0,0,0,0,0,0,4,0
212155320,41688325,0,42825308,44651176,270565420,270630924,270565423,3,2,1,0,2,1,1,1,0,0,0,0,0,1,0,0,0,0,0,0,0,0,4,0
212665426,41688325,0,42825308,44651176,270565420,270630924,270565423,3,2,1,0,2,1,1,1,0,0,0,0,0,1,0,0,0,0,0,0,0,0,4,0
213171322,41688325,0,42825308,44651176,270565420,270630924,270565423,3,2,1,0,2,1,1,1,0,0,0,0,0,1,0,0,0,0,0,0,0,0,4,0
213681124,41688325,0,42825308,44651176,270565420,270630924,270565423,3,2,1,0,2,1,1,1,0,0,0,0,0,1,0,0,0,0,0,0,0,0,4,0
214188389,41688325,0,42825308,44651176,270565420,270630924,270565423,3,2,1,0,2,1,1,1,0,0,0,0,0,1,0,0,0,0,0,0,0,0,4,0
214697321,41688325,0,42825308,44651176,270565420,270630924,270565423,3,2,1,0,2,1,1,1,0,0,0,0,0,1,0,0,0,0,0,0,0,0,4,0
215204728,41688325,0,42825308,44651176,270565420,270630924,270565423,3,2,1,0,2,1,1,1,0,0,0,0,0,1,0,0,0,0,0,0,0,0,4,0
215713320,41688325,0,42825308,44651176,270565420,270630924,270565423,3,2,1,0,2,1,1,1,0,0,0,0,0,1,0,0,0,0,0,0,0,0,4,0
216221320,41688325,0,42825308,44651176,270565420,270630924,270565423,3,2,1,0,2,1,1,1,0,0,0,0,0,1,0,0,0,0,0,0,0,0,4,0
216731324,41688325,0,42825308,44651176,270565420,270630924,270565423,3,2,1,0,2,1,1,1,0,0,0,0,0,1,0,0,0,0,0,0,0,0,4,0
217240390,41688325,0,42825308,44651176,270565420,270630924,270565423,3,2,1,0,2,1,1,1,0,0,0,0,0,1,0,0,0,0,0,0,0,0,4,0
217746350,41688325,0,42825308,44651176,270565420,270630924,270565423,3,2,1,0,2,1,1,1,0,0,0,0,0,1,0,0,0,0,0,0,0,0,4,0
218254353,41688325,0,42825308,44651176,270565420,270630924,270565423,3,2,1,0,2,1,1,1,0,0,0,0,0,1,0,0,0,0,0,0,0,0,4,0
218755320,41688325,0,42825308,44651176,270565420,270630924,270565423,3,2,1,0,2,1,1,1,0,0,0,0,0,1,0,0,0,0,0,0,0,0,4,0
219262321,41688325,0,42825308,44651176,270565420,270630924,270565423,3,2,1,0,2,1,1,1,0,0,0,0,0,1,0,0,0,0,0,0,0,0,4,0
219769733,41688325,0,42825308,44651176,270565420,270630924,270565423,3,2,1,0,2,1,1,1,0,0,0,0,0,1,0,0,0,0,0,0,0,0,4,0
220278378,41688325,0,42825308,44651176,270565420,270630924,270565423,3,2,1,0,2,1,1,1,0,0,0,0,0,1,0,0,0,0,0,0,0,0,4,0
220786320,41688325,0,42825308,44651176,270565420,270630924,270565423,3,2,1,0,2,1,1,1,0,0,0,0,0,1,0,0,0,0,0,0,0,0,4,0
221293559,41688325,0,42825308,44651176,270565420,270630924,270565423,3,2,1,0,2,1,1,1,0,0,0,0,0,1,0,0,0,0,0,0,0,0,4,0
221802112,41688325,0,42825308,44651176,270565420,270630924,270565423,3,2,1,0,2,1,1,1,0,0,0,0,0,1,0,0,0,0,0,0,0,0,4,0
222302209,41688325,0,42825308,44651176,270565420,270630924,270565423,3,2,1,0,2,1,1,1,0,0,0,0,0,1,0,0,0,0,0,0,0,0,4,0
222811319,41688325,0,42825308,44651176,270565420,270630924,270565423,3,2,1,0,2,1,1,1,0,0,0,0,0,1,0,0,0,0,0,0,0,0,4,0
223314352,41688325,0,42825308,44651176,270565420,270630924,270565423,3,2,1,0,2,1,1,1,0,0,0,0,0,1,0,0,0,0,0,0,0,0,4,0
223823320,41688325,0,42825308,44651176,270565420,270630924,270565423,3,2,1,0,2,1,1,1,0,0,0,0,0,1,0,0,0,0,0,0,0,0,4,0
224331372,41688325,0,42825308,44651176,270565420,270630924,270565423,3,2,1,0,2,1,1,1,0,0,0,0,0,1,0,0,0,0,0,0,0,0,4,0
224838351,41688325,0,42825308,44651176,270565420,270630924,270565423,3,2,1,0,2,1,1,1,0,0,0,0,0,1,0,0,0,0,0,0,0,0,4,0
225344317,41688325,0,42825308,44651176,270565420,270630924,270565423,3,2,1,0,2,1,1,1,0,0,0,0,0,1,0,0,0,0,0,0,0,0,4,0
225854368,41688325,0,42825308,44651176,270565420,270630924,270565423,3,2,1,0,2,1,1,1,0,0,0,0,0,1,0,0,0,0,0,0,0,0,4,0
226362362,41688325,0,42825308,44651176,270565420,270630924,270565423,3,2,1,0,2,1,1,1,0,0,0,0,0,1,0,0,0,0,0,0,0,0,4,0
226864353,41688325,0,42825308,44651176,270565420,270630924,270565423,3,2,1,0,2,1,1,1,0,0,0,0,0,1,0,0,0,0,0,0,0,0,4,0
227370355,41688325,0,42825308,44651176,270565420,270630924,270565423,3,2,1,0,2,1,1,1,0,0,0,0,0,1,0,0,0,0,0,0,0,0,4,0
227880365,41688325,0,42825308,44651176,270565420,270630924,270565423,3,2,1,0,2,1,1,1,0,0,0,0,0,1,0,0,0,0,0,0,0,0,4,0
228391368,41688325,0,42825308,44651176,270565420,270630924,270565423,3,2,1,0,2,1,1,1,0,0,0,0,0,1,0,0,0,0,0,0,0,0,4,0
228903119,41688325,0,42825308,44651176,270565420,270630924,270565423,3,2,1,0,2,1,1,1,0,0,0,0,0,1,0,0,0,0,0,0,0,0,4,0
229413964,41688325,0,42825308,44651176,270565420,270630924,270565423,3,2,1,0,2,1,1,1,0,0,0,0,0,1,0,0,0,0,0,0,0,0,4,0
229914354,41688325,0,42825308,44651176,270565420,270630924,270565423,3,2,1,0,2,1,1,1,0,0,0,0,0,1,0,0,0,0,0,0,0,0,4,0
230423320,41688325,0,42825308,44651176,270565420,270630924,270565423,3,2,1,0,2,1,1,1,0,0,0,0,0,1,0,0,0,0,0,0,0,0,4,0
230926651,41688325,0,42825308,44651176,270565420,270630924,270565423,3,2,1,0,2,1,1,1,0,0,0,0,0,1,0,0,0,0,0,0,0,0,4,0
231431326,41688325,0,42825308,44651176,270565420,270630924,270565423,3,2,1,0,2,1,1,1,0,0,0,0,0,1,0,0,0,0,0,0,0,0,4,0
231941732,41688325,0,42825308,44651176,270565420,270630924,270565423,3,2,1,0,2,1,1,1,0,0,0,0,0,1,0,0,0,0,0,0,0,0,4,0
232450321,41688325,0,42825308,44651176,270565420,270630924,270565423,3,2,1,0,2,1,1,1,0,0,0,0,0,1,0,0,0,0,0,0,0,0,4,0
232958473,41688325,0,42825308,44651176,270565420,270630924,270565423,3,2,1,0,2,1,1,1,0,0,0,0,0,1,0,0,0,0,0,0,0,0,4,0
233469344,41688325,0,42825308,44651176,270565420,270630924,270565423,3,2,1,0,2,1,1,1,0,0,0,0,0,1,0,0,0,0,0,0,0,0,4,0
233978323,41688325,0,42825308,44651176,270565420,270630924,270565423,3,2,1,0,2,1,1,1,0,0,0,0,0,1,0,0,0,0,0,0,0,0,4,0
234487374,41688325,0,42825308,44651176,270565420,270630924,270565423,3,2,1,0,2,1,1,1,0,0,0,0,0,1,0,0,0,0,0,0,0,0,4,0
234998516,41688325,0,42825308,44651176,270565420,270630924,270565423,3,2,1,0,2,1,1,1,0,0,0,0,0,1,0,0,0,0,0,0,0,0,4,0
235506321,41688325,0,42825308,44651176,270565420,270630924,270565423,3,2,1,0,2,1,1,1,0,0,0,0,0,1,0,0,0,0,0,0,0,0,4,0
236006447,41688325,0,42825308,44651176,270565420,270630924,270565423,3,2,1,0,2,1,1,1,0,0,0,0,0,1,0,0,0,0,0,0,0,0,4,0
236514403,41688325,0,42825308,44651176,270565420,270630924,270565423,3,2,1,0,2,1,1,1,0,0,0,0,0,1,0,0,0,0,0,0,0,0,4,0
237022556,41688325,0,42825308,44651176,270565420,270630924,270565423,3,2,1,0,2,1,1,1,0,0,0,0,0,1,0,0,0,0,0,0,0,0,4,0
237528356,41688325,0,42825308,44651176,270565420,270630924,270565423,3,2,1,0,2,1,1,1,0,0,0,0,0,1,0,0,0,0,0,0,0,0,4,0
238038320,41688325,0,42825308,44651176,270565420,270630924,270565423,3,2,1,0,2,1,1,1,0,0,0,0,0,1,0,0,0,0,0,0,0,0,4,0
238546838,41688325,0,42825308,44651176,270565420,270630924,270565423,3,2,1,0,2,1,1,1,0,0,0,0,0,1,0,0,0,0,0,0,0,0,4,0
239047160,41688325,0,42825308,44651176,270565420,270630924,270565423,3,2,1,0,2,1,1,1,0,0,0,0,0,1,0,0,0,0,0,0,0,0,4,0
239554033,41688325,0,42825308,44651176,270565420,270630924,270565423,3,2,1,0,2,1,1,1,0,0,0,0,0,1,0,0,0,0,0,0,0,0,4,0
240060360,41688325,0,42825308,44651176,270565420,270630924,270565423,3,2,1,0,2,1,1,1,0,0,0,0,0,1,0,0,0,0,0,0,0,0,4,0
240568321,41688325,0,42825308,44651176,270565420,270630924,270565423,3,2,1,0,2,1,1,1,0,0,0,0,0,1,0,0,0,0,0,0,0,0,4,0
241076323,41688325,0,42825308,44651176,270565420,270630924,270565423,3,2,1,0,2,1,1,1,0,0,0,0,0,1,0,0,0,0,0,0,0,0,4,0
241583323,41688325,0,42825308,44651176,270565420,270630924,270565423,3,2,1,0,2,1,1,1,0,0,0,0,0,1,0,0,0,0,0,0,0,0,4,0
242090362,41688325,0,42825308,44651176,270565420,270630924,270565423,3,2,1,0,2,1,1,1,0,0,0,0,0,1,0,0,0,0,0,0,0,0,4,0
242597321,41688325,0,42825308,44651176,270565420,270630924,270565423,3,2,1,0,2,1,1,1,0,0,0,0,0,1,0,0,0,0,0,0,0,0,4,0
243104319,41688325,0,42825308,44651176,270565420,270630924,270565423,3,2,1,0,2,1,1,1,0,0,0,0,0,1,0,0,0,0,0,0,0,0,4,0
243611321,41688325,0,42825308,44651176,270565420,270630924,270565423,3,2,1,0,2,1,1,1,0,0,0,0,0,1,0,0,0,0,0,0,0,0,4,0
244119118,41688325,0,42825308,44651176,270565420,270630924,270565423,3,2,1,0,2,1,1,1,0,0,0,0,0,1,0,0,0,0,0,0,0,0,4,0
244624364,41688325,0,42825308,44651176,270565420,270630924,270565423,3,2,1,0,2,1,1,1,0,0,0,0,0,1,0,0,0,0,0,0,0,0,4,0
245130886,41688325,0,42825308,44651176,270565420,270630924,270565423,3,2,1,0,2,1,1,1,0,0,0,0,0,1,0,0,0,0,0,0,0,0,4,0
245637320,41688325,0,42825308,44651176,270565420,270630924,270565423,3,2,1,0,2,1,1,1,0,0,0,0,0,1,0,0,0,0,0,0,0,0,4,0
246137355,41688325,0,42825308,44651176,270565420,270630924,270565423,3,2,1,0,2,1,1,1,0,0,0,0,0,1,0,0,0,0,0,0,0,0,4,0
246645322,41688325,0,42825308,44651176,270565420,270630924,270565423,3,2,1,0,2,1,1,1,0,0,0,0,0,1,0,0,0,0,0,0,0,0,4,0
247147330,41688325,0,42825308,44651176,270565420,270630924,270565423,3,2,1,0,2,1,1,1,0,0,0,0,0,1,0,0,0,0,0,0,0,0,4,0
247654357,41688325,0,42825308,44651176,270565420,270630924,270565423,3,2,1,0,2,1,1,1,0,0,0,0,0,1,0,0,0,0,0,0,0,0,4,0
248164354,41688325,0,42825308,44651176,270565420,270630924,270565423,3,2,1,0,2,1,1,1,0,0,0,0,0,1,0,0,0,0,0,0,0,0,4,0
248672353,41688325,0,42825308,44651176,270565420,270630924,270565423,3,2,1,0,2,1,1,1,0,0,0,0,0,1,0,0,0,0,0,0,0,0,4,0
249179368,41688325,0,42825308,44651176,270565420,270630924,270565423,3,2,1,0,2,1,1,1,0,0,0,0,0,1,0,0,0,0,0,0,0,0,4,0
249686771,41688325,0,42825308,44651176,270565420,270630924,270565423,3,2,1,0,2,1,1,1,0,0,0,0,0,1,0,0,0,0,0,0,0,0,4,0
250197320,41688325,0,42825308,44651176,270565420,270630924,270565423,3,2,1,0,2,1,1,1,0,0,0,0,0,1,0,0,0,0,0,0,0,0,4,0
250704320,41688325,0,42825308,44651176,270565420,270630924,270565423,3,2,1,0,2,1,1,1,0,0,0,0,0,1,0,0,0,0,0,0,0,0,4,0
251205321,41688325,0,42825308,44651176,270565420,270630924,270565423,3,2,1,0,2,1,1,1,0,0,0,0,0,1,0,0,0,0,0,0,0,0,4,0
251714705,41688325,0,42825308,44651176,270565420,270630924,270565423,3,2,1,0,2,1,1,1,0,0,0,0,0,1,0,0,0,0,0,0,0,0,4,0
252223321,41688325,0,42825308,44651176,270565420,270630924,270565423,3,2,1,0,2,1,1,1,0,0,0,0,0,1,0,0,0,0,0,0,0,0,4,0
252731410,41688325,0,42825308,44651176,270565420,270630924,270565423,3,2,1,0,2,1,1,1,0,0,0,0,0,1,0,0,0,0,0,0,0,0,4,0
253241356,41688325,0,42825308,44651176,270565420,270630924,270565423,3,2,1,0,2,1,1,1,0,0,0,0,0,1,0,0,0,0,0,0,0,0,4,0
253743474,41688325,0,42825308,44651176,270565420,270630924,270565423,3,2,1,0,2,1,1,1,0,0,0,0,0,1,0,0,0,0,0,0,0,0,4,0
254253321,41688325,0,42825308,44651176,270565420,270630924,270565423,3,2,1,0,2,1,1,1,0,0,0,0,0,1,0,0,0,0,0,0,0,0,4,0
254762886,41688325,0,42825308,44651176,270565420,270630924,270565423,3,2,1,0,2,1,1,1,0,0,0,0,0,1,0,0,0,0,0,0,0,0,4,0
255272375,41688325,0,42825308,44651176,270565420,270630924,270565423,3,2,1,0,2,1,1,1,0,0,0,0,0,1,0,0,0,0,0,0,0,0,4,0
255775365,41688325,0,42825308,44651176,270565420,270630924,270565423,3,2,1,0,2,1,1,1,0,0,0,0,0,1,0,0,0,0,0,0,0,0,4,0
256277318,41688325,0,42825308,44651176,270565420,270630924,270565423,3,2,1,0,2,1,1,1,0,0,0,0,0,1,0,0,0,0,0,0,0,0,4,0
256786972,41688325,0,42825308,44651176,270565420,270630924,270565423,3,2,1,0,2,1,1,1,0,0,0,0,0,1,0,0,0,0,0,0,0,0,4,0
257295321,41688325,0,42825308,44651176,270565420,270630924,270565423,3,2,1,0,2,1,1,1,0,0,0,0,0,1,0,0,0,0,0,0,0,0,4,0
257805361,41688325,0,42825308,44651176,270565420,270630924,270565423,3,2,1,0,2,1,1,1,0,0,0,0,0,1,0,0,0,0,0,0,0,0,4,0
258311351,41688325,0,42825308,44651176,270565420,270630924,270565423,3,2,1,0,2,1,1,1,0,0,0,0,0,1,0,0,0,0,0,0,0,0,4,0
258820365,41688325,0,42825308,44651176,270565420,270630924,270565423,3,2,1,0,2,1,1,1,0,0,0,0,0,1,0,0,0,0,0,0,0,0,4,0
259329327,41688325,0,42825308,44651176,270565420,270630924,270565423,3,2,1,0,2,1,1,1,0,0,0,0,0,1,0,0,0,0,0,0,0,0,4,0
259839126,41688325,0,42825308,44651176,270565420,270630924,270565423,3,2,1,0,2,1,1,1,0,0,0,0,0,1,0,0,0,0,0,0,0,0,4,0
260345319,41688325,0,42825308,44651176,270565420,270630924,270565423,3,2,1,0,2,1,1,1,0,0,0,0,0,1,0,0,0,0,0,0,0,0,4,0
260848321,41688325,0,42825308,44651176,270565420,270630924,270565423,3,2,1,0,2,1,1,1,0,0,0,0,0,1,0,0,0,0,0,0,0,0,4,0
261355651,41688325,0,42825308,44651176,270565420,270630924,270565423,3,2,1,0,2,1,1,1,0,0,0,0,0,1,0,0,0,0,0,0,0,0,4,0
261859354,41688325,0,42825308,44651176,270565420,270630924,270565423,3,2,1,0,2,1,1,1,0,0,0,0,0,1,0,0,0,0,0,0,0,0,4,0
262363319,41688325,0,42825308,44651176,270565420,270630924,270565423,3,2,1,0,2,1,1,1,0,0,0,0,0,1,0,0,0,0,0,0,0,0,4,0
262863813,41688325,0,42825308,44651176,270565420,270630924,270565423,3,2,1,0,2,1,1,1,0,0,0,0,0,1,0,0,0,0,0,0,0,0,4,0
263371017,41688325,0,42825308,44651176,270565420,270630924,270565423,3,2,1,0,2,1,1,1,0,0,0,0,0,1,0,0,0,0,0,0,0,0,4,0
263871318,41688325,0,42825308,44651176,270565420,270630924,270565423,3,2,1,0,2,1,1,1,0,0,0,0,0,1,0,0,0,0,0,0,0,0,4,0
264375322,41688325,0,42825308,44651176,270565420,270630924,270565423,3,2,1,0,2,1,1,1,0,0,0,0,0,1,0,0,0,0,0,0,0,0,4,0
264883576,41688325,0,42825308,44651176,270565420,270630924,270565423,3,2,1,0,2,1,1,1,0,0,0,0,0,1,0,0,0,0,0,0,0,0,4,0
265390339,41688325,0,42825308,44651176,270565420,270630924,270565423,3,2,1,0,2,1,1,1,0,0,0,0,0,1,0,0,0,0,0,0,0,0,4,0
265898969,41688325,0,42825308,44651176,270565420,270630924,270565423,3,2,1,0,2,1,1,1,0,0,0,0,0,1,0,0,0,0,0,0,0,0,4,0
266406674,41688325,0,42825308,44651176,270565420,270630924,270565423,3,2,1,0,2,1,1,1,0,0,0,0,0,1,0,0,0,0,0,0,0,0,4,0
266913320,41688325,0,42825308,44651176,270565420,270630924,270565423,3,2,1,0,2,1,1,1,0,0,0,0,0,1,0,0,0,0,0,0,0,0,4,0
267420320,41688325,0,42825308,44651176,270565420,270630924,270565423,3,2,1,0,2,1,1,1,0,0,0,0,0,1,0,0,0,0,0,0,0,0,4,0
267927460,41688325,0,42825308,44651176,270565420,270630924,270565423,3,2,1,0,2,1,1,1,0,0,0,0,0,1,0,0,0,0,0,0,0,0,4,0
268393460,268393456,0,0,44651176,270565420,270630924,270565423,0,1,1,0,2,1,1,1,0,0,0,0,0,1,0,0,0,0,0,0,0,0,4,4
268407390,268407386,0,0,44651176,270565420,270630924,32815,4,1,1,0,2,1,1,1,0,0,0,0,0,1,0,0,0,0,0,0,0,0,4,4
268914739,268407386,0,0,44651176,270565420,270630924,32815,4,1,1,0,2,1,1,1,0,0,0,0,0,1,0,0,0,0,0,0,0,0,4,4
