timestamp,timestamp_sample,yaw_composite,yaw_variance,yaw[0],yaw[1],yaw[2],yaw[3],yaw[4],innov_vn[0],innov_vn[1],innov_vn[2],innov_vn[3],innov_vn[4],innov_ve[0],innov_ve[1],innov_ve[2],innov_ve[3],innov_ve[4],weight[0],weight[1],weight[2],weight[3],weight[4]
44670876,44669911,3.0079389,3.7977512,-2.5132742,-1.2566371,0.0,1.2566371,2.5132742,0.0,0.0,0.0,0.0,0.0,0.0,0.0,0.0,0.0,0.0,0.2,0.2,0.2,0.2,0.2
44682318,44681502,2.578431,3.5572329,-2.5127244,-1.2560873,0.0005498228,1.2571869,2.513824,0.0,0.0,0.0,0.0,0.0,0.0,0.0,0.0,0.0,0.0,0.2,0.2,0.2,0.2,0.2
45671426,45670011,-1.3309513,3.1870098,-2.4708276,-1.2521791,-0.029404316,1.2441894,2.545589,-0.15744178,-0.009403836,0.14978479,0.102125965,-0.093557715,-0.003422726,-0.11927774,-0.017918628,0.16971034,0.1780642,0.20866959,0.22363764,0.20493911,0.18032268,0.18243098
46671119,46669923,1.3773783,3.3129845,-2.493468,-1.2371011,0.0154846655,1.269901,2.5286822,-0.16676848,-0.010734303,0.185093,0.15321913,-0.064788416,-0.04239041,-0.19854909,-0.099801295,0.11748846,0.15487999,0.19565174,0.19415787,0.20054634,0.2063913,0.20325276
47674589,47673695,1.0752586,2.745788,-2.498768,-1.2060065,0.04704626,1.2655914,2.5012908,-0.25528973,-0.0484842,0.17665535,0.11687909,-0.1449343,-0.066472456,-0.24345478,-0.10149555,0.15230094,0.18072055,0.15173337,0.16157469,0.22415994,0.2584285,0.20410341
48667034,48665761,2.1455472,2.8515804,-2.498607,-1.2218388,0.0573208,1.3074079,2.5374613,-0.11196318,0.018181939,0.23134097,0.22838232,0.022905465,0.021105953,-0.1636998,-0.09195456,0.127251,0.19631445,0.19259031,0.15094204,0.17058869,0.23393704,0.25194192
49667362,49666390,-2.0622768,3.1303775,-2.4442594,-1.1977353,0.054376777,1.3180352,2.5829744,-0.21587038,-0.045199618,0.20184237,0.18324408,-0.07614735,0.022029418,-0.18088065,-0.08182134,0.18489102,0.24833764,0.22384425,0.21540248,0.18599553,0.17668602,0.19807178
50675338,50674573,-0.6070825,2.711959,-2.427693,-1.181534,0.03917554,1.2835361,2.5681038,-0.1971577,-0.04526791,0.15385911,0.13513826,-0.08573727,0.036197387,-0.12545009,-0.036357813,0.18396062,0.23420992,0.17415114,0.2655173,0.26037914,0.16919072,0.13076162
51674972,51674084,-0.87247103,1.9235138,-2.4150548,-1.1912696,0.0052160365,1.2560542,2.5700777,-0.08751034,0.05608362,0.17785785,0.11929464,-0.054009996,-0.029059492,-0.108053096,-0.0037442446,0.15198736,0.13997312,0.17362957,0.35224825,0.27539384,0.1144418,0.08428654
52667136,52666290,-0.6183109,1.8619369,-2.4080694,-1.1749502,0.013205501,1.2486043,2.5615654,-0.09434211,0.037138164,0.09908356,0.0120658055,-0.116556406,-0.14386922,-0.16244335,-0.049621504,0.05154611,-0.005277358,0.13556613,0.33940488,0.326276,0.12730105,0.071451984
53671195,53670218,-0.5666547,1.7965534,-2.4062214,-1.1714542,0.01359728,1.2450433,2.5588212,-0.029634535,0.038287032,0.048381265,-0.01179564,-0.064934514,0.014939129,0.02930855,0.095462576,0.12947804,0.07928383,0.12564385,0.33768916,0.34130505,0.12866749,0.066694476
54670657,54669789,-0.5748448,1.794964,-2.406062,-1.1718322,0.013017892,1.2448592,2.5591292,0.0134625025,0.043184485,-0.0011280663,-0.06321367,-0.056685116,-0.0807818,-0.02049774,0.026899239,0.0013895407,-0.06924459,0.12624711,0.33949447,0.34037742,0.12749384,0.066387065
55667290,55666356,-0.3817522,1.6990426,-2.4036138,-1.1586436,0.025980424,1.2470092,2.553964,0.08947615,0.13006017,0.052425355,-0.043831132,-0.025465934,-0.12206455,-0.020524787,0.0499386,0.0014305175,-0.11132507,0.105810754,0.30660197,0.37269744,0.14921606,0.0656738
56667535,56666696,-0.05938317,1.7500476,-2.4178772,-1.1541288,0.04120011,1.2516152,2.5391912,0.10802278,0.15993069,0.0687911,-0.044783197,-0.027467139,-0.06777458,0.052404452,0.13743263,0.0824195,-0.049800873,0.0906415,0.24023654,0.384167,0.20379902,0.081156015
57671589,57670744,0.42827976,1.8141751,-2.4344037,-1.1475394,0.06499477,1.265408,2.5271697,0.019510627,0.20858699,0.14384118,-0.07541828,-0.165356,-0.2428743,-0.10780624,0.10363199,0.11810301,-0.09293147,0.07558393,0.16255388,0.36052153,0.2907568,0.11058385
58671016,58670168,1.0322145,1.5141718,-2.4563875,-1.1418829,0.09602343,1.2875785,2.5165105,-0.08691101,0.20104295,0.16842079,-0.112877354,-0.2803917,-0.32216012,-0.19868064,0.09843153,0.16805705,-0.07697552,0.057205483,0.08213344,0.27602023,0.41953757,0.16510317
59663353,59662392,0.30143765,1.0198619,-2.4130719,-1.1100795,0.08130103,1.2538468,2.5159783,-0.19923648,0.19939873,0.20761827,-0.14353931,-0.42206734,-0.3511268,-0.22788402,0.15989307,0.31045938,0.015971951,0.02837475,0.13889873,0.51196086,0.2754945,0.045271065
60667678,60666722,-0.16035691,0.45731315,-2.3542962,-1.0810603,0.05414171,1.2149583,2.528,-0.18705581,0.16877052,0.15856794,-0.16931689,-0.43004882,-0.28979337,-0.1428785,0.20578541,0.34065935,0.046855144,0.008981175,0.24943028,0.6767026,0.061488815,0.003397138
61675028,61674146,-0.23126625,0.3976685,-2.3274698,-1.064073,0.058593374,1.21871,2.5456874,-0.017629681,0.28506947,0.22738674,-0.093481496,-0.2964525,-0.29015785,-0.10100868,0.21533725,0.29711533,-0.0149083175,0.0065713306,0.2946815,0.66353035,0.03378338,0.0014334773
62667148,62666319,-0.3296067,0.35479948,-2.2968116,-1.048706,0.055427298,1.2144973,2.562694,-0.07126431,0.19588843,0.10864708,-0.20971027,-0.37464285,-0.33137587,-0.11565096,0.18043931,0.22864118,-0.09806035,0.0040686647,0.36589828,0.6165373,0.0131191285,0.00037663593
63671594,63670646,-0.4782805,0.3643729,-2.2817395,-1.0452082,0.056580216,1.2243339,2.5828707,0.06764285,0.28940535,0.15854518,-0.16008177,-0.26713756,-0.24303633,0.009076558,0.28184316,0.27885103,-0.06873297,0.005754036,0.4821957,0.5040995,0.007650874,0.00029998575
64667935,64667091,-0.35964417,0.45791966,-2.289451,-1.0367396,0.08720454,1.2587206,2.5932446,0.17899653,0.39636755,0.21073328,-0.14240016,-0.20906635,-0.31744444,-0.008887321,0.27962106,0.22708905,-0.1675279,0.013797827,0.40468785,0.55165774,0.02771136,0.0021452291
65671998,65671000,-0.26494855,0.38846165,-2.2768865,-1.0230561,0.09378082,1.2583681,2.595215,0.07090245,0.34825855,0.13708715,-0.28904688,-0.39254704,-0.3574161,0.0074396953,0.36265275,0.31765002,-0.15420955,0.006922923,0.3446395,0.6232274,0.024141219,0.0010689184
66663601,66662840,-0.337813,0.3744764,-2.267253,-1.019063,0.09270844,1.2583332,2.602281,0.13363865,0.36944115,0.12449187,-0.29530278,-0.3507489,-0.29586303,0.09549345,0.4258628,0.3394185,-0.1432529,0.0062596025,0.3986455,0.57956254,0.014918759,0.00061356556
67671334,67670485,-0.39520523,0.40427697,-2.2589214,-1.0119112,0.103956476,1.2740519,2.6167457,0.1547289,0.35403198,0.08380008,-0.32320142,-0.3327663,-0.3411864,0.06295255,0.36863905,0.24499533,-0.2343766,0.010223546,0.446505,0.52617484,0.01609927,0.000997374
68671554,68670563,-0.35155815,0.40217933,-2.2501516,-1.001735,0.114411846,1.2834506,2.6248899,0.27072445,0.4375962,0.08604316,-0.3576602,-0.2989229,-0.3468148,0.14153793,0.4486687,0.24909243,-0.29671687,0.009587582,0.42239985,0.5489808,0.017979937,0.0010519344
69667933,69667026,-0.23819777,0.31951922,-2.2241497,-0.976816,0.12769242,1.288162,2.636657,0.31622204,0.45591196,0.065440156,-0.39040217,-0.29496956,-0.40931645,0.119798705,0.4183342,0.18137488,-0.39602467,0.0023969274,0.34971422,0.6385782,0.009136438,0.00017432202
70668258,70667300,-0.04324762,0.19620422,-2.196838,-0.948734,0.13716695,1.281349,2.6389537,0.30762982,0.3836066,-0.013781533,-0.42440498,-0.28585082,-0.38744232,0.13328183,0.37533543,0.11334154,-0.4340462,0.00012802643,0.18797424,0.8089684,0.002911856,1.7491715e-05
71667605,71666647,0.10591348,0.0835233,-2.173978,-0.9173353,0.1618343,1.2925979,2.646649,0.31479427,0.34302986,-0.0029092357,-0.326905,-0.18272878,-0.29029578,0.15186712,0.32575414,0.085243255,-0.36429155,1.5815895e-05,0.06417145,0.9329393,0.0028575724,1.5815895e-05
72676862,72674735,0.07352018,0.1553236,-1.8877397,-0.7023386,0.25178376,1.33121,2.8050787,-1.1114149,-0.1967876,-0.27202845,-1.1683064,-2.0115273,-0.9940599,-0.42739183,0.47370222,0.8964566,-0.022485375,2.4901252e-05,0.2020375,0.7978877,2.4901252e-05,2.4901252e-05
73668126,73667188,0.0719598,0.004753961,-1.3750492,-0.43240526,0.071995094,0.793234,2.667585,-1.194994,-0.25788164,-0.24530411,-0.8319404,-3.8414888,-1.5398833,-0.550537,0.2044521,1.1118197,0.38062698,1.570451e-05,7.9094534e-05,0.99987376,1.570451e-05,1.570451e-05
74673381,74671126,0.056525078,0.0042317472,-1.2131836,-0.3559608,0.05656011,0.6878298,2.6816158,-0.21535158,-0.324677,-0.42706776,-0.5793853,-1.2706413,-0.08927393,0.12131792,0.16510856,0.16866165,-0.2416274,3.2202963e-05,6.63935e-05,0.9998601,2.0611848e-05,2.0611848e-05
75669676,75667526,0.037583683,0.011665635,-1.2223077,-0.36920434,0.041791737,0.6799495,2.7152238,-0.15925217,-0.43234158,-0.51546955,-0.53490067,-0.10071516,0.27116102,0.18566066,0.070715964,-0.14152384,-0.3305148,0.0043160184,0.00034450044,0.99521923,2.4277751e-05,9.5938165e-05
76667938,76667080,-0.036389235,0.39693558,-1.2278335,-0.36974034,0.045370247,0.69153225,2.7336774,-0.21883392,-0.48187637,-0.5289593,-0.46953917,0.18037939,0.40787065,0.21148199,0.055693448,-0.18734843,-0.17916584,0.09000723,0.000571861,0.87560755,3.3983142e-05,0.03377932
77671668,77670804,0.24263856,2.4295049,-1.2239951,-0.36238196,0.054708663,0.70356333,2.7433033,-0.15972328,-0.42927933,-0.45864868,-0.3527894,0.40437937,0.44403756,0.17994416,-0.0047922134,-0.27280512,-0.15783685,0.1067287,0.00035312807,0.5448188,3.3438235e-05,0.34806588
78676008,78675036,0.39454305,1.8243067,-1.20028,-0.33509535,0.08151779,0.72699183,2.7531898,-0.13996124,-0.39939404,-0.41401958,-0.28173637,0.49949026,0.514993,0.2159062,0.021168053,-0.24796867,-0.07075614,0.009975,0.00017254686,0.6790378,0.00013368198,0.310681
79675728,79674869,0.33860967,1.6509076,-1.1990895,-0.33187914,0.08449307,0.7281697,2.7469645,-0.1150918,-0.38130283,-0.41671562,-0.33045816,0.38516855,0.44544244,0.20858103,0.036941648,-0.21732351,-0.15421903,0.0024593887,0.00010839831,0.7222523,0.00027397327,0.27490586
80672418,80671577,0.22381465,1.2864488,-1.2183713,-0.3478777,0.06806054,0.70862925,2.7149067,-0.033828735,-0.2846403,-0.3232317,-0.25566864,0.39189148,0.54309,0.3388815,0.1852074,-0.047153145,-0.023144946,0.00022595153,4.919168e-05,0.7953664,0.0008912698,0.20346719
81664554,81663762,0.13347219,0.15956289,-1.1678799,-0.29479754,0.11905175,0.7528047,2.741078,0.018620968,-0.21212626,-0.2564187,-0.21725893,0.33461285,0.39500204,0.23857057,0.110619195,-0.09125371,-0.12862247,1.4631211e-05,1.504362e-05,0.9729785,0.004371011,0.022620846
82665104,82664206,0.14323044,0.100106694,-1.1529093,-0.2800824,0.13335,0.76628315,2.7535627,0.06506395,-0.17324781,-0.2503395,-0.2831421,0.15443707,0.25126517,0.19755901,0.10739131,-0.06952697,-0.27771905,1.5908512e-05,1.6463127e-05,0.98148704,0.00463999,0.013840604
83668664,83667732,0.15301627,0.04339874,-1.1346574,-0.26423657,0.14852361,0.7812926,2.7731767,0.036513805,-0.15691662,-0.22082424,-0.2505169,0.101221085,0.201318,0.16172391,0.09012908,-0.052567348,-0.22846855,2.5398811e-05,2.1533726e-05,0.9914684,0.0029120974,0.0055726045
84668628,84667649,0.16233031,0.057380985,-1.12576,-0.25585976,0.15720011,0.7910319,2.7858322,-0.015620232,-0.16442823,-0.2022667,-0.19847965,0.12098026,0.18699434,0.11730817,0.04690945,-0.07457502,-0.14782289,4.9032024e-05,2.6633561e-05,0.98998857,0.0023293062,0.007606396
85664878,85664075,0.16827741,0.07717628,-1.1200083,-0.25113022,0.16226886,0.797526,2.7970748,-0.09812212,-0.22721863,-0.24704838,-0.21311569,0.11981726,0.103890955,-0.0014794767,-0.08014935,-0.19898261,-0.19089322,0.00012903268,3.6912916e-05,0.9877747,0.001608679,0.010450636
86672043,86671007,0.1788121,0.095880456,-1.1113366,-0.24217913,0.17141898,0.80696255,2.806434,-0.12522316,-0.22195673,-0.21028948,-0.122721195,0.23796701,0.24416673,0.07417166,-0.020298064,-0.13600765,0.014276594,0.00014049439,3.722466e-05,0.98502547,0.0016441667,0.013152678
87672413,87671485,0.19252782,0.07868782,-1.0969899,-0.2273108,0.18607542,0.82074386,2.8174534,-0.1599946,-0.25304127,-0.23529243,-0.1360197,0.23816729,0.22934815,0.043402374,-0.056083888,-0.17374648,0.005115837,8.052583e-05,3.0993717e-05,0.9871953,0.0020215975,0.010671596
88668638,88667352,0.20473284,0.026643682,-1.0790311,-0.21029179,0.2019674,0.83456975,2.8294132,-0.0754261,-0.15883636,-0.14518929,-0.06168604,0.2653165,0.22063181,0.06139061,-0.024763823,-0.12803912,0.019191146,3.5154102e-05,2.5855814e-05,0.9946917,0.002127206,0.0031200538
89676386,89675301,0.21842243,0.02113471,-1.0649626,-0.19608116,0.21589081,0.84769744,2.840716,-0.07953882,-0.1534853,-0.14498901,-0.079488754,0.1953063,0.17413302,0.04528372,-0.026232421,-0.11409818,-0.0036135912,2.2856491e-05,2.2742874e-05,0.9952595,0.0023920587,0.0023027938
90664767,90663881,0.23506922,0.024340248,-1.0487026,-0.1798028,0.23235421,0.8645341,2.8581185,-0.054221153,-0.12332106,-0.12412262,-0.083304405,0.13626862,0.10800791,0.017775223,-0.037346214,-0.11062352,-0.054495335,2.7010346e-05,2.3773959e-05,0.99486464,0.0023260524,0.002758586
91672894,91671999,0.24139547,0.022733312,-1.0414691,-0.17312256,0.23896545,0.8713372,2.8664365,-0.10783768,-0.16821432,-0.15577745,-0.08935976,0.15855026,0.11024341,-0.01395601,-0.07977246,-0.15716508,-0.036778197,3.3092805e-05,2.5859137e-05,0.9953559,0.0020621952,0.002522991
92668450,92667474,0.2546935,0.023705164,-1.0285678,-0.15999494,0.25213534,0.8844431,2.87894,-0.11083698,-0.14165735,-0.117801666,-0.04300213,0.15783119,0.10092093,-0.022837788,-0.07989219,-0.13707384,0.019030228,3.07189e-05,2.50431e-05,0.99513,0.0021649804,0.0026491934
93665275,93664388,0.26472533,0.0194933,-1.0178916,-0.14944069,0.2624209,0.89414304,2.88782,-0.07400322,-0.09964323,-0.07645941,-0.0064840317,0.17499542,0.04603623,-0.068497464,-0.12043205,-0.17138764,-0.023673102,2.4146859e-05,2.3530396e-05,0.995679,0.002248633,0.0020246673
94668471,94667509,0.28421876,0.02228188,-0.9991375,-0.13036832,0.281664,0.9135693,2.9068882,-0.106420994,-0.14761114,-0.13808155,-0.090394974,0.08311415,0.05156021,-0.03677486,-0.08304578,-0.1368469,-0.04937148,2.4573697e-05,2.3283781e-05,0.99519694,0.0023422495,0.002412957
95672623,95671664,0.28536373,0.023919253,-0.99779963,-0.12932488,0.2828238,0.9151646,2.9098847,-0.06589985,-0.10127115,-0.09296417,-0.05168581,0.09784126,0.004083544,-0.07219213,-0.11211224,-0.15846735,-0.082485214,3.1415257e-05,2.5268047e-05,0.99515855,0.0021409243,0.0026438509
96668918,96668042,0.28521335,0.0051074824,-0.973333,-0.119148195,0.28494838,0.9075428,2.9143493,0.22141695,0.03468275,0.07533026,0.28651714,1.0831423,0.4759392,0.07894839,-0.1295111,-0.3754013,0.012803674,1.2573764e-05,3.0450612e-05,0.9994595,0.00048481577,1.2573764e-05
97668933,97668065,0.25432435,0.004504556,-0.8644372,-0.09987179,0.25434563,0.81278384,2.8876595,0.41296434,0.19768786,0.2329936,0.453959,1.5800016,0.6317736,0.15038495,-0.09608858,-0.4168345,-0.0022202488,1.4050624e-05,6.602253e-05,0.99989176,1.4050624e-05,1.4050624e-05
98673124,98672266,0.34067088,0.004337569,-0.69383323,0.017174251,0.3406938,0.85781425,2.9674733,0.368654,0.3019426,0.30173755,0.34200716,0.6777508,0.105033144,-0.014210768,-0.07732878,-0.16951329,-0.113829814,1.5292051e-05,7.821797e-05,0.99987584,1.5292051e-05,1.5292051e-05
99666233,99664031,1.2982826,0.004029721,0.3792144,1.0183702,1.2982836,1.7450317,-2.4607863,1.1208307,0.49987948,0.2512383,-0.0446257,0.8113686,-0.113437414,-0.112079024,-0.2369622,-0.5646951,-2.0033374,1.6403761e-05,1.6403761e-05,0.99993426,1.6403761e-05,1.6403761e-05
100669091,100668217,1.5938562,0.0033340426,0.8655867,1.3828521,1.5938534,1.9290053,-2.3713777,0.9940015,0.46011293,0.18407702,-0.28117025,-1.3492404,-0.81015563,-0.35105753,-0.25395393,-0.22432756,-2.401813,1.5507412e-05,1.5507412e-05,0.9999379,1.5516987e-05,1.5507412e-05
101668679,101667813,1.6204488,0.0030232284,0.97001624,1.43681,1.6203831,1.9078492,-2.5274365,0.40664995,0.4821818,0.4766034,0.42625535,-0.6273182,-0.69709206,-0.4183216,-0.30442715,-0.13062525,-0.014575481,2.7686017e-05,2.7686017e-05,0.9996908,0.0002260698,2.7686017e-05
102674081,102671935,1.6590108,0.06311574,0.9905357,1.4631718,1.6464199,1.9320172,-2.5364623,0.29925835,0.51700497,0.5738822,0.62362444,-0.081214786,-0.6959295,-0.50042963,-0.40058756,-0.22856474,0.46304512,4.327996e-05,4.327996e-05,0.9844369,0.0017083528,0.013768178
103669136,103668254,1.7157506,0.24299885,1.0042279,1.4775668,1.6607921,1.9460263,-2.5302377,0.18478954,0.40729916,0.46984243,0.53241074,-0.040444136,-0.52451706,-0.3627224,-0.2748704,-0.1195755,0.60417986,2.9078139e-05,3.1036518e-05,0.9401073,0.0026692087,0.05716346
104665392,104664618,1.74914,0.3131539,1.0182323,1.4917088,1.6749061,1.9600257,-2.518166,0.1690439,0.35960007,0.4133228,0.46738267,-0.0143460035,-0.46017408,-0.3232684,-0.24867582,-0.116707325,0.50562286,2.4010136e-05,2.8542878e-05,0.92190456,0.002946292,0.07509656
105673099,105672111,1.7953526,0.42130002,1.0307497,1.5044522,1.6876615,1.9727309,-2.5072186,0.1380732,0.30985022,0.35933042,0.41079652,0.00695467,-0.36069393,-0.24591446,-0.18188,-0.067426205,0.4946618,2.2852806e-05,2.5580188e-05,0.8927131,0.003218056,0.104020424
106669321,106668458,-3.1054478,0.9879584,0.9342559,1.4097391,1.5936753,1.8796756,-2.6028235,0.12094557,0.24539196,0.28114235,0.31817555,0.026267886,-0.3024993,-0.21926689,-0.17281961,-0.08986759,0.3151269,1.552904e-05,1.552904e-05,0.32345015,0.001694553,0.6748243
107669400,107668423,1.6651515,0.00785343,1.0117952,1.4817057,1.6634243,1.9462796,-2.5370615,0.019355059,0.22528481,0.2871586,0.35559833,-0.061228156,-0.3303485,-0.21230268,-0.1429143,-0.015994072,0.6665883,5.142976e-05,6.0649407e-05,0.99589497,0.002893029,0.0010999042
108673449,108672475,1.6908824,0.0032529295,1.0418828,1.5094678,1.6903251,1.972025,-2.5100346,0.08023882,0.19657266,0.23412716,0.27954113,0.11235535,-0.21706629,-0.17060614,-0.13894415,-0.07772112,0.31314373,6.635905e-05,7.0676724e-05,0.997756,0.0020659042,4.1016e-05
109665368,109664598,1.7181348,0.0037458923,1.0676308,1.5362175,1.7175277,1.9999974,-2.4795034,0.08790314,0.16536927,0.19094324,0.22262037,0.12601185,-0.22858095,-0.20219755,-0.1827712,-0.14428282,0.115968704,9.167025e-05,7.4828524e-05,0.99769145,0.002008906,0.0001331012
110673140,110672294,1.7381337,0.004593318,1.0865227,1.5557823,1.7373413,2.0201917,-2.4591134,0.07253122,0.15606475,0.17945886,0.20282316,-0.0144274235,-0.2730031,-0.21109581,-0.17777443,-0.1190362,0.15765142,9.1987495e-05,7.343984e-05,0.9973968,0.0021319257,0.00030580052
111665321,111664543,1.755759,0.0051336074,1.1037543,1.5732268,1.7548168,2.0376763,-2.4428058,0.09893286,0.18187177,0.2058506,0.23099089,0.036322594,-0.19483519,-0.13948774,-0.10866976,-0.053525448,0.22162342,7.7796925e-05,6.984644e-05,0.99713355,0.0023086404,0.00041016183
112674316,112673272,1.7667525,0.004608643,1.1154215,1.5845152,1.7658966,2.0483987,-2.4336898,0.027635217,0.12167716,0.15035272,0.18270254,0.0025311708,-0.16423512,-0.11339712,-0.08286953,-0.026504993,0.28690958,6.3723695e-05,6.7041714e-05,0.9971974,0.0023996956,0.00027220708
113673052,113672085,1.7779678,0.0040781437,1.1275365,1.5960946,1.7773331,2.0597186,-2.420487,0.06385732,0.1379503,0.16153347,0.18957138,0.07366669,-0.12509298,-0.092850685,-0.07168722,-0.03128004,0.2168765,8.191362e-05,7.297437e-05,0.9976285,0.0020822058,0.00013438966
114668883,114668034,1.7884055,0.0039325464,1.1386206,1.6067637,1.7878486,2.070029,-2.4099493,-0.0075775385,0.036967754,0.04900074,0.06033051,-0.067685485,-0.08625221,-0.049607277,-0.030510902,0.002661705,0.150352,8.518214e-05,7.468474e-05,0.99778044,0.0019780926,8.161579e-05
115665598,115664819,1.8711659,0.003742844,1.2243783,1.6892415,1.8707844,2.1533468,-2.324428,0.07388699,0.17490888,0.22034323,0.2928183,0.4940275,0.06556797,0.0032310486,-0.0071754456,-0.006772518,0.34307814,0.00011499045,8.365729e-05,0.99817437,0.0016062981,2.0786927e-05
116675152,116672968,1.9662234,0.003928443,1.3466986,1.7921147,1.9668136,2.2400646,-2.223312,0.031383216,0.24959797,0.3393802,0.47537464,0.6959346,0.011639833,-0.052969933,-0.05069971,-0.016277552,0.7626412,0.0010317164,0.00025366835,0.9985516,0.00014674013,1.616862e-05
117670919,117668618,1.8186574,0.0062184753,1.2232195,1.6535716,1.8230233,2.0894608,-2.359991,0.05509475,0.1732778,0.22631589,0.31205454,0.57573783,0.07758999,0.0064349174,-0.0063974857,-0.008216381,0.4298296,0.007563156,0.0006395058,0.99176323,2.0551137e-05,1.35125065e-05
118673894,118673030,1.798312,0.009267879,1.2144145,1.6412607,1.8076454,2.0701725,-2.3738363,0.08049964,0.15232164,0.18413147,0.23525558,0.38569042,0.05424595,0.014750004,0.008213043,0.008773327,0.2786348,0.016405972,0.0009066543,0.9826614,1.29439995e-05,1.29439995e-05
119674908,119672759,1.4022976,0.011531171,0.8270039,1.2491524,1.4153912,1.6779383,-2.763005,0.12210352,0.17522807,0.19637318,0.22792643,0.2619108,0.07870245,0.070320606,0.07326269,0.08481097,0.2864015,0.023210555,0.0010593368,0.97570354,1.3278579e-05,1.3278579e-05
120669820,120668968,0.02886557,0.019633276,-0.5252558,-0.107976764,0.056346633,0.3159298,2.1638203,-0.115070015,-0.016001523,0.0019558668,0.0040421784,-0.6509106,0.2238251,0.39726985,0.47395694,0.5981382,0.9860574,0.04924598,0.0014279702,0.94928384,2.110168e-05,2.110168e-05
121671482,121669356,-1.0223718,0.044100672,-1.1097525,-0.72245115,-0.5685307,-0.32264107,1.5612433,-0.06105846,0.039131343,0.07008982,0.10622996,-0.18116134,0.23608637,0.30841827,0.3468498,0.4167744,0.8464649,0.8335349,0.0017041559,0.16473235,1.4263371e-05,1.4263371e-05
122670446,122668307,-0.26439288,0.033611,-0.3248631,0.062420145,0.21560127,0.46065935,2.3483613,-0.057254374,-0.11255908,-0.13442415,-0.16734213,-0.19636905,0.35642552,0.36130726,0.357257,0.34404027,0.110322356,0.88390523,0.0013963536,0.11465776,1.6797943e-05,2.3845163e-05
123665572,123664811,0.09045393,0.059557833,-0.26748198,0.10025903,0.24574976,0.47768638,2.324093,-0.045593306,-0.031686142,-0.008609459,0.047292404,0.81224394,0.3987143,0.22251189,0.15642786,0.05967307,0.056912623,0.30529538,0.005466476,0.68792796,0.0012958321,1.4355629e-05
124674121,124673261,0.087081045,0.04898518,-0.29533356,0.06294031,0.20458737,0.4305144,2.266548,-0.1634798,-0.17454964,-0.1978069,-0.25550932,-1.1049594,0.15771535,0.35090524,0.42370564,0.5311612,0.5711216,0.23757787,0.006621812,0.7548964,0.00088460516,1.9305871e-05
125671373,125669210,0.6999658,0.048003577,0.5753604,0.9193614,1.0554036,1.2733679,3.121651,0.11794871,-0.05276966,-0.1181398,-0.2155891,-0.26881355,0.15325657,0.14457756,0.12497422,0.07542533,-0.72488713,0.7352764,0.0057837027,0.25888377,4.3102176e-05,1.2987046e-05
126674165,126673388,1.4182895,0.018483039,1.37976,1.6880044,1.8100591,2.007542,-2.4450655,0.058258116,-0.20480482,-0.3007107,-0.43925354,-0.27466804,-0.05284989,-0.13228369,-0.18581486,-0.29611373,-1.6990451,0.9068399,0.0055907955,0.08754429,1.2479011e-05,1.2479011e-05
127671327,127669191,1.305713,0.0027438563,1.3051744,1.5318334,1.6222942,1.7714211,-2.708366,0.14706302,-0.18601537,-0.3231721,-0.5477268,-1.995219,-0.11705828,-0.050540447,-0.04541874,-0.0642519,-2.6022756,0.99801344,0.0010166209,0.000943586,1.314238e-05,1.314238e-05
128675317,128673262,1.3437034,0.0026134404,1.3432595,1.5496964,1.6321878,1.7688285,-2.7604074,-0.0091125965,-0.010819674,-0.014275193,-0.023590207,-0.5385226,-0.30427647,-0.25700712,-0.23803473,-0.20713758,-0.32018423,0.99816036,0.0011370225,0.0006672799,2.024435e-05,1.5130092e-05
129671496,129669343,1.3549879,0.003991325,1.3540062,1.5606676,1.6432017,1.7798648,-2.7555947,-0.11836314,-0.07435906,-0.056966543,-0.029278398,0.030057788,-0.43785572,-0.43423605,-0.43017197,-0.4202733,-0.14790154,0.9965896,0.0017992562,0.0012863041,5.4653126e-05,0.00027017677
130670140,130669285,1.3653537,0.041589893,1.3577601,1.5655396,1.6485263,1.7859284,-2.7455394,-0.12324786,-0.06846559,-0.045692325,-0.007954478,0.23563433,-0.4328313,-0.44769,-0.45035028,-0.45056868,-0.117357254,0.98866403,0.0017690072,0.0012976298,5.9587772e-05,0.008209742
131673635,131672760,1.3872359,0.13473181,1.3627323,1.571328,1.6546782,1.7927146,-2.7318242,-0.09543228,-0.010459781,0.02487123,0.083421946,0.46603394,-0.43242168,-0.455204,-0.4592204,-0.45936203,0.071623325,0.9696567,0.001344663,0.00091061404,3.7689086e-05,0.028050287
132662227,132661442,1.3763645,0.030943707,1.3710333,1.5792665,1.6624861,1.8003311,-2.72287,-0.10166061,-0.0034048557,0.03693366,0.103155494,0.4843483,-0.393466,-0.4106784,-0.4117198,-0.4060583,0.23562145,0.9921164,0.0011975933,0.0007631958,2.8381384e-05,0.0058944216
133666594,133665725,1.3752784,0.0066567888,1.3742014,1.5818824,1.6648923,1.8024149,-2.7205625,-0.1858865,-0.09143841,-0.052408457,0.011990666,0.40996027,-0.42670536,-0.44753408,-0.45024824,-0.44759798,0.15985823,0.9974363,0.001082791,0.00065495266,2.2064532e-05,0.00080391485
134669957,134669017,1.3927684,0.004330337,1.3920537,1.597067,1.6798764,1.8163579,-2.7107208,-0.18279684,-0.08881235,-0.049948335,0.014216304,0.41595662,-0.36780787,-0.38912344,-0.39206696,-0.38983965,0.21277094,0.99775374,0.0011772927,0.00073032087,2.5280257e-05,0.00031342966
135674698,135673800,1.4061989,0.0038916895,1.4055144,1.6102096,1.6928803,1.8291216,-2.7006967,-0.22121656,-0.13211167,-0.09455991,-0.03169036,0.43726993,-0.4471674,-0.47984362,-0.4875803,-0.49349594,0.04338026,0.99764305,0.0012874382,0.0008250556,2.9842608e-05,0.00021469091
136670258,136669020,1.5512316,0.0030496002,1.5504096,1.7532194,1.8350405,1.9698393,-2.5725946,-0.14309275,-0.05124843,-0.01323247,0.04960394,0.46090186,-0.41084957,-0.43329382,-0.43686008,-0.4358883,0.14603424,0.99659353,0.0019257475,0.0014016194,5.949905e-05,1.9579693e-05
137675870,137673754,1.4988232,0.0029295373,1.4985604,1.7010808,1.7829341,1.9179442,-2.6066024,-0.11564505,-0.04163146,-0.008505464,0.04931414,0.68074536,-0.44432116,-0.505456,-0.52540874,-0.55229855,-0.19556141,0.99891365,0.00070327736,0.00034153924,2.0729844e-05,2.0729844e-05
138670371,138669094,1.4630651,0.0029105425,1.4629183,1.6668925,1.7485899,1.884188,-2.6314042,-0.09198511,0.0059663057,0.046586037,0.113830686,0.54819334,-0.38712645,-0.41047716,-0.41409254,-0.41273785,0.22528791,0.99940765,0.00040259544,0.000153627,1.8026109e-05,1.8026109e-05
139666957,139665741,1.4425492,0.002741174,1.4424767,1.6356734,1.7131249,1.841982,-2.6917725,0.022296667,0.21895695,0.2979641,0.425856,1.0107706,-0.28191876,-0.2809503,-0.2696979,-0.23744226,1.2192411,0.99970686,0.0002131106,5.044345e-05,1.4746098e-05,1.4746098e-05
140674683,140673871,1.4409224,0.002417823,1.4408922,1.6126515,1.6816158,1.7968913,-2.7804313,0.011440992,0.19315928,0.26752186,0.39019585,1.2271324,-0.2461313,-0.2656281,-0.2644794,-0.25105524,1.1264727,0.9999017,5.6376888e-05,1.3947434e-05,1.3947434e-05,1.3947434e-05
141670983,141669775,2.1286483,0.0022407095,2.128623,2.2807684,2.342729,2.4465628,-2.1517851,0.21094412,0.35986063,0.4254975,0.5401378,2.1857054,-0.26260102,-0.3792168,-0.41931212,-0.4771,0.28978193,0.99993575,1.6037127e-05,1.6037127e-05,1.6037127e-05,1.6037127e-05
142668704,142666232,2.915279,0.0021146787,2.91526,3.0530355,3.1095839,-3.0789673,-1.4276451,0.103465915,0.13808405,0.15441251,0.18429375,0.8732088,0.0012147427,-0.053884625,-0.07471728,-0.10768378,-0.07327533,0.9999515,1.2112415e-05,1.2112415e-05,1.2112415e-05,1.2112415e-05
143674731,143673531,2.842091,0.002188497,2.8420634,2.974403,3.0287368,3.1196902,-1.5407336,0.39430618,0.3820448,0.38124108,0.3854475,1.337877,-0.007960796,-0.11915791,-0.16442502,-0.24071884,-0.9709146,0.9999282,1.7931125e-05,1.7931125e-05,1.7931125e-05,1.7931125e-05
144675745,144673376,2.8381903,0.002110182,2.8381655,2.9581532,3.0067632,3.0889382,-1.6473187,0.31958914,0.29722357,0.28933716,0.277946,0.50555754,0.05881846,0.019156218,0.0023725033,-0.026805758,-0.5097432,0.9999308,1.7897508e-05,1.7875398e-05,1.7709524e-05,1.5662015e-05
145670545,145669650,2.8565454,0.0036219938,2.8560746,2.9739833,3.022491,3.1036856,-1.6416425,0.455153,0.43190598,0.42102432,0.4012015,-0.13010454,0.025981188,0.06549358,0.08059466,0.10485542,0.1422149,0.99944043,2.6224914e-05,3.0634605e-05,3.9294377e-05,0.0004634436
146670945,146669999,2.8720677,0.031084493,2.8629513,2.9809017,3.029408,3.1105742,-1.640633,0.43788648,0.4211192,0.41265774,0.3965311,-0.15993261,0.028532505,0.07559872,0.093961954,0.12397933,0.27623963,0.9906589,3.528474e-05,4.6816775e-05,7.415658e-05,0.009184874
147671396,147670205,2.8799014,0.039502334,2.8680418,2.9858613,3.0343125,3.1153772,-1.638444,0.31260014,0.3002181,0.29370356,0.28100586,-0.20465755,0.06379199,0.10655975,0.12334132,0.150908,0.31754804,0.9879139,3.840313e-05,5.2768155e-05,8.818775e-05,0.0119067915
148675102,148673929,2.887223,0.019950101,2.8816566,2.9992688,3.0476432,3.128581,-1.6264445,0.2470746,0.23736429,0.23217773,0.22199202,-0.18086815,0.108163,0.14402783,0.15812433,0.18131268,0.32806718,0.9942097,3.863523e-05,5.2986732e-05,8.780997e-05,0.0056108544
149670844,149669994,2.895166,0.014567952,2.891329,3.0088615,3.0572097,3.1381056,-1.617037,0.29383898,0.28438807,0.27946997,0.26993895,-0.08621025,0.10352385,0.13457882,0.1467489,0.16672075,0.28390777,0.9959594,3.814007e-05,5.2000225e-05,8.511106e-05,0.003865375
150667132,150666146,2.897922,0.021782441,2.8918486,3.00959,3.058026,3.1390736,-1.6136959,0.30179358,0.2869568,0.27999353,0.26729155,-0.07757664,0.16261923,0.18857634,0.19850647,0.21448004,0.24499166,0.9937087,3.635932e-05,4.88795e-05,7.832925e-05,0.006127718
151671008,151670083,2.902216,0.036058605,2.8915837,3.0093794,3.0578344,3.1389103,-1.6144422,0.22279644,0.19488382,0.18255234,0.1609335,-0.27190733,0.19503725,0.2209419,0.23039496,0.24496949,0.14896452,0.989138,3.7445938e-05,5.119106e-05,8.4297404e-05,0.010689071
152675055,152674200,2.9060535,0.022821879,2.8996434,3.0171092,3.0654259,-3.1369216,-1.6112696,0.1992917,0.17017269,0.15741158,0.13516808,-0.28856182,0.12333512,0.14734912,0.15599895,0.16917753,0.049810886,0.9933516,4.0552233e-05,5.704975e-05,9.783669e-05,0.0064530876
153671100,153670247,2.9081542,0.014583794,2.9043615,3.0215075,3.0696895,-3.132891,-1.6111943,0.23151016,0.2037878,0.1916461,0.17049408,-0.23206663,0.15634418,0.17905188,0.18722439,0.19967413,0.08596969,0.9959759,4.348578e-05,6.274165e-05,0.00011146246,0.0038063943
154667193,154666213,2.924353,0.021375075,2.9183679,3.0353494,3.0834596,-3.1192508,-1.6014205,0.2812891,0.25948906,0.24983692,0.23289347,-0.11347675,0.09443259,0.11547661,0.12318444,0.13512444,0.067989826,0.9937385,4.8304646e-05,7.28045e-05,0.0001385725,0.0060019265
155670822,155669853,2.927039,0.03434532,2.9168136,3.033772,3.0818653,-3.1208823,-1.6051689,0.23789024,0.2229023,0.21598053,0.20347738,-0.11574221,0.051408768,0.07458687,0.08338857,0.09746647,0.11054802,0.98948044,5.1593448e-05,8.008168e-05,0.00015982431,0.010228039
156671334,156670416,2.9254687,0.080040276,2.899635,3.0166605,3.0647643,-3.1379762,-1.6245149,0.2676711,0.2564535,0.25096655,0.24069452,-0.08426571,0.038444757,0.065071106,0.07538867,0.092173815,0.16497421,0.9742237,5.560653e-05,8.9649475e-05,0.00019053216,0.025440525
157663557,157662652,2.9594152,0.0837431,2.9319148,3.0484464,3.0963473,-3.1067543,-1.6017469,0.23854542,0.21285439,0.20114088,0.18016481,-0.32587385,0.064376354,0.09981322,0.11317158,0.13439846,0.13075137,0.972575,6.6676104e-05,0.00011523785,0.00027272795,0.026970347
158670905,158670056,2.9459136,0.022647139,2.939412,3.0554607,3.1031702,-3.1002524,-1.5985937,0.2532587,0.2561965,0.25615883,0.25447226,-0.074300766,-0.009965181,0.027678251,0.04290819,0.06855726,0.3540275,0.9930811,6.8487556e-05,0.0001180788,0.00027607338,0.0064562587
159675328,159674365,2.948876,0.0060443557,2.947866,3.0636613,3.1112838,-3.0922666,-1.5885639,0.25719976,0.25997496,0.2601323,0.25911665,0.001745224,0.005731106,0.035451174,0.047493458,0.067801714,0.2981522,0.99868053,6.0586102e-05,9.888324e-05,0.00021010797,0.0009499194
160667521,160666681,2.959432,0.00401158,2.9591138,3.07472,3.122279,-3.0813642,-1.5763208,0.1630559,0.16014767,0.15813017,0.15370083,-0.099963665,0.11930871,0.14431977,0.15427613,0.17083693,0.31477165,0.99942297,5.564024e-05,8.756074e-05,0.0001745363,0.00025932354
161663448,161662673,2.971806,0.0035918602,2.9716568,3.0870628,3.1345518,-3.0692005,-1.5638026,0.14617205,0.14105272,0.1384058,0.13329458,-0.057268143,0.082466125,0.09902167,0.10550356,0.11614442,0.18096256,0.9996165,5.2768006e-05,8.114656e-05,0.00015518011,9.432147e-05
162668735,162667707,2.9884207,0.0037556933,2.9882476,3.1036272,-3.1320775,-3.0526597,-1.5480659,0.110826015,0.10457373,0.10179186,0.09689617,-0.006673813,0.010518074,0.016926765,0.01928544,0.022969723,0.007087469,0.99958277,5.4065e-05,8.3979445e-05,0.00016326319,0.000115964816
163674919,163674062,3.00484,0.003907774,3.0046482,3.1199987,-3.115714,-3.036309,-1.5323509,0.14956856,0.14702415,0.1456399,0.1429019,0.029475689,-0.03490162,-0.024660587,-0.02063322,-0.013987303,0.032107353,0.9995567,5.5034547e-05,8.610592e-05,0.00016939236,0.00013264801
164667867,164666906,3.0219293,0.0039730864,3.0217497,3.137113,-3.0985875,-3.0191548,-1.5143119,0.09007645,0.086820126,0.08514452,0.08193159,-0.035322666,0.112074375,0.122189045,0.1261406,0.13262892,0.1709671,0.9995768,5.396201e-05,8.380104e-05,0.00016285255,0.00012254917
165671811,165670956,3.0367417,0.004036322,3.0365763,-3.1312253,-3.0837255,-3.00426,-1.4983469,0.060235977,0.052860737,0.049621105,0.04397297,-0.06632376,0.095710516,0.101997375,0.10427117,0.107761145,0.08020067,0.9996004,5.2693038e-05,8.109455e-05,0.00015527307,0.00011065178
166675276,166674387,3.046355,0.0043574837,3.046114,-3.121582,-3.074041,-2.9945061,-1.4886255,0.15356398,0.14015055,0.13442993,0.124658585,-0.028067589,0.13806295,0.14439249,0.14647579,0.14937663,0.06420708,0.9995138,5.3885742e-05,8.3821506e-05,0.00016355481,0.00018492629
167671067,167670145,3.0543575,0.004775153,3.054001,-3.1137393,-3.0662231,-2.9867382,-1.4834011,0.1518445,0.13040638,0.121323586,0.10587549,-0.12268543,0.07369709,0.08216262,0.084831715,0.08835292,-0.05867815,0.9993707,5.728068e-05,9.138676e-05,0.00018584341,0.0002948308
168671396,168670426,3.0684607,0.004865931,3.06809,-3.0997777,-3.052317,-2.972925,-1.4717492,0.082838535,0.05755186,0.046782017,0.028404236,-0.25728512,0.20728111,0.2189722,0.2228074,0.22811413,0.06697035,0.99934065,5.9252525e-05,9.585555e-05,0.00019911928,0.00030506597
169663919,169663147,3.0754032,0.0050139944,3.0749993,-3.0929198,-3.0454812,-2.9661276,-1.4661276,0.13868475,0.11233044,0.10102224,0.08162117,-0.24023724,0.19222975,0.20700026,0.2120359,0.21930957,0.0693686,0.99929756,6.040992e-05,9.86094e-05,0.00020765726,0.00033583064
170675980,170675136,3.0671673,0.004061484,3.0671015,-3.1015599,-3.0543962,-2.9754665,-1.4729826,0.006598234,-0.025114298,-0.039388895,-0.06472421,-0.64521766,0.3621323,0.40035152,0.41464472,0.43719912,0.39760637,0.99972725,4.9263916e-05,7.368812e-05,0.00013296364,1.6747364e-05
171671609,171670756,2.9892917,0.003800645,2.9892411,3.0972486,-3.1411326,-3.0658164,-1.5263342,0.15837932,0.13555527,0.123348475,0.09936881,-0.9575007,0.6153145,0.70308447,0.7378657,0.7954786,1.2005799,0.99986213,3.4419987e-05,3.4419987e-05,3.4419987e-05,3.4419987e-05
172663899,172662997,2.837654,0.0034711468,2.8376188,2.9376848,2.9794793,3.0500906,-1.6637408,0.06588292,0.04643178,0.036106706,0.015883446,-0.9714688,0.5237142,0.598086,0.6278199,0.6774553,1.0456982,0.99990094,2.4730643e-05,2.4730643e-05,2.4730643e-05,2.4730643e-05
173675782,173674908,3.138697,0.0033350454,3.1386657,-3.047658,-3.0078819,-2.939752,-1.347759,0.14864802,0.16229415,0.16664231,0.17214596,-0.29594576,0.46337348,0.5124993,0.5330246,0.5685357,1.1525381,0.9999113,2.2151853e-05,2.2151853e-05,2.2151853e-05,2.2151853e-05
174668041,174667179,-2.249342,0.0033052627,-2.2493644,-2.158436,-2.1204643,-2.0558376,-0.475534,-0.18356645,-0.17580664,-0.17273176,-0.16777349,-0.18160105,0.2909611,0.29785666,0.30089605,0.30639285,0.46679133,0.9999352,1.6176675e-05,1.6176675e-05,1.6176675e-05,1.6176675e-05
175668154,175667307,-1.7036762,0.0033623523,-1.7037016,-1.6126394,-1.5752114,-1.5109555,0.050762407,-0.04236436,-0.0032908916,0.01407063,0.04464829,0.8428397,0.23782969,0.20293152,0.1896838,0.16851163,0.343992,0.9999021,2.5226196e-05,2.7381539e-05,3.1449108e-05,1.3819981e-05
176676949,176674898,-1.8292259,0.002822871,-1.8292445,-1.7587844,-1.7298764,-1.679935,-0.27713633,0.20302033,0.27969623,0.31286216,0.3701477,1.8493471,0.12850642,0.0933733,0.080587864,0.0608387,0.70688057,0.9999415,1.5695754e-05,1.5001797e-05,1.3899835e-05,1.3899835e-05
177672134,177671282,-1.7665969,0.0033835934,-1.7668946,-1.7023593,-1.6750314,-1.6285117,-0.28180397,-0.26279497,-0.27330446,-0.2773025,-0.28344822,-0.08779597,0.46039653,0.4354508,0.42502856,0.4067664,-0.064747095,0.9996287,2.5759227e-05,2.6228716e-05,2.8716067e-05,0.00029055672
178669071,178666892,-1.7275169,0.046286497,-1.7480438,-1.6813555,-1.6540797,-1.6069545,-0.26711452,-0.36791968,-0.38776755,-0.3956139,-0.40814614,-0.28168178,0.34708643,0.31661797,0.30377603,0.2811129,-0.39207625,0.9796596,3.302996e-05,3.7352584e-05,4.918345e-05,0.020220865
179671789,179670820,-1.7106364,0.019902011,-1.7186886,-1.6525347,-1.6254919,-1.5787755,-0.25049174,-0.31333685,-0.3306539,-0.33742833,-0.3481393,-0.19048047,0.25152016,0.22085643,0.20799279,0.18537045,-0.45836306,0.99183214,3.809882e-05,4.5013356e-05,6.377266e-05,0.008020969
180668554,180667561,-1.6872957,0.008655153,-1.6900835,-1.6243432,-1.5974802,-1.5510793,-0.23119661,-0.33389688,-0.34759712,-0.35294938,-0.36139512,-0.23085642,0.2757082,0.25077176,0.24032259,0.22196054,-0.29814887,0.99705267,4.1594878e-05,5.0456347e-05,7.466405e-05,0.0027805802
181668276,181667430,-1.6625665,0.009481249,-1.6657306,-1.600044,-1.5732093,-1.5268601,-0.20906779,-0.24601102,-0.2567935,-0.26101375,-0.26768017,-0.1691165,0.18581772,0.16646862,0.15835786,0.144104,-0.26152158,0.9966664,4.324518e-05,5.3113024e-05,8.038194e-05,0.003156826
182672158,182671191,-1.637072,0.012824176,-1.6417922,-1.5760384,-1.54918,-1.502793,-0.18466163,-0.26883268,-0.27725792,-0.28050208,-0.2855475,-0.17122841,0.15386677,0.13584566,0.12832165,0.11514592,-0.2407732,0.99510777,4.388968e-05,5.414633e-05,8.273882e-05,0.004711517
183672179,183671259,-1.6164423,0.015456966,-1.6224005,-1.5566689,-1.529823,-1.4834611,-0.16665022,-0.22808528,-0.233845,-0.23593473,-0.2389884,-0.07075477,0.07139039,0.05203843,0.04402423,0.030075312,-0.30799365,0.99386543,4.5128054e-05,5.6224097e-05,8.743188e-05,0.005945869
184672448,184671457,-1.5955,0.011842813,-1.5997297,-1.5342036,-1.5074452,-1.4612403,-0.14889725,-0.18174195,-0.18592739,-0.18738127,-0.18940163,-0.0210073,0.1293099,0.111603975,0.10429144,0.091596365,-0.20385075,0.9955753,4.7208985e-05,5.972415e-05,9.5203766e-05,0.004222535
185672241,185671399,-1.619743,0.013843557,-1.6248997,-1.5593784,-1.5326223,-1.4864235,-0.17441396,-0.2441976,-0.25549507,-0.26014328,-0.26782894,-0.32487202,0.25661135,0.24873447,0.24529338,0.23907685,-0.018325329,0.9946452,4.7851965e-05,6.0819726e-05,9.779468e-05,0.0051484224
186672334,186671365,-1.615483,0.01694846,-1.6220918,-1.5565134,-1.5297339,-1.4834967,-0.17072734,-0.21799564,-0.22270846,-0.22438145,-0.22676492,-0.062218428,0.09387565,0.07589936,0.06846714,0.055551767,-0.2501335,0.993198,4.793397e-05,6.094135e-05,9.815967e-05,0.0065950276
187672529,187671667,-1.5726708,0.006158008,-1.5740964,-1.508769,-1.4820932,-1.4360397,-0.12576795,-0.22822404,-0.23063803,-0.23133755,-0.23207307,-0.03559184,-0.030072212,-0.048041344,-0.05542493,-0.0681963,-0.34403634,0.99838823,4.6950816e-05,5.8931702e-05,9.265318e-05,0.0014132122
188667788,188666821,-1.5350639,0.004487321,-1.5356569,-1.4703451,-1.443672,-1.397627,-0.085490875,-0.21531534,-0.21607995,-0.2162025,-0.21612167,-0.08088398,-0.037784815,-0.049140453,-0.05379629,-0.061822414,-0.2262218,0.9992398,4.466275e-05,5.4875247e-05,8.315625e-05,0.00057759875
189672401,189671556,-1.4983943,0.004614889,-1.4990021,-1.433618,-1.40691,-1.3608142,-0.047038227,-0.13336611,-0.13072062,-0.12947464,-0.12717938,0.0018796921,-0.06088996,-0.0680387,-0.070908785,-0.07577181,-0.13733482,0.99922913,4.392113e-05,5.3620075e-05,8.040068e-05,0.0005929036
190672647,190671679,-1.4706799,0.005504134,-1.4716626,-1.4062052,-1.379463,-1.333318,-0.019050969,-0.118778944,-0.112644434,-0.1099298,-0.10515618,0.06571245,-0.06836057,-0.074968815,-0.07755065,-0.08182192,-0.08924532,0.9988493,4.439196e-05,5.449049e-05,8.24932e-05,0.0009693741
191676377,191675590,-1.4418375,0.0067849946,-1.4433862,-1.3778875,-1.3511236,-1.3049524,0.009140041,-0.1177094,-0.10722971,-0.10266328,-0.09473491,0.14347959,-0.13778949,-0.1449213,-0.14763045,-0.1520071,-0.10834861,0.99827623,4.506632e-05,5.5741497e-05,8.5480664e-05,0.0015374625
192672447,192671603,-1.4189334,0.011928661,-1.4229008,-1.3596096,-1.3327885,-1.2871304,0.027596764,-0.42049646,-0.41940522,-0.41874576,-0.417346,-0.26021433,-0.24200845,-0.25306177,-0.25755548,-0.26525593,-0.39994097,0.9958478,4.544987e-05,5.660247e-05,8.7880275e-05,0.0039622965
193668653,193667562,-1.4638681,0.0037875017,-1.4639552,-1.4005934,-1.3737016,-1.3278445,0.025758795,-0.77820766,-0.7974669,-0.8053142,-0.8182031,-0.85334027,-0.22656202,-0.24410605,-0.2516482,-0.2651751,-0.7697208,0.99972886,6.829543e-05,6.762601e-05,6.762601e-05,6.762601e-05
194668392,194667522,-1.5797039,0.0038489418,-1.5798136,-1.516103,-1.4890124,-1.4427336,-0.036829054,-0.6886687,-0.69459,-0.69669044,-0.6997042,-0.47018278,-0.5186237,-0.54079187,-0.54997456,-0.5660106,-0.95239246,0.99966025,8.4947525e-05,8.4947525e-05,8.4947525e-05,8.4947525e-05
195668796,195667765,-1.6607974,0.0038604122,-1.6608868,-1.5935057,-1.5658604,-1.5178715,-0.063812345,-0.44411927,-0.4361989,-0.4325238,-0.42582756,-0.08037257,-0.63305396,-0.64930195,-0.6558022,-0.66682535,-0.7626781,0.9997383,6.626052e-05,6.427781e-05,6.109238e-05,7.009333e-05
196668905,196668036,-1.6320311,0.019550325,-1.6381239,-1.5693618,-1.5411329,-1.4921412,-0.0159321,-0.23188663,-0.21235049,-0.20395851,-0.18951261,0.14097133,-0.5332993,-0.5379889,-0.53951323,-0.5415865,-0.30499226,0.9937769,6.027064e-05,5.9663307e-05,5.9502625e-05,0.006043528
197669152,197668036,-0.18786849,0.39169285,-1.6017084,-1.5320324,-1.5034324,-1.4538314,0.024050334,-0.09289271,-0.06407684,-0.05195117,-0.031428337,0.26477176,-0.5596122,-0.55386025,-0.55090266,-0.5449477,-0.036623076,0.17551714,1.6710566e-05,1.6710566e-05,1.6710566e-05,0.82443273
198672843,198671995,0.054956038,0.0053517134,-1.5616349,-1.4915512,-1.462795,-1.4129665,0.055601355,-0.008401573,0.022648126,0.035616785,0.05742587,0.31047872,-0.5446784,-0.5339794,-0.52894384,-0.5193324,0.07833284,0.0005990237,1.5538775e-05,1.5538775e-05,1.5538775e-05,0.9993544
199673080,199672008,0.07744805,0.0038337905,-1.5301361,-1.4600551,-1.4313089,-1.3815249,0.077546224,0.10215845,0.13513541,0.14889327,0.1720032,0.4347311,-0.5183847,-0.50647444,-0.500904,-0.4903198,0.1462962,3.625266e-05,2.0705233e-05,2.0705233e-05,2.0705233e-05,0.99990165
200673193,200672155,0.11027,0.0037035341,-1.4907445,-1.420625,-1.391866,-1.3420868,0.11034897,0.080970176,0.11440102,0.12831302,0.15163086,0.39667434,-0.5040632,-0.4904227,-0.48413566,-0.47230217,0.18941525,1.9793028e-05,1.9793028e-05,1.9793028e-05,1.9793028e-05,0.99992085
201672986,201671997,0.13305102,0.0038149995,-1.4609894,-1.3910493,-1.362365,-1.3127325,0.13320827,0.20003283,0.23412663,0.2483148,0.27209452,0.5262293,-0.4463815,-0.43260735,-0.42625594,-0.4142958,0.25646144,3.971345e-05,3.9501672e-05,3.9357506e-05,3.9115082e-05,0.99984235
202668825,202667949,0.14711793,0.012125978,-1.4421816,-1.3726412,-1.3441159,-1.2947505,0.15091178,0.19428316,0.22218159,0.23377346,0.25317976,0.44800562,-0.35816118,-0.34583148,-0.34020653,-0.3296784,0.23562127,0.0010650737,0.0009644753,0.0009177485,0.00084348937,0.9962092
203668891,203667963,0.16500652,0.022527024,-1.4205129,-1.351037,-1.3225311,-1.2732034,0.1733585,0.078198,0.09835515,0.106765345,0.12089694,0.28725368,-0.34716344,-0.34005815,-0.336734,-0.33040243,0.055751503,0.002418704,0.0021221768,0.0019872761,0.0017802946,0.9916916
204665382,204664474,0.20540014,0.009785115,-1.3859323,-1.3163399,-1.2877754,-1.238365,0.20813328,0.023301668,0.0372701,0.04305917,0.05273387,0.14137448,-0.25387442,-0.2470817,-0.2440128,-0.23830023,0.05271403,0.000762765,0.0006962944,0.0006626876,0.00061184797,0.99726635
205669528,205668531,0.22843029,0.007969796,-1.3622944,-1.2927248,-1.2641615,-1.2147669,0.23034793,0.07829608,0.09169944,0.09722826,0.10643111,0.17336293,-0.21058053,-0.20276272,-0.19928607,-0.19288555,0.10268651,0.0005196407,0.0004881336,0.0004696744,0.00044223855,0.9980803
206674219,206673283,0.2564599,0.0059839077,-1.3354539,-1.2658226,-1.2372226,-1.1877804,0.25748143,0.064891964,0.07497086,0.07914134,0.08610282,0.14674695,-0.21029069,-0.20515211,-0.20284179,-0.19855139,0.013983598,0.00027064054,0.00025972296,0.00025202704,0.00024115863,0.9989764
207669279,207668124,0.28444177,0.005769852,-1.3078927,-1.23826,-1.2096457,-1.1601936,0.28533223,0.114562064,0.12200788,0.1250281,0.12998617,0.13265531,-0.10427283,-0.09747879,-0.094545476,-0.089254335,0.10595522,0.00023521896,0.00022640111,0.00021986214,0.0002108235,0.99910766
208673115,208671834,0.30311862,0.006245645,-1.285773,-1.2183473,-1.1897873,-1.1409078,0.3041787,0.07265806,0.077880844,0.079958305,0.08331257,0.057220306,-0.06443857,-0.057686877,-0.054817285,-0.049699876,0.112599134,0.00028375039,0.00026991605,0.0002606939,0.00024775814,0.9989379
209669889,209668721,0.33707404,0.0058219084,-1.2519536,-1.1844635,-1.155897,-1.1069888,0.3379088,0.07908372,0.07872971,0.078456335,0.077828966,-0.010468431,-0.053424403,-0.047468048,-0.0450406,-0.040847242,0.0299097,0.0002208393,0.00021236682,0.00020601883,0.0001973562,0.9991634
210673857,210672585,0.36330494,0.005297265,-1.226368,-1.1587821,-1.1301931,-1.0812325,0.36387068,0.19655846,0.19021517,0.18736443,0.18229929,-0.0102235675,0.05916754,0.06694194,0.0699887,0.0750793,0.08166584,0.00014784742,0.00014370821,0.0001401292,0.00013544793,0.9994329
211665690,211664806,0.38911888,0.0050610006,-1.2009885,-1.1333216,-1.104717,-1.0557139,0.38955048,0.17588939,0.16392612,0.1586706,0.14948381,-0.13098428,0.16795163,0.17673966,0.18008377,0.18552613,0.12312936,0.00011199524,0.00010944542,0.000107103166,0.000104115396,0.99956733
212673599,212672444,0.41672835,0.0048885862,-1.1753857,-1.1075855,-1.0789425,-1.0298572,0.41706556,0.10697521,0.088404804,0.08034762,0.06639362,-0.29899806,0.2927008,0.3013801,0.30454123,0.30947644,0.14926893,8.845191e-05,8.546749e-05,8.3445324e-05,8.075497e-05,0.99966186
213669354,213668391,0.44396138,0.005969114,-1.1529604,-1.0850762,-1.0564065,-1.0072536,0.44475815,0.0092189945,-0.0147029385,-0.024977423,-0.042631805,-0.43837184,0.34517643,0.35101327,0.35289875,0.3554758,0.079661116,0.00022742728,0.00020284836,0.0001919208,0.00017592404,0.9992019
214673533,214672690,0.46433407,0.016552761,-1.12822,-1.06055,-1.0319843,-0.98298573,0.46970072,0.004042754,-0.021451468,-0.032362126,-0.0510564,-0.44489837,0.27336428,0.27750465,0.27866405,0.27994367,-0.04186237,0.0016454123,0.0013653642,0.0012529244,0.0010878005,0.99464846
215665671,215664893,0.38442296,0.20632344,-1.10973,-1.0424529,-1.01406,-0.9653339,0.48736632,-0.015010983,-0.0399988,-0.050702736,-0.06905612,-0.46283564,0.31730062,0.3217082,0.32299152,0.32450354,0.011919662,0.031996384,0.024041364,0.021129513,0.016987551,0.9058452
216669626,216668789,0.1870027,0.4600122,-1.0784144,-1.0112649,-0.98294795,-0.93432754,0.51803064,0.13348433,0.11152999,0.102047324,0.08568217,-0.31703287,0.31047487,0.31824213,0.3209659,0.32505703,0.09982583,0.091300204,0.06589107,0.056978032,0.04446291,0.7413678
217669653,217668805,0.36738613,0.31767094,-1.0498371,-0.9824933,-0.9541196,-0.9053839,0.548305,0.20766003,0.1881596,0.17969914,0.16504808,-0.21928884,0.34827557,0.3570749,0.3602718,0.36524963,0.18959394,0.054726936,0.03960407,0.0344,0.02703649,0.84423256
218665851,218664900,0.51147497,0.15652087,-1.0178624,-0.95019686,-0.9217153,-0.8727725,0.58460134,0.088559225,0.06673007,0.057307646,0.041055143,-0.35288614,0.33943605,0.34684148,0.34941736,0.35325164,0.124815986,0.024232214,0.017362615,0.015078925,0.011853066,0.93147314
219674115,219673148,0.5704576,0.10283822,-0.9915054,-0.92358446,-0.895017,-0.8459073,0.615258,0.021287903,-0.0013497472,-0.011063457,-0.02773916,-0.39298576,0.35834894,0.36305565,0.36450782,0.36637434,0.09092032,0.015523503,0.010860274,0.0093662655,0.0072793807,0.9569706
220673096,220672259,0.6065976,0.09176316,-0.9636706,-0.89558655,-0.8669752,-0.8177681,0.6458149,0.06820547,0.04537224,0.03565021,0.01906351,-0.29355153,0.34515193,0.34602293,0.3458983,0.3450327,0.017083377,0.013900868,0.009527001,0.008157292,0.006266022,0.9621488
221666346,221665505,0.63980806,0.07967824,-0.9338226,-0.8657277,-0.83714324,-0.78796315,0.6734144,-0.017229222,-0.03926429,-0.048581246,-0.064386144,-0.31920898,0.27101755,0.26856557,0.26709527,0.26392755,-0.09396158,0.011709174,0.0082250545,0.007114617,0.0055610747,0.9673901
222673297,222672388,0.6538962,0.111220695,-0.90235585,-0.834307,-0.80577374,-0.7566595,0.7029783,-0.059868068,-0.08232213,-0.0917902,-0.10781587,-0.34947693,0.35714877,0.3533314,0.35129374,0.34713537,-0.034388334,0.016803876,0.011859109,0.010267065,0.008036538,0.95303345
223669706,223668832,0.6702695,0.13070759,-0.88015217,-0.811958,-0.7833824,-0.734177,0.72889525,-0.10451518,-0.1266799,-0.13601178,-0.1517875,-0.37912562,0.35152173,0.3470079,0.34469026,0.34005523,-0.046607785,0.020546041,0.013999607,0.01193685,0.00911876,0.9443987
224673859,224673094,0.6580162,0.19459452,-0.8612739,-0.7929917,-0.7643949,-0.71513486,0.75108707,-0.15697111,-0.17441288,-0.1816875,-0.19388793,-0.3210859,0.22702542,0.2198896,0.21659526,0.21040733,-0.14015557,0.032847077,0.021477614,0.017979309,0.013328712,0.91436726
225670220,225669228,0.5862487,0.3407109,-0.8345049,-0.76621073,-0.73763406,-0.68838435,0.77952904,-0.1196465,-0.13109216,-0.1358156,-0.14366385,-0.18860435,0.12889299,0.12153127,0.11827002,0.112311535,-0.15242432,0.06510641,0.041050572,0.033794485,0.024358673,0.8356899
226673811,226672958,0.49412107,0.45790005,-0.80688405,-0.7386112,-0.7100712,-0.660863,0.8067446,-0.010771379,-0.017646775,-0.020481586,-0.025184825,-0.048516355,0.070909195,0.06622792,0.064161114,0.060399495,-0.102169596,0.0983265,0.061256777,0.050127644,0.035752807,0.7545363
227669890,227668995,0.4655568,0.49264145,-0.785319,-0.7170502,-0.6885345,-0.6393532,0.82735705,0.010553464,0.006343156,0.0046010315,0.0017045885,-0.015564948,0.033133507,0.030469596,0.029285863,0.02712734,-0.06989673,0.11032855,0.06895216,0.056477938,0.04033437,0.723907
228669892,228669005,0.5391891,0.4572847,-0.7596707,-0.69135356,-0.6628436,-0.613654,0.85227746,0.036562808,0.03392277,0.03281045,0.030934878,0.006758556,0.048539486,0.047796983,0.047434006,0.046739053,-0.002240289,0.09725503,0.061521377,0.05064655,0.036482804,0.75409424
229670015,229669251,0.6070867,0.4198614,-0.73490083,-0.6665228,-0.63801277,-0.5888083,0.8764539,-0.0019409508,-0.0038230345,-0.004564017,-0.005738117,0.016375877,0.053844694,0.050570495,0.049185235,0.046745364,-0.023304962,0.085206136,0.05449487,0.0450696,0.032722954,0.78250647
230662092,230661136,0.62499976,0.42220402,-0.7129003,-0.6445033,-0.61600745,-0.56681514,0.89751047,-0.15069854,-0.15476665,-0.15630534,-0.15865782,-0.069767095,0.08514914,0.07519951,0.07103197,0.06371948,-0.12439816,0.08548068,0.055108942,0.04571064,0.033351015,0.7803488
231674063,231673179,0.6622974,0.40783244,-0.6899163,-0.6214781,-0.592988,-0.5437926,0.9197872,-0.17957473,-0.18382898,-0.18543631,-0.18789154,-0.09394344,0.081858896,0.07137703,0.066987574,0.059286334,-0.13843006,0.08093734,0.05267945,0.043840636,0.03217412,0.7903685
232670213,232669363,0.7382699,0.35390136,-0.6621289,-0.5939609,-0.565369,-0.5163511,0.94521004,-0.20480236,-0.2093494,-0.21104807,-0.21361282,-0.09962306,0.066093154,0.05392553,0.048839223,0.03992539,-0.18367483,0.066258796,0.04396681,0.03685958,0.02740075,0.825514
233670289,233669444,0.7308238,0.3990092,-0.6344062,-0.56574845,-0.53722036,-0.4879233,0.97778916,-0.22281292,-0.22714972,-0.22869873,-0.23092526,-0.07000022,0.03506729,0.019851852,0.013520086,0.0024583866,-0.2568416,0.078885004,0.050808534,0.042050995,0.030600755,0.79765475
234674287,234673322,0.6229406,0.508193,-0.61206096,-0.54327685,-0.5147138,-0.465338,1.004631,-0.27967328,-0.28311008,-0.28432342,-0.28604335,-0.14696726,0.0032934472,-0.009527504,-0.014859557,-0.024168104,-0.23946226,0.11668698,0.07175638,0.058243804,0.041009486,0.71230334
235673988,235673165,0.646032,0.5181525,-0.5816817,-0.5126893,-0.48406678,-0.43456697,1.0392474,-0.23488566,-0.23626846,-0.23669302,-0.23718396,-0.13208257,-0.017759837,-0.026313774,-0.029853843,-0.03600522,-0.16586699,0.122172244,0.0729669,0.05852362,0.040401224,0.7059361
236670694,236669916,0.6730464,0.5212012,-0.5528917,-0.4837852,-0.4551411,-0.4055868,1.0695302,-0.09292836,-0.090927005,-0.090031005,-0.08843255,-0.024402663,-0.08826082,-0.090878494,-0.09191338,-0.09363574,-0.09704492,0.12389112,0.07326235,0.0585296,0.04014065,0.70417625
237662693,237661716,0.72787577,0.5036636,-0.522369,-0.45419407,-0.42546204,-0.37626445,1.0974684,0.026211575,0.029911116,0.03144276,0.034006372,0.057650894,0.015725464,0.017452948,0.018235438,0.019704558,0.09707419,0.11683996,0.06941393,0.055566404,0.03823892,0.7199408
238674618,238673722,0.48529828,0.60693187,-0.49868986,-0.4306564,-0.40196046,-0.35283163,1.1218783,0.060446948,0.06962852,0.073453814,0.07987882,0.14963253,-0.089137435,-0.085612096,-0.08397765,-0.080876656,0.10191393,0.1818842,0.1051629,0.083180666,0.056065805,0.57370645
239670834,239669996,0.35119414,0.62152356,-0.4624036,-0.3944449,-0.3657476,-0.31662902,1.1600597,0.07176298,0.082418054,0.08689888,0.09448196,0.20488282,-0.12602918,-0.12398025,-0.1229203,-0.12076982,0.06562938,0.22307086,0.12585112,0.098494135,0.06521977,0.48736423
240666438,240665478,0.2464592,0.6105039,-0.43896186,-0.37103367,-0.34232855,-0.293202,1.1854489,0.10749176,0.11699739,0.12097042,0.127661,0.2083912,-0.13966842,-0.13662024,-0.13517438,-0.13238965,0.049678024,0.25556996,0.14113396,0.10943771,0.07136328,0.4224951
241674293,241673511,0.21559282,0.59792966,-0.40474015,-0.3368403,-0.3081187,-0.25897413,1.221693,0.07915092,0.08808059,0.09180711,0.09807475,0.16959882,-0.06524252,-0.06209515,-0.060620435,-0.057801895,0.11699529,0.27421486,0.14877754,0.11448823,0.07373656,0.38878277
242670738,242669767,0.3219114,0.6154207,-0.37515426,-0.30725038,-0.2785053,-0.22932997,1.2522194,0.061130203,0.06783609,0.07061291,0.07525489,0.1139865,-0.08610921,-0.08272016,-0.08119273,-0.07834755,0.065938495,0.25660175,0.13918798,0.10708697,0.06899362,0.42812967
243674816,243673934,0.22525935,0.5881146,-0.35147402,-0.2818983,-0.2532082,-0.20347638,1.2804284,0.043667715,0.048200797,0.05003174,0.053029727,0.0464894,-0.0322655,-0.0277271,-0.025773691,-0.022254864,0.10392297,0.2882073,0.15407516,0.11778478,0.07506723,0.3648656
244666597,244665624,0.24721003,0.583624,-0.31889084,-0.2492974,-0.2206213,-0.17090578,1.3120395,0.058637068,0.06303992,0.064821206,0.06774197,0.06363216,-0.12928143,-0.1250228,-0.12318676,-0.11987516,0.0008094534,0.28950116,0.15569063,0.119283564,0.07630557,0.35921907
245670749,245669978,0.38889617,0.6093859,-0.27892098,-0.21122566,-0.1825078,-0.13340518,1.3472975,0.08686213,0.09119941,0.092924625,0.09571022,0.0700047,-0.085863456,-0.080173545,-0.07775179,-0.073429294,0.06439385,0.26237667,0.1429809,0.11012956,0.071118884,0.413394
246670611,246669772,0.48871607,0.6213437,-0.24968266,-0.181977,-0.15323985,-0.10410837,1.377358,0.1482221,0.14943875,0.14977555,0.15010813,0.0377755,-0.049994662,-0.04116238,-0.03751708,-0.031169206,0.099416316,0.24631117,0.13430287,0.10346108,0.06686107,0.44906387
247670530,247669689,0.711896,0.62668973,-0.21550493,-0.1455465,-0.11677407,-0.0668772,1.4173785,0.123472735,0.122428305,0.12180954,0.12052026,-0.017256945,-0.046238877,-0.037692256,-0.03421177,-0.028214768,0.06434934,0.20436744,0.11185181,0.08633604,0.05601484,0.5414298
248670667,248669815,0.71607804,0.6265173,-0.18761131,-0.11770438,-0.08896686,-0.03912947,1.4429741,0.07218054,0.06488126,0.06162432,0.05586488,-0.14938724,0.041789755,0.049347505,0.052290514,0.057176217,0.04298292,0.20755066,0.11491125,0.08911926,0.05825868,0.5301601
249673982,249673225,0.4652602,0.59831107,-0.15331204,-0.083549425,-0.054882392,-0.005163949,1.47544,0.14511204,0.1326606,0.12712638,0.11736381,-0.22059959,0.17724419,0.18925449,0.19391617,0.20162576,0.16663536,0.27324817,0.14953274,0.11545842,0.0747877,0.386973
250667058,250666099,0.3005062,0.5165227,-0.12192479,-0.05205543,-0.023344647,0.026454601,1.5123274,0.18113871,0.16646992,0.15993047,0.14836909,-0.26400623,0.29945123,0.3145364,0.32041407,0.33016288,0.2999642,0.33441633,0.17343453,0.13129137,0.08209949,0.27875832
251666839,251665998,0.14380121,0.34684455,-0.08996541,-0.02002996,0.008710752,0.058566898,1.5501013,0.23402108,0.21983606,0.21348411,0.20221922,-0.21589935,0.17151725,0.18735313,0.19355172,0.2038697,0.1889295,0.40950426,0.19890225,0.14694013,0.08796032,0.156693
252674733,252673965,0.055185426,0.17023383,-0.064585045,0.005267396,0.033976868,0.083783045,1.5780674,0.19105196,0.17619279,0.16952729,0.1576908,-0.28961548,0.22778516,0.24493615,0.2516615,0.26287383,0.2539221,0.46941894,0.21610986,0.15649028,0.09029495,0.067686
253675058,253674297,0.049423173,0.08118788,-0.027283717,0.04232042,0.07092441,0.12054512,1.6122581,0.31340444,0.2995376,0.2932278,0.28190523,-0.20411739,0.14841695,0.16898927,0.1771417,0.19085443,0.24135777,0.49416152,0.22358091,0.16103403,0.091748096,0.029475426
254674420,254673655,0.15702718,0.20454864,0.01540221,0.08503652,0.113641635,0.16324532,1.6487552,0.4181931,0.40081096,0.39292642,0.37880453,-0.2141337,0.23961502,0.26444522,0.27426735,0.29076636,0.3437852,0.4442423,0.21503216,0.15993981,0.09600835,0.084777415
255667160,255666239,0.29464135,0.3409212,0.064795755,0.13214542,0.16080774,0.20984675,1.6971622,0.39830625,0.37556338,0.36536178,0.34723672,-0.34175897,0.3609257,0.38759005,0.3980518,0.41549775,0.40927377,0.41319036,0.19698122,0.14668776,0.08792448,0.15521619
256670800,256669957,0.44569024,0.47973856,0.08832797,0.15857325,0.18744479,0.23748961,1.7335559,0.43158874,0.4070017,0.3959944,0.37646508,-0.34927994,0.42286137,0.45043513,0.46123144,0.4791991,0.4537494,0.38453838,0.1731902,0.12718183,0.07414523,0.24094436
257667308,257666352,1.2590512,0.6041678,0.1402563,0.20850778,0.2375347,0.28723058,1.7884884,0.47251815,0.44664156,0.4351005,0.41467696,-0.31228876,0.33566168,0.3623614,0.37276903,0.39001977,0.330351,0.18656234,0.08247143,0.06076121,0.035519823,0.6346852
258663450,258662472,1.4808772,0.50815636,0.16582157,0.23672095,0.26588458,0.31640145,1.8211169,0.35788602,0.33038768,0.3182216,0.2968192,-0.40237007,0.3571915,0.38066885,0.3897172,0.40456644,0.27898017,0.13389213,0.057928763,0.042658787,0.024813578,0.74070674
259667300,259666393,1.4653003,0.5398156,0.19952266,0.27032742,0.29946294,0.34991574,1.8532282,0.29549292,0.26540425,0.2521648,0.2289693,-0.48437336,0.41123205,0.4333924,0.44184476,0.4555873,0.27481037,0.14910883,0.06383399,0.047131147,0.02739731,0.71252865
260667311,260666460,1.3988746,0.5882356,0.24281815,0.31336188,0.342403,0.39266846,1.8905472,0.31675127,0.28406283,0.2697397,0.24472548,-0.48980963,0.46330893,0.48454282,0.49256,0.50547695,0.2756377,0.1763579,0.07711881,0.05782516,0.034299783,0.6543983
261676537,261674468,0.9375928,0.6300529,0.28332415,0.35381842,0.38286507,0.43312606,1.9348446,0.3491174,0.3127685,0.29685852,0.26909658,-0.5338074,0.5033003,0.52586854,0.534359,0.54798716,0.27699602,0.32057318,0.12824449,0.09345192,0.052507143,0.40522328
262663257,262662381,-2.8737988,0.59005797,2.89571,2.966345,2.995475,3.0460541,-1.7300694,0.25513363,0.23158331,0.2212593,0.20322253,-0.33032846,0.32214952,0.33778238,0.34369814,0.35324273,0.18718581,0.37726814,0.13867268,0.09839931,0.05263662,0.3330232
263668854,263666698,-3.0145533,0.5254016,2.8702328,2.9405959,2.969638,3.0200813,-1.755709,0.32243156,0.31614292,0.31308147,0.30732355,-0.059160825,0.04257786,0.062086463,0.06996768,0.08342945,0.23233214,0.41808307,0.15062912,0.10629223,0.05617096,0.26882473
264671276,264670429,-2.821953,0.60460687,2.9125485,2.9829118,3.0119448,3.0623932,-1.7136632,0.14399819,0.14837573,0.15006068,0.15268923,0.082543686,-0.09895226,-0.09030926,-0.086664945,-0.08022029,0.096732244,0.36697736,0.13453457,0.095624045,0.051180355,0.35168374
265671548,265670667,-2.773553,0.60756636,2.9528608,3.023326,3.052385,3.1028824,-1.6734518,-0.09049506,-0.07769362,-0.07217166,-0.06264627,0.16564168,-0.1377365,-0.1421701,-0.14372277,-0.14602849,-0.0043033324,0.36414355,0.13379095,0.09517816,0.05102299,0.35586438
266671516,266670558,-2.5362337,0.65200645,2.9942412,3.0648487,3.0939527,-3.1386604,-1.6325637,-0.1755108,-0.15156339,-0.14114666,-0.123058304,0.36651713,-0.31810704,-0.33071765,-0.33539405,-0.34278026,-0.13262156,0.30679235,0.1139521,0.08161815,0.044214353,0.45342296
267667779,267666813,-2.6854815,0.6109048,3.0323284,3.1029763,3.132089,-3.1005113,-1.5943805,-0.2480152,-0.21260917,-0.19718236,-0.17035936,0.57178944,-0.48380432,-0.50368243,-0.5111035,-0.52290404,-0.22769523,0.3653858,0.13130291,0.09320136,0.04951165,0.3605983
268667791,268666929,-2.767773,0.5309805,3.1091878,-3.1058347,-3.0768785,-3.027427,-1.521848,-0.4020157,-0.35570335,-0.33548346,-0.3002726,0.6996627,-0.62692565,-0.65487516,-0.6653841,-0.6822108,-0.31995314,0.42655903,0.14474776,0.1013503,0.052165076,0.2751779
