timestamp,rollspeed_integ,pitchspeed_integ,yawspeed_integ,additional_integ1
26274302,0.0,0.0,0.0,0.0
26280867,0.0,0.0,0.0,0.0
26477257,0.0,0.0,0.0,0.0
26677857,0.0,0.0,0.0,0.0
26877462,0.0,0.0,0.0,0.0
27077279,0.0,0.0,0.0,0.0
27277360,0.0,0.0,0.0,0.0
27473579,0.0,0.0,0.0,0.0
27676861,0.0,0.0,0.0,0.0
27877587,0.0,0.0,0.0,0.0
28077411,0.0,0.0,0.0,0.0
28277766,0.0,0.0,0.0,0.0
28477319,0.0,0.0,0.0,0.0
28677372,0.0,0.0,0.0,0.0
28873492,0.0,0.0,0.0,0.0
29077078,0.0,0.0,0.0,0.0
29277434,0.0,0.0,0.0,0.0
29477398,0.0,0.0,0.0,0.0
29664661,0.0,0.0,0.0,0.0
29877494,0.0,0.0,0.0,0.0
30073496,0.0,0.0,0.0,0.0
30276332,0.0,0.0,0.0,0.0
30473501,0.0,0.0,0.0,0.0
30673412,0.0,0.0,0.0,0.0
30877390,0.0,0.0,0.0,0.0
31077542,0.0,0.0,0.0,0.0
31277380,0.0,0.0,0.0,0.0
31477538,0.0,0.0,0.0,0.0
31673841,0.0,0.0,0.0,0.0
31873781,0.0,0.0,0.0,0.0
32077555,0.0,0.0,0.0,0.0
32277678,0.0,0.0,0.0,0.0
32477563,0.0,0.0,0.0,0.0
32677296,0.0,0.0,0.0,0.0
32877330,0.0,0.0,0.0,0.0
33073908,0.0,0.0,0.0,0.0
33273986,0.0,0.0,0.0,0.0
33477534,0.0,0.0,0.0,0.0
33678170,0.0,0.0,0.0,0.0
33877967,0.0,0.0,0.0,0.0
34077676,0.0,0.0,0.0,0.0
34275347,0.0,0.0,0.0,0.0
34473718,0.0,0.0,0.0,0.0
34677663,0.0,0.0,0.0,0.0
34877858,0.0,0.0,0.0,0.0
35077737,0.0,0.0,0.0,0.0
35277767,0.0,0.0,0.0,0.0
35477677,0.0,0.0,0.0,0.0
35673254,0.0,0.0,0.0,0.0
35873337,0.0,0.0,0.0,0.0
36077530,0.0,0.0,0.0,0.0
36278152,0.0,0.0,0.0,0.0
36477543,0.0,0.0,0.0,0.0
36677640,0.0,0.0,0.0,0.0
36877702,0.0,0.0,0.0,0.0
37074104,0.0,0.0,0.0,0.0
37274668,0.0,0.0,0.0,0.0
37477800,0.0,0.0,0.0,0.0
37677622,0.0,0.0,0.0,0.0
37877540,0.0,0.0,0.0,0.0
38077676,0.0,0.0,0.0,0.0
38277540,0.0,0.0,0.0,0.0
38473663,0.0,0.0,0.0,0.0
38674186,0.0,0.0,0.0,0.0
38877835,0.0,0.0,0.0,0.0
39077728,0.0,0.0,0.0,0.0
39277239,0.0,0.0,0.0,0.0
39478045,0.0,0.0,0.0,0.0
39677719,0.0,0.0,0.0,0.0
39877728,0.0,0.0,0.0,0.0
40073983,0.0,0.0,0.0,0.0
40277760,0.0,0.0,0.0,0.0
40478091,0.0,0.0,0.0,0.0
40678188,0.0,0.0,0.0,0.0
40878090,0.0,0.0,0.0,0.0
41078007,0.0,0.0,0.0,0.0
41274371,0.0,0.0,0.0,0.0
41474251,0.0,0.0,0.0,0.0
41677873,0.0,0.0,0.0,0.0
41878016,0.0,0.0,0.0,0.0
42077353,0.0,0.0,0.0,0.0
42274708,0.0,0.0,0.0,0.0
42477774,0.0,0.0,0.0,0.0
42674031,0.0,0.0,0.0,0.0
42873953,0.0,0.0,0.0,0.0
43078241,0.0,0.0,0.0,0.0
43278183,0.0,0.0,0.0,0.0
43478190,0.0,0.0,0.0,0.0
43677427,0.0,0.0,0.0,0.0
43878050,0.0,0.0,0.0,0.0
44073955,0.0,0.0,0.0,0.0
44273941,0.0,0.0,0.0,0.0
44477916,0.0,0.0,0.0,0.0
44677490,0.0002687784,0.0013091612,-0.00012455754,0.0
44874022,0.0015886943,0.009699786,-0.0006291692,0.0
45078392,0.0035359398,0.017288245,-0.0008842302,0.0
45274390,0.0049232813,0.022179814,-0.0012942713,0.0
45474362,0.0060965107,0.025015278,-0.001525733,0.0
45674098,0.0062284702,0.024929473,-0.0015476908,0.0
45878099,0.006883213,0.022785198,-0.0013245847,0.0
46077992,0.007686625,0.019562105,-0.0013873529,0.0
46278756,0.00812301,0.015067559,-0.0017232258,0.0
46477442,0.008406685,0.010545141,-0.002113431,0.0
46674051,0.008473771,0.0070268093,-0.0021391646,0.0
46874473,0.0092415335,0.003914892,-0.0020312823,0.0
47074175,0.007478064,0.002495034,-0.0019692513,0.0
47278252,0.0051608,0.0026228991,-0.0016702322,0.0
47478477,0.0045539294,0.0020283835,-0.0013767262,0.0
47678353,0.0037027125,0.001264943,-0.0010761791,0.0
47878217,0.0025552989,0.00033276153,-0.0010660272,0.0
48078195,0.0024184203,0.0008436582,-0.00062402716,0.0
48274575,0.0015588434,0.00038287108,-0.0009762842,0.0
48474433,0.0015412599,0.00030683418,-0.0008412506,0.0
48679006,0.001363578,0.0001795411,-0.0009991524,0.0
48878088,0.0003979526,0.00085242774,-0.001289495,0.0
49074414,0.0008098552,0.0001038135,0.00078119594,0.0
49278618,9.2593e-06,0.00045903205,9.709842e-05,0.0
49473949,0.00028159728,-0.0003449396,-0.0005394837,0.0
49674659,0.0013496476,0.00032471592,-0.00086457114,0.0
49873952,-0.00011317129,0.0008053695,-0.0010024245,0.0
50078508,-0.00041264977,0.00061071815,-0.0007470829,0.0
50278970,-0.00026945415,0.0006604368,-0.00028023365,0.0
50478523,0.00017169885,0.00038620413,-5.883605e-05,0.0
50678451,0.00018432939,0.00024719542,-0.0003713794,0.0
50874483,0.0003995806,0.00059954857,-0.0003772531,0.0
51074490,-0.00021514772,-0.0005865565,-0.0010720603,0.0
51274660,7.42521e-05,-0.0005358306,-0.0008671996,0.0
51478562,-0.00019372077,-0.0004224653,-0.00042866822,0.0
51678254,5.5613706e-05,-0.00045091356,-0.00036899533,0.0
51877863,-4.065848e-05,-0.0005291561,-0.0003542325,0.0
52074534,0.00015376418,-0.0009580266,-0.0007219982,0.0
52274716,-1.4258321e-05,0.00018119473,-0.00044000958,0.0
52474678,0.0006722226,9.749614e-05,-0.0003360347,0.0
52674551,0.00033702093,-7.93778e-05,-0.0005327315,0.0
52878319,0.00023503909,2.884968e-05,-0.00027182617,0.0
53078402,0.00033077894,-9.675768e-05,0.0001421638,0.0
53277707,-2.7711772e-05,-0.00028167327,0.00016530245,0.0
53478253,0.00069327507,0.0003129824,0.00025746756,0.0
53674415,0.00036279758,-1.2923574e-05,5.400503e-05,0.0
53874499,0.0010379856,-0.00013592024,0.00011926635,0.0
54074221,1.9259853e-05,1.9626215e-05,-0.00031774316,0.0
54277890,0.00044176588,5.7990816e-05,-0.00027583956,0.0
54478512,-0.0005942308,0.00027302216,9.230497e-06,0.0
54678746,-0.0001081297,-0.00065048924,-0.00019548148,0.0
54878443,0.0005218865,-0.00023563959,-4.845528e-05,0.0
55074703,0.0008240589,0.0004382754,0.00045660255,0.0
55271810,-0.00022045529,-0.00015097199,0.00048162957,0.0
55474950,0.0006035714,-0.00043181574,5.7490233e-05,0.0
55678433,0.0011181547,0.000408653,0.00011127798,0.0
55878671,-0.0001787753,-0.00076836825,6.528079e-05,0.0
56078844,0.00032968784,0.0002356288,-2.981801e-05,0.0
56278417,0.00085362245,-0.00023474106,5.5263326e-06,0.0
56477922,-0.00077702035,-0.0003044645,-0.000121057456,0.0
56674823,0.0009169839,-0.0004193537,6.127322e-05,0.0
56874919,-0.0006563892,-3.4814188e-05,-1.9756004e-05,0.0
57078466,0.0002694662,0.00010497855,0.00042018355,0.0
57278621,-0.00013493141,-0.0003563602,0.00022576773,0.0
57478284,0.00013561525,0.00061638094,4.738546e-05,0.0
57674937,5.484113e-05,-1.7401495e-05,0.00014469736,0.0
57874935,-0.00033188993,-0.00023293139,-0.00014752065,0.0
58074803,0.0013865266,-2.9607174e-05,-7.07887e-05,0.0
58274770,0.00040636313,8.015086e-05,-0.00033296546,0.0
58478674,0.00021695861,0.00033576944,0.00018883725,0.0
58674282,2.8801052e-05,0.00013450895,0.00012628612,0.0
58878591,0.0013009127,0.00015382386,0.00021485568,0.0
59078515,-0.00023021673,8.445937e-05,0.0003203744,0.0
59274581,0.0009182549,5.240894e-05,9.9671044e-05,0.0
59474734,-0.00017093291,0.0001950795,3.4611607e-05,0.0
59669990,0.00021801403,-0.00040362353,-3.7702182e-05,0.0
59878536,0.00017678601,0.0001788271,-0.00020490539,0.0
60078577,0.0001969155,0.00018572886,-0.0002326976,0.0
60278569,-0.0004988773,-0.0001220292,-0.00041811404,0.0
60474851,0.0003123541,5.3716936e-05,-0.00012539525,0.0
60674952,-5.055989e-05,0.00020378016,0.00017120036,0.0
60874727,-0.00018318673,-0.00096943794,-6.116566e-05,0.0
61074766,-8.059766e-05,0.000109627,-1.2578564e-05,0.0
61278787,-0.00057121617,-0.0008634797,0.00027259288,0.0
61478885,-0.0007909771,-0.00047297473,0.00027157852,0.0
61678309,0.0019904627,-0.0015442894,1.0416944e-05,0.0
61874804,0.00022507136,-0.00037950216,-2.6165122e-05,0.0
62078211,0.0061259908,-0.003139092,-0.0001503698,0.0
62274405,0.008845415,-0.0006961784,-0.00032371536,0.0
62474256,0.0060197464,-0.00084919424,-9.060114e-05,0.0
62678207,0.00082446175,0.0006925736,6.909394e-05,0.0
62879070,0.0030768437,0.00072509,0.0003394372,0.0
63078864,0.001392872,0.00030402743,-1.8219711e-06,0.0
63274461,0.0018904954,0.00072862813,0.00014071871,0.0
63474435,0.001235641,0.0007657177,-6.563531e-05,0.0
63674764,0.0016600795,0.0011916449,-0.00014885017,0.0
63874980,0.0006054866,-4.0408024e-05,4.364595e-05,0.0
64078713,0.00086186494,0.00080415263,-0.00021627547,0.0
64279002,0.0001594753,-7.6414624e-05,0.00059328834,0.0
64478883,0.00047676315,-0.00033601144,0.00014804704,0.0
64678250,0.0008132833,0.0009271796,0.00016153621,0.0
64875020,8.296688e-05,5.5441164e-05,-1.2686628e-05,0.0
65075152,0.0006818631,0.0002424279,-0.00013716608,0.0
65274381,0.00010185576,-7.028941e-05,4.7501628e-05,0.0
65478787,0.00081231474,0.0005621205,0.00017666884,0.0
65679079,0.00020998067,0.00045416114,-0.00026074392,0.0
65874607,0.00013027953,0.00027573513,-3.9341307e-06,0.0
66074484,-0.00017325403,1.742212e-05,0.0001643026,0.0
66274372,-6.886441e-05,0.0009180107,-0.00030931155,0.0
66475264,2.4431938e-05,-0.00010358823,-0.00033039466,0.0
66674771,0.000541831,0.00010890311,8.87046e-05,0.0
66874752,-0.000328288,0.00027262652,0.00034591736,0.0
67079130,0.00041764675,-0.0004886096,-7.772463e-05,0.0
67278918,-0.00034807486,0.0003102051,-4.2691994e-05,0.0
67478678,-0.00010566262,-0.0001293143,4.785646e-05,0.0
67674690,-7.4770025e-05,-8.2066734e-05,-5.8376387e-05,0.0
67874375,0.00010337906,-0.0007590852,-0.00016631886,0.0
68074640,-0.00089835504,-0.0004563231,0.00012695363,0.0
68278610,0.00019714402,-2.8999197e-05,0.00016562629,0.0
68479222,-6.929367e-05,-0.0004869162,0.00019238696,0.0
68674719,-0.000379383,-0.00016511402,0.000262598,0.0
68874602,-8.030575e-05,0.00010675489,0.00017336529,0.0
69074948,-0.0003553333,-0.0006487826,0.00033722317,0.0
69275190,-1.27067615e-05,0.00043506204,0.0005885725,0.0
69474516,6.108774e-06,-7.2456765e-05,0.00032283392,0.0
69679419,-0.00053691363,-0.00031136165,2.4883826e-05,0.0
69879074,0.0009183708,0.00032065017,-8.543877e-05,0.0
70079044,-0.00011373378,0.0001462622,2.3416804e-05,0.0
70278704,-0.0006125682,0.00048201537,9.952372e-05,0.0
70475413,0.00023272983,-0.0002588851,0.0003552749,0.0
70675386,-0.00042338233,0.00067475624,7.9260215e-05,0.0
70875262,-0.00029366295,-0.00043005112,2.340887e-05,0.0
71078460,8.842159e-05,-0.00014820571,-0.0001565138,0.0
71274588,-0.0002960764,-0.0009018853,-0.00013617642,0.0
71475416,-0.0009668758,-0.00022298998,-3.8175403e-05,0.0
71674586,-0.0003456262,-0.0010218848,0.0034232454,0.0
71874719,0.0005735779,-0.0037802625,0.011380639,0.0
72075635,-0.0015199477,-0.0026765817,0.002122982,0.0
72274799,-0.0018198034,-0.0015545875,-0.003477699,0.0
72479431,-0.00130736,-8.1189455e-06,-0.004414342,0.0
72674780,0.00044856724,0.0022952734,-0.0033108413,0.0
72878857,0.00027894616,0.0011522669,-0.0017166614,0.0
73074553,0.00033455223,0.0016555908,-0.0007163191,0.0
73275088,-0.0003451437,0.0002711627,-0.00029595158,0.0
73475495,0.0008986309,0.0028840075,-0.00048029647,0.0
73675393,0.00010360159,0.002855794,4.5453293e-05,0.0
73879644,0.00025120954,0.0016708657,-3.5247635e-05,0.0
74074929,-0.0009644921,0.0009336885,3.9712377e-05,0.0
74274893,-0.00041414285,-0.0009007509,-0.00013184342,0.0
74475548,0.00033430182,-0.0013122646,-0.0005028255,0.0
74675134,6.37523e-05,-0.0011790304,-0.0008829378,0.0
74875526,0.00016170347,-0.0010197108,-0.00057218084,0.0
75074936,0.00019599654,-0.0003216994,-0.00049478683,0.0
75279448,0.0007730179,-0.0008363186,-0.0005925895,0.0
75474811,-3.1610663e-05,-0.0004663525,-0.0005553556,0.0
75678987,8.9902285e-05,-0.0007511367,-0.0004930502,0.0
75875393,0.00053574564,-0.00065336906,-0.00052036956,0.0
76074934,0.00031807114,-2.8717122e-06,-0.00024980042,0.0
76275709,-8.581069e-05,-0.0010149648,-0.00018667769,0.0
76475623,0.000884382,-5.2777443e-05,-3.4149252e-05,0.0
76675272,0.00012111545,-0.00069337204,-0.00042083487,0.0
76879603,-0.0007427367,-0.0004761531,-0.0003316998,0.0
77075394,-0.00023526179,-0.0005374663,-0.00043468183,0.0
77275370,-0.0002056812,-1.1905339e-05,-0.000230772,0.0
77475401,0.0002699843,-0.00018806064,-0.0001825423,0.0
77674795,-0.00028901707,2.1327041e-05,0.0004912216,0.0
77875646,0.00011644982,0.00023471579,0.00054385955,0.0
78079535,0.00029658768,-0.0003006544,0.00011982847,0.0
78279372,0.00041326383,-0.0003528283,-9.4231335e-05,0.0
78478799,-0.00021546536,-0.00013587686,-0.0002530862,0.0
78675082,0.00024450338,0.00023954416,-0.00012354362,0.0
78874939,-0.00016754903,7.02112e-05,-0.00019586645,0.0
79075464,0.00020834932,0.00033107324,0.00017784887,0.0
79275399,-0.000397381,3.6296966e-05,-5.500524e-05,0.0
79478928,0.00014791914,-0.00073203683,-0.0007033014,0.0
79679583,-0.0003589147,0.00089945423,-0.001304766,0.0
79875651,-9.500939e-05,-0.00028882164,-0.001713056,0.0
80075435,4.489592e-05,-0.00028411185,-0.002545612,0.0
80275487,0.00056696014,-0.00027409237,-0.0015208458,0.0
80476150,-0.0029295194,-0.0007643491,0.005254728,0.0
80675522,-1.28093525e-05,-0.00061298994,0.0024276867,0.0
80879677,0.0030263376,-0.0015097841,0.00029858487,0.0
81074928,0.00047600796,-0.00011374321,-0.00021973721,0.0
81275560,-0.0005909074,-2.8537876e-05,-0.00021822292,0.0
81474920,0.00022039589,-0.0006471081,7.404076e-05,0.0
81675820,-0.00022365143,-0.0003173654,0.00029275648,0.0
81875031,-0.0008597614,-0.00029207184,4.8511407e-05,0.0
82075609,-0.0006708749,-0.0004206889,3.2817486e-05,0.0
82279687,0.00022149434,-0.00087903725,0.00015541089,0.0
82475700,-0.0002032312,-0.00031552438,0.00026616963,0.0
82678829,-3.6576486e-05,0.0006544191,0.00041280966,0.0
82875530,0.00062210293,-0.00092071755,0.00039270203,0.0
83075719,0.0001058088,-0.00017204149,0.00024272189,0.0
83275883,0.0003775283,-0.0004854602,0.00031592738,0.0
83475768,0.00025389265,7.897027e-05,0.00033734,0.0
83675808,-0.00011683096,-9.166178e-05,-0.00023613605,0.0
83879112,-7.5827434e-06,-0.0010346906,0.00015520408,0.0
84075255,0.00012697205,-0.0005733857,9.246852e-05,0.0
84275189,-8.267647e-06,0.00041186917,-0.0002866906,0.0
84475938,2.8560657e-05,-0.0010268874,-0.00043097048,0.0
84675779,0.00032194934,0.00014945387,-0.0001426502,0.0
84875988,-1.0939737e-05,-0.00088069926,1.670013e-05,0.0
85079135,0.00017654464,0.0005934691,-8.411264e-05,0.0
85279004,0.00023063102,0.00052853744,4.381297e-05,0.0
85475866,-0.00048477625,0.00044392244,-6.064514e-05,0.0
85675716,0.000114177135,-0.00033231947,9.166666e-06,0.0
85875825,-0.0002464343,0.00024470314,0.00021448171,0.0
86075564,-0.00028668626,1.3557631e-05,0.0001060925,0.0
86275717,-0.00023584685,-0.0007474884,-0.00039494937,0.0
86480036,-0.00022180288,-0.000310395,-5.1379848e-05,0.0
86679124,0.00046986114,-0.0002833615,0.00016723409,0.0
86875024,-0.00034593124,-8.840141e-06,-0.00012315238,0.0
87075905,-0.0005714457,0.0013803637,-8.540619e-06,0.0
87275247,0.0005821091,0.00080192497,-0.00014965532,0.0
87475179,0.00039109826,0.00011009679,-0.0002726224,0.0
87675718,-0.000645055,0.0004994426,-0.00022096511,0.0
87876033,-0.0004369827,0.0005141833,0.00021084432,0.0
88079666,-0.00017722268,0.000315095,0.00047299135,0.0
88276303,0.00039767174,0.00024104335,1.526858e-05,0.0
88476465,-0.0012010905,0.0014002966,0.00015208265,0.0
88675389,0.00052696955,0.0006933921,-2.1353528e-05,0.0
88876205,-0.0005266313,1.915587e-05,-0.00014966445,0.0
89075982,-0.00022596912,0.00042115297,0.00015733998,0.0
89276073,-0.00019782867,0.0002736915,-0.0003625248,0.0
89479405,-0.00016258571,0.0009297526,6.369984e-05,0.0
89675345,-7.7217774e-05,0.00044796665,1.9954767e-05,0.0
89875164,0.0001783556,-0.00066493184,-0.00014605974,0.0
90075840,-0.00083663425,0.0004025226,0.00015948099,0.0
90275739,0.00019851477,-0.0001251336,0.00011977625,0.0
90475903,8.0918944e-05,0.00053797086,-0.00042746478,0.0
90675594,0.0001493036,0.00045533004,-0.00031253803,0.0
90879136,0.00054145954,-0.00024302643,-0.00020217485,0.0
91075912,5.160598e-06,0.00040534342,1.5758384e-05,0.0
91275637,-4.247975e-05,-0.00011428173,-0.0002334947,0.0
91475772,-2.1092812e-05,8.073637e-05,0.00027520696,0.0
91676172,0.00010429592,0.00080728706,0.00012894497,0.0
91875465,-0.00011664742,0.00040619957,8.617839e-05,0.0
92075807,0.00026207254,0.0008824119,-5.4185493e-05,0.0
92276082,0.00012703486,-5.7917183e-05,-0.00039322645,0.0
92476093,-0.0005231068,0.00013994977,-0.00039951713,0.0
92675672,0.00038254258,1.7404345e-05,-0.0003191576,0.0
92875504,0.00049488543,-0.00019441261,3.2411815e-05,0.0
93076000,0.00017498912,-0.000278702,0.00019021373,0.0
93275470,0.00023334996,-0.00043570827,0.00046349512,0.0
93479232,0.00044470027,-0.00015099048,0.00026026324,0.0
93676188,0.00039928756,-0.00014483875,0.0002165363,0.0
93876133,-0.0001797168,-0.00036532362,0.00047084285,0.0
94076140,8.356391e-05,0.00039319586,0.00024027014,0.0
94275491,0.00025093742,-0.0007166276,0.00026734942,0.0
94475551,-0.000782057,0.00029122384,-7.902864e-05,0.0
94675478,-0.00080077833,-0.00022467544,-0.00012662144,0.0
94879732,0.000100207304,-0.0011293968,0.00013604468,0.0
95076393,-0.0006759474,-0.0002404947,-2.9350438e-05,0.0
95275622,-0.00027851714,0.00035396707,-8.571233e-05,0.0
95475558,-0.0011018381,0.00012986046,0.00017100826,0.0
95675871,0.0004103973,0.0007359844,-0.00028583908,0.0
95876209,-0.0007615754,0.00087844196,-4.5304343e-05,0.0
96076339,-6.769186e-05,0.0038864983,-1.1514055e-05,0.0
96276445,0.00011187374,0.001677562,-7.5683776e-05,0.0
96475625,-0.0007336457,-0.0007570828,-0.000103774815,0.0
96676212,-0.00018061376,-0.00038990736,-0.0003241422,0.0
96876044,-0.00025135168,-0.0011551528,-0.00018667175,0.0
97075679,-0.0010710628,-0.0010495629,7.215529e-05,0.0
97275542,-0.0005278908,-0.0005888895,-2.4251244e-06,0.0
97476295,-0.0012302394,-0.00012998247,9.144143e-05,0.0
97676419,-0.000111872134,-0.0006008743,-0.00029394682,0.0
97876439,0.00013398002,0.00032554043,-5.492495e-05,0.0
98075894,-0.00056828593,-0.0033237706,0.000409836,0.0
98276431,-0.0003982141,-0.0013106999,0.000851365,0.0
98476187,0.0043926383,0.002208023,0.011179289,0.0
98676377,0.0028472005,0.0021675043,0.01844212,0.0
98875690,0.0011841421,-0.0009131048,0.018100938,0.0
99072235,0.00010636302,-0.00070084503,0.014988402,0.0
99276530,-0.003653481,0.002377081,0.0111627625,0.0
99476356,-0.0035609514,0.00038389317,0.009018028,0.0
99675860,-0.0020292853,-0.0028132848,0.0077401674,0.0
99875951,-0.002672617,-0.0029372578,0.0076304134,0.0
100076369,-0.0005599517,0.00062562333,-0.005685008,0.0
100277056,0.00023862207,0.0017154026,-0.012289093,0.0
100477077,-0.0006577301,0.0037345886,-0.01161635,0.0
100676447,-0.0017564489,0.00313853,-0.007716434,0.0
100875911,-0.0005831666,0.0020780761,-0.0047773244,0.0
101076410,0.0013615477,0.00252134,-0.0028710237,0.0
101275761,0.00045532561,-0.002400585,-0.0024022758,0.0
101476896,-0.00041704375,-0.00065483246,-0.0028723306,0.0
101675974,-0.0007692659,-0.0017512698,-0.0032893638,0.0
101876605,5.57976e-05,-0.0001165323,-0.00316622,0.0
102076459,9.1632784e-05,-0.000331768,-0.0029029143,0.0
102276453,-0.0010962134,-0.000207543,-0.0025405483,0.0
102476464,-0.0006054656,-0.00012823055,-0.002517252,0.0
102675906,0.0007205834,0.00071596727,-0.002026927,0.0
102876479,-0.00094726344,-0.00035809138,-0.0014435754,0.0
103076353,0.00028389838,-0.00052552397,-0.0012872694,0.0
103276401,0.00033269386,-0.00017738767,-0.0010379459,0.0
103475924,0.00020536447,-0.0006387078,-0.0010576854,0.0
103676348,0.00013331813,-0.00017727065,-0.00091343257,0.0
103875951,0.0006794398,-0.000579798,-0.0006818111,0.0
104076393,0.0006495721,0.00011869403,-0.00060262997,0.0
104276054,-0.00034006825,-0.0004848518,-0.00079144957,0.0
104476343,-4.4096232e-05,0.00017834679,-0.00060239603,0.0
104676553,0.0002636994,0.00038037516,-0.0005955164,0.0
104876705,0.000501727,0.00020919582,-0.0003624619,0.0
105076562,0.000108470595,-0.00055379677,-0.00038950026,0.0
105276463,0.0002381283,0.0006617879,-9.7300486e-05,0.0
105475911,0.00010397653,-0.00054363004,-0.00042005006,0.0
105676259,-0.0030567264,0.0039859833,9.924007e-05,0.0
105876393,-0.029463653,0.029245248,0.0030942282,0.0
106076657,-0.047448393,0.047237087,0.010759551,0.0
106276435,-0.06102891,0.060593404,0.019028986,0.0
106476020,-0.070499435,0.0707927,0.026415655,0.0
106676634,-0.07784768,0.07721653,0.031769652,0.0
106876518,-0.08206463,0.08309966,0.035566192,0.0
107076372,-0.085648045,0.0866502,0.03833655,0.0
107276417,-0.08903171,0.08899328,0.04087942,0.0
107476657,-0.090968035,0.09135292,0.043247577,0.0
107676665,-0.093037575,0.09389592,0.045565147,0.0
107875940,-0.09506259,0.09474844,0.047781345,0.0
108076816,-0.096880704,0.0969624,0.05012899,0.0
108276686,-0.09696798,0.09676685,0.052104574,0.0
108476855,-0.0980416,0.097632356,0.054048967,0.0
108676590,-0.098426566,0.098072976,0.055922695,0.0
108872775,-0.09831345,0.0995143,0.057281304,0.0
109076138,-0.09900761,0.099040896,0.05835726,0.0
109276609,-0.09873298,0.098949604,0.05945565,0.0
109476627,-0.09894098,0.09852666,0.06044413,0.0
109676438,-0.09914358,0.09916824,0.061301403,0.0
109876316,-0.09922714,0.09992113,0.06180832,0.0
110076752,-0.09892086,0.09862935,0.0628509,0.0
110276956,-0.099618204,0.099002786,0.06367974,0.0
110476429,-0.09921201,0.099072166,0.06416838,0.0
110676304,-0.09961184,0.099362485,0.064902276,0.0
110876221,-0.09995813,0.099719524,0.06560569,0.0
111076912,-0.099160045,0.099738166,0.066483624,0.0
111276797,-0.099898316,0.09959583,0.06649197,0.0
111476972,-0.09989799,0.09983694,0.0665626,0.0
111676339,-0.09982146,0.09991744,0.06676738,0.0
111876086,-0.10002888,0.09930504,0.06683611,0.0
112077016,-0.09916259,0.09933644,0.06722133,0.0
112276971,-0.099229805,0.09913543,0.06782344,0.0
112473126,-0.09936372,0.09962166,0.06807961,0.0
112673318,-0.099908546,0.09895005,0.06844336,0.0
112877040,-0.099803194,0.09930293,0.068425655,0.0
113076720,-0.10012257,0.09935796,0.068495594,0.0
113276874,-0.09987325,0.099062935,0.06836194,0.0
113477092,-0.09954338,0.0989547,0.06836927,0.0
113676293,-0.09908148,0.09927893,0.06873184,0.0
113876760,-0.099133246,0.09862219,0.06892854,0.0
114076065,-0.09890646,0.09873216,0.06951386,0.0
114276469,-0.09974612,0.09884333,0.06967159,0.0
114476507,-0.09842986,0.09881775,0.06959063,0.0
114676194,-0.098720714,0.09853339,0.06940585,0.0
114876937,-0.0984244,0.098853864,0.069206424,0.0
115076434,-0.09890087,0.098532535,0.06923566,0.0
115276952,-0.1029775,0.09638221,0.069803335,0.0
115476295,-0.14800131,0.04971549,0.06486281,0.0
115676965,-0.17168052,0.025283124,0.052017715,0.0
115877098,-0.18774132,-0.015214523,0.0360287,0.0
116076485,-0.19719501,-0.038502462,0.02044276,0.0
116276462,-0.2053032,-0.055098463,0.007091173,0.0
116476996,-0.21447667,-0.06619905,-0.0027830466,0.0
116676896,-0.22229335,-0.07246149,-0.009047248,0.0
116876617,-0.23020151,-0.075107045,-0.013032893,0.0
117076809,-0.23757726,-0.0771686,-0.016099112,0.0
117276291,-0.24183181,-0.07848864,-0.01897465,0.0
117477070,-0.24496733,-0.0807227,-0.021942388,0.0
117676737,-0.24642183,-0.08311987,-0.025710516,0.0
117876548,-0.2488184,-0.08419174,-0.028905613,0.0
118076398,-0.24898945,-0.085792065,-0.03233291,0.0
118276347,-0.2492256,-0.08750166,-0.035865884,0.0
118476990,-0.24935405,-0.08895962,-0.03933639,0.0
118676973,-0.2498265,-0.08862412,-0.04179124,0.0
118876717,-0.24699658,-0.092221595,-0.05648005,0.0
119076642,-0.23986636,-0.10005875,-0.07822476,0.0
119277715,-0.2361889,-0.10366218,-0.1004881,0.0
119477015,-0.23371263,-0.107529454,-0.120256364,0.0
119676870,-0.23203546,-0.10996584,-0.13644244,0.0
119877018,-0.23020026,-0.11236889,-0.14618671,0.0
120077133,-0.2288914,-0.11334822,-0.14681752,0.0
120276690,-0.22687037,-0.103137985,-0.13892952,0.0
120476847,-0.19548756,-0.051994026,-0.11744102,0.0
120677049,-0.17733456,-0.013902401,-0.09058166,0.0
120876559,-0.16321367,0.016056718,-0.051289447,0.0
121077300,-0.15169542,0.037604164,-0.008475983,0.0
121277186,-0.14268158,0.05528357,0.03384692,0.0
121477028,-0.13623661,0.06903539,0.07248874,0.0
121677317,-0.13055545,0.078885145,0.10462233,0.0
121877078,-0.1262253,0.08671306,0.12536827,0.0
122076888,-0.12548481,0.09425017,0.13040817,0.0
122277220,-0.12189444,0.09817914,0.12085672,0.0
122477390,-0.11958943,0.104527935,0.1090224,0.0
122672350,-0.12111868,0.100552544,0.10192187,0.0
122876987,-0.112555,0.10605061,0.09808179,0.0
123077251,-0.111457385,0.106969096,0.08718145,0.0
123277623,-0.10974603,0.110086754,0.07289397,0.0
123476834,-0.11307686,0.105606504,0.07336206,0.0
123676738,-0.110048346,0.104925916,0.076964535,0.0
123877301,-0.10734771,0.10600073,0.079816595,0.0
124073285,-0.10638696,0.105734,0.08052561,0.0
124276977,-0.10535616,0.104547255,0.07992977,0.0
124477270,-0.105525374,0.10876437,0.07951414,0.0
124677451,-0.10762636,0.11043513,0.089945555,0.0
124877442,-0.10924091,0.111417644,0.09976851,0.0
125077455,-0.11015579,0.11203373,0.10210655,0.0
125276803,-0.10010928,0.11956366,0.09868961,0.0
125476817,-0.07983273,0.13446653,0.09031234,0.0
125677347,-0.06634887,0.13992025,0.08057814,0.0
125877476,-0.059874676,0.15158612,0.07200073,0.0
126076664,-0.05183044,0.15689977,0.06563997,0.0
126277501,-0.04666573,0.15557854,0.061204694,0.0
126476956,-0.04202959,0.16017811,0.058095932,0.0
126677521,-0.032639876,0.16541666,0.043248072,0.0
126873305,-0.0209572,0.1692368,0.031511635,0.0
127076980,-0.022506408,0.1701866,0.026925955,0.0
127277205,-0.026327828,0.17584683,0.028347649,0.0
127477648,-0.030462647,0.17824876,0.030531237,0.0
127677426,-0.03246562,0.17728043,0.032177743,0.0
127877465,-0.031231532,0.178017,0.03284187,0.0
128077313,-0.030526051,0.17387353,0.03229777,0.0
128276808,-0.031206029,0.17373247,0.0309359,0.0
128472897,-0.029857676,0.17416276,0.029047584,0.0
128677373,-0.029427232,0.17539187,0.028109707,0.0
128877350,-0.02935189,0.17456184,0.02677956,0.0
129076880,-0.029994566,0.17510757,0.026411634,0.0
129277488,-0.02905985,0.17519443,0.025646517,0.0
129477204,-0.03009182,0.17584302,0.025550772,0.0
129673494,-0.029672636,0.17565924,0.024965635,0.0
129877254,-0.029687827,0.176431,0.024512295,0.0
130077455,-0.029229086,0.17556041,0.024089377,0.0
130277674,-0.029611176,0.17520918,0.02371586,0.0
130477263,-0.02927587,0.17518494,0.023495017,0.0
130677541,-0.030241912,0.17586833,0.023888046,0.0
130877674,-0.029711846,0.17548884,0.02341796,0.0
131073436,-0.029553374,0.17519137,0.02281678,0.0
131277408,-0.028976196,0.1750945,0.022449858,0.0
131477622,-0.030159857,0.17582223,0.022811169,0.0
131677014,-0.029193766,0.17614496,0.022349957,0.0
131877469,-0.02937455,0.1759137,0.022065459,0.0
132076958,-0.029592138,0.17541495,0.02186684,0.0
132277419,-0.029625501,0.17519505,0.022035118,0.0
132473386,-0.02976646,0.17465854,0.022091666,0.0
132677111,-0.029733846,0.17505918,0.02185173,0.0
132877150,-0.02951241,0.17417283,0.021523796,0.0
133077636,-0.029641453,0.17420463,0.021250408,0.0
133277116,-0.028805926,0.1745043,0.021082511,0.0
133476988,-0.02930976,0.17449096,0.02113243,0.0
133674219,-0.029122822,0.17493074,0.021352163,0.0
133873535,-0.029687665,0.17518766,0.021719648,0.0
134077717,-0.029559057,0.17456615,0.021492159,0.0
134277406,-0.029547961,0.17496808,0.021298701,0.0
134477963,-0.029172506,0.1749974,0.021144424,0.0
134677073,-0.029268647,0.17422536,0.020950815,0.0
134877145,-0.028865667,0.17497593,0.020737842,0.0
135077716,-0.029553676,0.17333208,0.020715883,0.0
135273599,-0.029223597,0.17499194,0.021128086,0.0
135477099,-0.029783446,0.1755186,0.021319175,0.0
135678002,-0.021186313,0.16717696,0.02072829,0.0
135877610,0.0024796317,0.14144,0.014922624,0.0
136077193,0.020386312,0.12491291,0.0065333135,0.0
136277107,0.03203938,0.114214234,-0.0018514815,0.0
136477342,0.042490244,0.105642095,-0.008503519,0.0
136677129,0.04871238,0.099251874,-0.012992404,0.0
136877634,0.05422261,0.092583865,-0.01659609,0.0
137077708,0.058292024,0.08735575,-0.019555807,0.0
137277407,0.061534997,0.084494665,-0.022901932,0.0
137477423,0.06450885,0.08176032,-0.02533461,0.0
137677807,0.065259956,0.07930418,-0.027318658,0.0
137877603,0.06700983,0.07741744,-0.029197631,0.0
138073383,0.06765809,0.07586107,-0.031146925,0.0
138277272,0.06521367,0.07142971,-0.032799885,0.0
138477835,0.06505881,0.07055795,-0.034011204,0.0
138677249,0.06528606,0.07196899,-0.03523317,0.0
138877849,0.06538051,0.06993088,-0.036125373,0.0
139077993,0.06628805,0.06755938,-0.036940884,0.0
139277617,0.0669341,0.06701551,-0.03807714,0.0
139469014,0.06626854,0.068085834,-0.038937792,0.0
139677704,0.0671404,0.068516865,-0.039787345,0.0
139877533,0.06715521,0.067827545,-0.040401913,0.0
140077506,0.068305284,0.06850723,-0.041369937,0.0
140277692,0.06914206,0.06885315,-0.04245102,0.0
140478061,0.06936268,0.068363704,-0.043110553,0.0
140673916,0.06959264,0.06929344,-0.04285038,0.0
140873522,0.06660728,0.06472829,-0.029406978,0.0
141078057,0.06460109,0.06263209,-0.024111938,0.0
141277755,0.065961204,0.062076777,-0.02474981,0.0
141477859,0.0630316,0.06601595,-0.02826101,0.0
141677729,0.0649473,0.069013774,-0.03237444,0.0
141877988,0.067290455,0.071490996,-0.035691578,0.0
142077396,0.06938692,0.07182708,-0.038054187,0.0
142273948,0.07016205,0.07046537,-0.03916325,0.0
142473777,0.07083089,0.06951288,-0.039930172,0.0
142677995,0.07445853,0.07212703,-0.05514556,0.0
142877637,0.07775133,0.073344395,-0.061579492,0.0
143077512,0.07678596,0.07390454,-0.060936704,0.0
143277530,0.07485005,0.07249959,-0.057419214,0.0
143473823,0.07308504,0.07354542,-0.054582868,0.0
143673584,0.07101105,0.075989515,-0.05300107,0.0
143877934,0.07121364,0.07512109,-0.05258243,0.0
144077542,0.071111634,0.07517366,-0.05278133,0.0
144277919,0.07374725,0.07608132,-0.05281751,0.0
144477563,0.071796186,0.07122935,-0.05270309,0.0
144677513,0.07183338,0.07097048,-0.052297276,0.0
144877571,0.07098765,0.07012107,-0.052235115,0.0
145074000,0.07197677,0.06998241,-0.051856183,0.0
145277771,0.07104935,0.07098863,-0.051642362,0.0
145477739,0.07115549,0.070895016,-0.051422175,0.0
145677627,0.07197993,0.07129363,-0.05172567,0.0
145877540,0.07132474,0.07119114,-0.051762775,0.0
146078134,0.07084729,0.07121742,-0.05157966,0.0
146277660,0.071707994,0.06996808,-0.051186625,0.0
146474293,0.07125148,0.07081392,-0.050942246,0.0
146677468,0.071098596,0.07059073,-0.05119511,0.0
146878034,0.070687674,0.071358606,-0.051278424,0.0
147077544,0.07052703,0.07104323,-0.0512053,0.0
147278219,0.07006553,0.071511865,-0.050927952,0.0
147477701,0.07106149,0.07056212,-0.05072401,0.0
147674399,0.070300095,0.07073378,-0.05063004,0.0
147873546,0.071042255,0.070350535,-0.050490834,0.0
148078324,0.07143624,0.07102184,-0.05062301,0.0
148277857,0.07133777,0.07106318,-0.050912093,0.0
148478655,0.07126872,0.07095174,-0.050831858,0.0
148678250,0.07153325,0.07107682,-0.05057667,0.0
148877548,0.07094857,0.07091872,-0.050604615,0.0
149074443,0.07152222,0.07093968,-0.050496675,0.0
149273882,0.07115758,0.07094906,-0.050442148,0.0
149477927,0.07136614,0.07034349,-0.050575797,0.0
149678101,0.07091425,0.07138237,-0.05089999,0.0
149877758,0.0712513,0.07014799,-0.050711054,0.0
150077880,0.070869654,0.070658386,-0.050437424,0.0
150277984,0.07116501,0.07027612,-0.050602507,0.0
150473800,0.07042073,0.07054174,-0.050479937,0.0
150674263,0.07114402,0.07018395,-0.05003362,0.0
150877674,0.070067905,0.07059604,-0.050443336,0.0
151078022,0.071400814,0.07115401,-0.05039004,0.0
151278540,0.0712411,0.07094852,-0.050347444,0.0
151474064,0.07104477,0.07153581,-0.05011524,0.0
151674205,0.0710869,0.070435695,-0.049919497,0.0
151873779,0.070944,0.07092612,-0.050513197,0.0
152074471,0.07118599,0.07077702,-0.050655305,0.0
152277644,0.071433365,0.07062239,-0.05038117,0.0
152478499,0.07220957,0.07066267,-0.050277933,0.0
152678501,0.07137477,0.07115516,-0.050425503,0.0
152878508,0.07129587,0.07068846,-0.05039027,0.0
153077991,0.07103536,0.069869414,-0.0502412,0.0
153274329,0.07059955,0.07045286,-0.050060663,0.0
153474261,0.07146256,0.07102087,-0.049915913,0.0
153678413,0.07088973,0.07091563,-0.050039522,0.0
153878289,0.07056527,0.070961475,-0.049789164,0.0
154078459,0.07164058,0.070265606,-0.04974903,0.0
154278134,0.07160552,0.07118507,-0.05024237,0.0
154474666,0.071400255,0.07132573,-0.0505003,0.0
154674095,0.07178857,0.071109734,-0.050659526,0.0
154874394,0.07128323,0.07147487,-0.050538983,0.0
155078371,0.071283214,0.07080298,-0.05024803,0.0
155278658,0.0709689,0.070613444,-0.050348233,0.0
155477946,0.071108885,0.07116552,-0.050534632,0.0
155677972,0.07162288,0.07081619,-0.050273705,0.0
155874110,0.070328526,0.071043916,-0.050787807,0.0
156074116,0.07150402,0.07073743,-0.050624352,0.0
156274508,0.071545616,0.070411205,-0.050807394,0.0
156478280,0.07119766,0.07074352,-0.050978765,0.0
156678532,0.071827784,0.07082048,-0.05222267,0.0
156878557,0.06569627,0.06965194,-0.047762036,0.0
157074393,0.06947829,0.0679862,-0.04896542,0.0
157273890,0.074546136,0.071111135,-0.049912877,0.0
157474044,0.071766995,0.07074757,-0.050408233,0.0
157674563,0.07051619,0.07114534,-0.050505634,0.0
157878776,0.070563324,0.070548296,-0.050576277,0.0
158078102,0.07127303,0.070702516,-0.050838288,0.0
158278164,0.07132923,0.07062088,-0.050890423,0.0
158478728,0.07025149,0.07084175,-0.05033375,0.0
158678063,0.070661664,0.06983757,-0.05015961,0.0
158874161,0.070996724,0.07066661,-0.050529826,0.0
159073938,0.071506314,0.07015971,-0.050493285,0.0
159277914,0.07067591,0.07015533,-0.050518826,0.0
159477959,0.07116631,0.07136772,-0.050169177,0.0
159678468,0.070913315,0.07047984,-0.049985748,0.0
159874656,0.0709386,0.071027145,-0.049963996,0.0
160074212,0.07086961,0.07033399,-0.050523978,0.0
160274503,0.070919685,0.07072687,-0.050321728,0.0
160474737,0.07107297,0.07106805,-0.050311066,0.0
160678829,0.071300775,0.07071934,-0.05000514,0.0
160878925,0.07072514,0.069920726,-0.050117195,0.0
161078275,0.0713141,0.07072199,-0.050523296,0.0
161274656,0.0709108,0.07152357,-0.0508072,0.0
161474176,0.07063405,0.070561886,-0.050507843,0.0
161674601,0.07061584,0.07073159,-0.050163493,0.0
161875009,0.07039261,0.070377864,-0.049745545,0.0
162078156,0.07110306,0.071490884,-0.05007903,0.0
162278352,0.070882976,0.07135541,-0.050542258,0.0
162478246,0.07065874,0.07119681,-0.050116964,0.0
162674602,0.070941426,0.07120648,-0.050111026,0.0
162874863,0.06992014,0.07223239,-0.050101668,0.0
163074652,0.07100942,0.07117124,-0.050370473,0.0
163274922,0.07063504,0.07149808,-0.050521705,0.0
163478688,0.07075029,0.07141333,-0.050188642,0.0
163678225,0.07080297,0.07106155,-0.049962733,0.0
163878313,0.07048996,0.071671486,-0.050220244,0.0
164074725,0.070690125,0.07167414,-0.050193314,0.0
164274563,0.07161055,0.07143347,-0.05025251,0.0
164475073,0.0704929,0.071107656,-0.05002987,0.0
164674828,0.07073982,0.07108945,-0.05024442,0.0
164878380,0.071247905,0.07109593,-0.050550986,0.0
165078491,0.070963584,0.07106565,-0.050155852,0.0
165278856,0.070720226,0.07061636,-0.049823094,0.0
165478222,0.071444646,0.070452854,-0.050037604,0.0
165674333,0.07112982,0.07098333,-0.05039012,0.0
165874409,0.07130146,0.0709119,-0.05052682,0.0
166075004,0.07111186,0.07134641,-0.05067507,0.0
166278339,0.07126921,0.070163384,-0.050437666,0.0
166478460,0.070928186,0.07052261,-0.050305884,0.0
166678396,0.07107689,0.071098,-0.05029427,0.0
166875034,0.07098719,0.070913136,-0.050111454,0.0
167074900,0.071465366,0.07093087,-0.05025236,0.0
167275057,0.070746884,0.07161679,-0.05019865,0.0
167474276,0.07057243,0.07035192,-0.05014883,0.0
167678374,0.071207754,0.07071088,-0.05040486,0.0
167878332,0.07151842,0.070498385,-0.05035531,0.0
168078998,0.070594005,0.07090374,-0.050104003,0.0
168274991,0.07068502,0.071472295,-0.04997613,0.0
168474450,0.071414344,0.070429176,-0.05047334,0.0
168674496,0.07055919,0.0710785,-0.05012284,0.0
168874996,0.07073236,0.07123133,-0.050310757,0.0
169079026,0.07072859,0.071119234,-0.050277878,0.0
169278907,0.07077798,0.0712036,-0.050380483,0.0
169475134,0.071170844,0.07121323,-0.05042437,0.0
169675055,0.07096839,0.07121939,-0.05083806,0.0
169875148,0.07149106,0.070883855,-0.050547734,0.0
170075714,0.07106864,0.071440026,-0.050572623,0.0
170275587,0.07081609,0.0743449,-0.050298184,0.0
170474833,0.06995566,0.07344162,-0.04986891,0.0
170679186,0.07180666,0.070974045,-0.050038755,0.0
170874727,0.07110235,0.069968425,-0.05029243,0.0
171078704,0.07117892,0.0712179,-0.0503428,0.0
171274387,0.07135981,0.071407706,-0.05098392,0.0
171474616,0.07155785,0.07207742,-0.051122893,0.0
171674808,0.07152795,0.071476564,-0.05131872,0.0
171878534,0.07158004,0.07191671,-0.051716473,0.0
172075320,0.07126085,0.07133385,-0.052277483,0.0
172276375,0.07205075,0.071758665,-0.052350327,0.0
172474936,0.07224241,0.07174254,-0.05334341,0.0
172674982,0.07316934,0.07217121,-0.053734224,0.0
172874901,0.072953284,0.07255388,-0.054184664,0.0
173075281,0.071140975,0.06886875,-0.040851355,0.0
173278580,0.0661213,0.064111,-0.027966313,0.0
173478758,0.06369124,0.06491056,-0.025537588,0.0
173679023,0.06292698,0.06385586,-0.029061874,0.0
173874939,0.064483896,0.06712939,-0.033447433,0.0
174074616,0.067386754,0.07030978,-0.037309483,0.0
174275012,0.069609806,0.06961365,-0.039869305,0.0
174475078,0.07164392,0.07060849,-0.040975165,0.0
174678780,0.071589634,0.069809794,-0.041797414,0.0
174879044,0.070447914,0.07003086,-0.04192362,0.0
175074983,0.07065302,0.06745702,-0.04169151,0.0
175275039,0.07327785,0.07022959,-0.055308662,0.0
175474698,0.07821522,0.0751238,-0.06368687,0.0
175675285,0.07764535,0.07531717,-0.06394635,0.0
175875377,0.07508094,0.07651829,-0.0607388,0.0
176075268,0.071825735,0.075365745,-0.05737781,0.0
176279533,0.0704059,0.07495376,-0.055403605,0.0
176478950,0.07225756,0.076113895,-0.05435208,0.0
176674943,0.07259378,0.07569906,-0.054006524,0.0
176875415,0.07231851,0.07071401,-0.05396682,0.0
177076303,0.07105106,0.070096344,-0.053706218,0.0
177275073,0.07120728,0.06985236,-0.053255577,0.0
177479164,0.07140003,0.06985474,-0.053145748,0.0
177679464,0.07093566,0.07067332,-0.05323615,0.0
177879188,0.07160594,0.070550784,-0.052971464,0.0
178075372,0.071199134,0.0710889,-0.05282265,0.0
178275267,0.071154386,0.07119879,-0.052279595,0.0
178475480,0.07073129,0.070664756,-0.05184034,0.0
178674489,0.07044743,0.07096609,-0.051436048,0.0
178875491,0.071123384,0.0703316,-0.051511675,0.0
179079380,0.070688814,0.07144186,-0.05167852,0.0
179275262,0.07201298,0.0708191,-0.05168726,0.0
179474955,0.071251705,0.07197844,-0.0515193,0.0
179674928,0.072072685,0.07117678,-0.051334843,0.0
179875282,0.07101467,0.071464494,-0.051324457,0.0
180075596,0.07099151,0.07071825,-0.0508432,0.0
180279427,0.07135925,0.070735455,-0.0507297,0.0
180479459,0.07107507,0.07056054,-0.050513145,0.0
180675437,0.07132083,0.07070436,-0.050633565,0.0
180875192,0.07055813,0.07108556,-0.05088185,0.0
181074947,0.071143135,0.07092452,-0.0508297,0.0
181274791,0.07151137,0.071078785,-0.0508433,0.0
181475498,0.071566485,0.07102606,-0.050839446,0.0
181679479,0.07059584,0.07038528,-0.05050254,0.0
181879627,0.07133225,0.07117902,-0.05072962,0.0
182075273,0.07100674,0.0709311,-0.050626643,0.0
182275337,0.06989018,0.0709803,-0.050552245,0.0
182475428,0.07076881,0.07098408,-0.050678376,0.0
182675316,0.07146011,0.0709402,-0.050808158,0.0
182875642,0.07100256,0.07077612,-0.050629545,0.0
183079336,0.07109942,0.07119524,-0.05030669,0.0
183278942,0.07138069,0.070462905,-0.05021581,0.0
183475415,0.07118111,0.070183925,-0.050192032,0.0
183675388,0.07092978,0.070963025,-0.05028797,0.0
183874962,0.07144693,0.07105389,-0.050002728,0.0
184075577,0.07175517,0.07103459,-0.050296918,0.0
184275574,0.07137942,0.071255624,-0.050284576,0.0
184479619,0.07077034,0.07124868,-0.050070606,0.0
184679638,0.071104586,0.07066973,-0.05038724,0.0
184875595,0.070652865,0.07097888,-0.0503922,0.0
185074991,0.070583716,0.07077562,-0.050405443,0.0
185275425,0.060416766,0.061028212,-0.049848646,0.0
185475302,0.04709503,0.04606493,-0.04581122,0.0
185675096,0.03408597,0.033921514,-0.039675906,0.0
185879223,0.026926521,0.027307417,-0.034084503,0.0
186079662,0.021265633,0.021038424,-0.03005548,0.0
186275431,0.01578899,0.01573055,-0.026991207,0.0
186475807,0.013345297,0.012644006,-0.023886083,0.0
186675291,0.009041442,0.009276308,-0.021710007,0.0
186875454,0.007905716,0.009121805,-0.020339373,0.0
187075800,0.005644492,0.0045319144,-0.018681344,0.0
187279251,0.0035980602,0.0049703275,-0.016954284,0.0
187479600,0.0032742957,0.0031644115,-0.01514308,0.0
187675712,0.0024207293,0.0023899605,-0.013837784,0.0
187875714,0.0014968341,0.0021971485,-0.012390121,0.0
188075484,0.000825818,0.0017318957,-0.011169993,0.0
188275848,0.0013006531,0.0025284598,-0.010418494,0.0
188475653,0.0009125853,0.00017575928,-0.008928391,0.0
188680150,0.0012451465,0.00024757662,-0.008584634,0.0
188879627,0.00030921376,0.00051090104,-0.0075758435,0.0
189075883,0.0009184364,-0.0002020245,-0.0067237443,0.0
189275469,0.0006591219,0.00027282594,-0.0061122463,0.0
189475156,-0.00018772391,-9.032264e-05,-0.005686557,0.0
189675603,8.092952e-05,-0.0002490115,-0.0053271367,0.0
189875494,-0.000262953,7.9996564e-05,-0.0050215647,0.0
190079574,-0.00051987503,-0.00028523535,-0.0042758165,0.0
190279503,0.00023189872,-0.00010161086,-0.0036291475,0.0
190475701,-0.00061022746,0.00071738876,-0.0032472545,0.0
190676023,0.00012038274,-0.00033470424,-0.0031524487,0.0
190875743,0.00038893637,5.6330213e-05,-0.0027699536,0.0
191075125,0.00038683854,-0.00011858308,-0.002348271,0.0
191275456,7.070491e-05,-5.597378e-05,-0.002330518,0.0
191479692,-0.0007080387,0.00015773487,-0.0020307202,0.0
191679707,7.0797454e-05,0.00037790203,-0.0019951975,0.0
191875730,-4.5515546e-05,-8.236881e-05,-0.0021544392,0.0
192075992,0.00015816456,0.00021501874,-0.0018256482,0.0
192275641,-0.00072376773,0.0018511725,-0.0013051148,0.0
192475722,-0.00051745574,0.0022788653,-0.0014968567,0.0
192675638,0.00040933967,0.00035872098,-0.0012383077,0.0
192879222,-7.601116e-05,-0.0011436727,-0.001225668,0.0
193075698,-0.0009331448,-0.00044096197,-0.0012586738,0.0
193275943,-0.00016394403,-0.0007694205,-0.0012049538,0.0
193475771,-0.00014011376,-0.00021521635,-0.0019626888,0.0
193675700,-0.00036206606,0.000330065,-0.0018167506,0.0
193876176,0.0001111934,-7.448662e-05,-0.0017938166,0.0
194075676,4.5089888e-05,-0.00064398686,-0.0017079529,0.0
194275951,0.00022166214,-9.7332384e-05,-0.0012144119,0.0
194476089,-7.838868e-05,-0.00039661146,-0.0014035236,0.0
194675237,0.00019200846,0.0003426353,-0.0012631436,0.0
194875853,-0.00032962917,-0.00069106824,-0.0013870834,0.0
195075802,0.00093359005,-6.2121435e-05,-0.000725656,0.0
195276121,0.00010156109,0.00015385858,2.020022e-05,0.0
195475998,0.00015938301,-3.420765e-05,0.00037147134,0.0
195676004,-7.690808e-05,0.00012298617,0.0009231399,0.0
195875903,0.00037601715,0.00036656967,0.00030969645,0.0
196075719,5.9224512e-05,0.00020357071,0.0006361382,0.0
196275910,0.00017104192,-0.0005697617,0.0008892897,0.0
196476155,0.00021817526,0.00020245016,0.000689726,0.0
196675936,-9.893365e-05,-0.00022768558,0.0004078018,0.0
196876069,0.0008887635,6.161873e-05,0.0006751327,0.0
197079960,-0.00016694237,0.00044184833,0.0007133369,0.0
197276066,0.0006421754,-0.00051344617,0.00043285015,0.0
197475961,-0.0006549114,-0.001387056,0.0006680515,0.0
197676113,-0.000822298,6.7129386e-06,0.0003148115,0.0
197875961,-0.0003125162,-0.00027152832,6.70652e-05,0.0
198075891,0.00076906505,-0.00032024892,0.00020327944,0.0
198276010,-0.00034974221,-0.0001386407,-0.00020642816,0.0
198480030,-3.886825e-06,-0.00088771817,-7.753961e-05,0.0
198676329,0.00010379401,0.0001279766,0.00022767707,0.0
198876127,0.00011498987,0.00012266157,-8.312694e-05,0.0
199076258,-4.708544e-05,0.00017548197,-0.00015014307,0.0
199275967,-2.7520819e-05,0.00047074578,-0.00015157514,0.0
199475866,0.00050944637,-0.00048897974,0.00028731656,0.0
199676190,-0.00060075993,-3.2625274e-05,0.00011379376,0.0
199876035,-0.00018318657,9.457072e-05,-4.4347435e-05,0.0
200076211,-0.00040344396,-2.9749823e-05,0.00039780216,0.0
200276312,0.00023171883,0.00019026462,4.8612314e-05,0.0
200475994,-0.00028367253,0.00030665522,-5.3152693e-05,0.0
200676086,5.1171755e-05,-0.00013193526,3.168241e-05,0.0
200875992,0.000116184856,-0.000104959116,0.0004008107,0.0
201076023,-0.0003063263,0.00016653564,0.00068483717,0.0
201276090,0.00016113906,-0.00024366664,0.0003848228,0.0
201475991,0.00015969889,0.00039359447,0.00029355477,0.0
201676072,-0.0004664912,0.00041084006,0.000306782,0.0
201876390,-0.00016672391,0.00038366983,-6.4458785e-05,0.0
202076371,-0.00024448425,-0.0002630875,0.00015348602,0.0
202276196,0.00030346002,-0.00026457093,0.00040763573,0.0
202476276,-0.00015217872,0.00012536977,-3.0500063e-05,0.0
202675912,0.0003703275,-0.0002588996,3.5784833e-05,0.0
202876372,-0.0012763145,0.00019474184,-0.00031432652,0.0
203076287,-0.00026679193,9.8843106e-05,-9.596208e-05,0.0
203271553,0.000577214,6.134159e-05,1.0206744e-05,0.0
203476307,-0.00027615897,0.0003206065,0.00031468173,0.0
203676116,-0.0006711814,0.00036948768,0.00031368586,0.0
203875873,0.00055139355,-0.00020174074,-0.00014610513,0.0
204076336,0.00047716327,0.0006579908,-4.318142e-05,0.0
204276443,0.0007589696,-1.1550835e-05,0.0003944888,0.0
204476487,0.00024515606,-0.0002594265,3.1369593e-05,0.0
204676519,0.0006203151,-0.000471036,-9.670242e-06,0.0
204872496,0.00076739263,0.00018113382,-0.0001271849,0.0
205076488,0.000102444945,0.0005055231,-0.0001659976,0.0
205275607,-0.000104314655,-0.0004629973,9.168287e-05,0.0
205476236,-0.00018102067,5.0526676e-05,0.00024021263,0.0
205676371,-0.0013959473,7.28133e-05,2.6739724e-05,0.0
205875915,-0.00025129455,0.0007968123,-3.925907e-05,0.0
206076403,-0.00048061248,0.00066874933,8.211961e-05,0.0
206276285,-0.00051216746,-0.00044723737,0.0001582511,0.0
206476431,-1.0355895e-05,0.00034254315,0.0001789748,0.0
206673328,-0.00053910085,0.00057422166,0.00028231117,0.0
206876210,-0.0001730727,0.00047226032,-3.8267754e-06,0.0
207076471,-7.8954e-05,0.00052419456,0.00021021588,0.0
207276241,-0.0005282088,-1.6195063e-05,-6.533179e-05,0.0
207476455,-0.00073767424,0.00069927797,-0.00038524115,0.0
207676272,-0.0009794666,0.0011852583,-0.00016451883,0.0
207875611,-0.00042940196,0.00067836716,0.00016123585,0.0
208076681,0.00034961768,0.0014601846,-0.0002709923,0.0
208276306,-0.00093165186,0.00013554271,-0.0001319251,0.0
208472901,0.00014926711,0.0005440012,-0.00016600793,0.0
208675944,0.00030969045,-0.0006870647,0.00030862112,0.0
208876509,-0.000563702,-0.00010729753,0.00048747603,0.0
209072784,5.0038467e-05,0.00031090117,0.00034157097,0.0
209276555,0.00028796945,-0.0007496952,-5.936785e-07,0.0
209472743,-0.00019660787,-0.00012035849,-0.00011723651,0.0
209676538,0.00015577952,-1.1092912e-05,-0.0002877085,0.0
209875954,-0.00040583382,0.0005002004,5.0247207e-05,0.0
210076396,0.0009790245,-0.00026589935,8.283869e-05,0.0
210272862,-0.0005378024,-0.00040859383,6.109343e-05,0.0
210476567,-0.0007653492,0.00046739788,1.792549e-05,0.0
210676613,0.00030852063,-0.00011018519,1.9045046e-05,0.0
210876302,0.00025365883,-0.0009054323,-0.0002502777,0.0
211076528,3.875229e-06,-0.00040137293,-0.00025968702,0.0
211276722,-0.00034071653,-0.00063505565,-0.00017301182,0.0
211476614,0.00015352489,0.00032915277,-0.0003961424,0.0
211676645,-0.00060878467,-0.000365576,-0.00052541704,0.0
211876309,-0.00029498964,0.00044711048,-0.0005092104,0.0
212076433,-3.7243164e-05,-8.935425e-05,6.8838617e-06,0.0
212273052,0.0001451159,6.12401e-05,0.00010111039,0.0
212472716,0.00015742317,-0.00038174496,4.295695e-05,0.0
212676656,-0.00044870854,-7.1820425e-05,-0.00028043077,0.0
212876782,-0.0008578475,0.00020808156,-0.00023491173,0.0
213072972,-0.00016343113,-0.0005354535,0.00012220655,0.0
213275958,-0.0013837756,0.000219033,-4.389016e-06,0.0
213476211,-0.00055686553,-5.0509905e-05,-0.0001745466,0.0
213676530,-0.00026305008,-0.0012112603,-0.00022286514,0.0
213876408,-0.00023580455,-0.00037096158,-0.00023588432,0.0
214073144,-7.750618e-05,-0.00036869897,0.00015627418,0.0
214276773,-0.00051765615,-0.0005068947,0.00015045493,0.0
214476816,0.00024650726,-0.0002842159,-3.8239006e-05,0.0
214676797,-0.00030159907,-0.0007538307,0.00013002736,0.0
214876960,1.5459897e-05,-0.00025144868,0.00039110996,0.0
215072999,4.722129e-06,-0.00037682653,-9.14944e-05,0.0
215276862,0.00048729352,-0.00022181733,-0.00033325018,0.0
215475946,0.0003588793,-0.00023310681,4.3403845e-05,0.0
215676780,-0.00030764076,0.00024929468,0.00054001686,0.0
215875942,-6.074519e-05,0.0002602245,0.00035467316,0.0
216076530,-0.00020308404,-0.00055025565,0.0002806017,0.0
216276917,-0.0008552769,-0.00033268155,-0.00012919729,0.0
216476613,0.00014289156,-0.0007014559,-0.00045882646,0.0
216676930,-0.000119978526,-0.00043645693,-0.00049867545,0.0
216876439,-0.00020599195,9.437368e-05,-0.00021568411,0.0
217076691,-0.00019739539,-0.0006630318,7.070644e-05,0.0
217272091,0.00063987717,0.0002926149,0.00036707317,0.0
217476831,-0.00026958485,-0.00033386823,0.00019709661,0.0
217676964,0.0002996592,-0.0010093512,0.00019708913,0.0
217876971,-0.0004674635,0.00077538716,6.449114e-05,0.0
218076715,0.00072714017,0.00023423514,7.6141696e-05,0.0
218276986,-0.0003876138,0.00025250443,0.00030131018,0.0
218476784,-0.00039025914,0.0002743774,0.00012432183,0.0
218676383,-0.00024583045,0.000300997,-4.973103e-06,0.0
218876886,0.0003466967,-0.00031823595,-0.0003865043,0.0
219076701,0.00024595886,-0.00025265684,-0.00028033563,0.0
219277025,0.00030558105,0.00064612814,0.00019171345,0.0
219477034,0.00042196142,-0.00072652794,2.70616e-05,0.0
219673194,-4.447187e-05,-3.1350115e-05,6.993966e-05,0.0
219876924,0.0006640879,2.1480675e-05,-0.0001226965,0.0
220076634,0.00012663026,0.0006128204,8.2108985e-05,0.0
220276588,-1.8844066e-05,0.00013683231,-6.561745e-05,0.0
220477156,-7.0782204e-05,0.00012259155,0.00014523011,0.0
220676426,-0.00039195165,-0.0003361686,8.9196314e-05,0.0
220876492,0.00033396008,0.00021955921,0.0002293915,0.0
221076595,-5.151979e-06,-3.0822746e-05,0.00019278919,0.0
221273393,0.00010334453,2.6293015e-05,0.00034266975,0.0
221476835,0.0001117554,-0.00018646129,0.00018996085,0.0
221676776,-0.00043582442,-0.0006651982,0.0004956608,0.0
221877001,-3.7399766e-06,-3.8211416e-05,0.00029215743,0.0
222076687,-0.00019869681,-0.0003653615,5.4846623e-06,0.0
222276251,-0.00017952194,-0.00036477076,2.4635287e-05,0.0
222477023,3.121677e-05,7.091828e-05,0.00013126606,0.0
222676341,-0.00056088425,-0.00044076203,8.537966e-05,0.0
222876882,0.0005100645,0.00041216591,0.00039824887,0.0
223076384,0.00014739991,-4.3101558e-05,-0.00025552686,0.0
223276342,-0.00020034774,0.00028651522,0.00018000398,0.0
223477158,0.0001238216,0.0003292825,0.00027544997,0.0
223676900,-0.00064055296,0.00020425068,-0.000109644614,0.0
223876436,-0.00057267334,0.00037158202,-0.00040276285,0.0
224076465,0.00038531463,0.0002667353,-9.674149e-05,0.0
224277325,0.0003111442,-0.00049365795,-0.00013501282,0.0
224476847,-0.00036726176,0.0002416489,0.00022414797,0.0
224677022,0.00011744784,0.00018104084,0.0002888715,0.0
224876994,-0.000114540824,-0.00075198716,-0.00024868388,0.0
225074123,0.00025809265,0.0001179156,-0.00013595445,0.0
225277188,0.0004994011,0.00034463205,0.00029113353,0.0
225477136,0.00051121565,-0.0004381128,0.00014171874,0.0
225677268,0.00047729682,0.00035038826,0.00024207597,0.0
225876393,0.0001233465,-0.0004843304,0.0003512972,0.0
226076817,0.00039137588,-0.00039271725,0.0002803667,0.0
226276754,0.0002569073,0.00022355079,0.00017674228,0.0
226477193,0.0005281773,-9.015708e-05,2.4163146e-05,0.0
226676886,-0.00020175223,0.00031772465,-7.3335075e-05,0.0
226876456,-0.0003609521,5.9416987e-05,-0.00016968309,0.0
227077176,0.00018418842,-0.00016795902,0.0001341835,0.0
227277718,-0.00010250559,0.00034783033,0.00038448613,0.0
227477211,-0.0005278809,-9.191441e-05,0.00014740747,0.0
227677032,0.00014079633,0.0003550217,0.0002837879,0.0
227872422,-0.00036163515,-0.00027198548,7.1054434e-05,0.0
228077836,0.0004855638,-0.0036037161,-0.00011309842,0.0
228276943,0.0018471922,-0.004316012,-0.0005256007,0.0
228477167,0.00037309065,-0.0027596322,-0.0007115158,0.0
228677025,0.0013630306,-0.0009861933,-0.0006088051,0.0
228876504,0.0008484688,-0.0012792798,-0.00022223497,0.0
229072803,8.9789544e-05,-0.0003718212,-0.00012400883,0.0
229276943,0.00027269454,-0.0007767471,2.5839156e-05,0.0
229473772,0.00033229077,-0.00073371566,-0.00016621251,0.0
229677298,-0.0002676493,-0.00046439847,-0.00014300126,0.0
229877148,-0.00020592484,-0.00056247774,-0.0003853481,0.0
230077975,-0.00023047786,-0.0006164146,7.306781e-05,0.0
230277473,5.472344e-05,-0.00029689632,-0.00029123147,0.0
230473378,-0.0003405409,-0.0003065668,-0.0002227231,0.0
230677508,-0.00025310495,-0.00023883484,-0.0003110003,0.0
230877231,0.00020762673,-0.00035878696,-0.00040697472,0.0
231077184,0.00014245555,0.000441029,-0.00019743944,0.0
231277919,-0.00042589684,-0.00010741994,-0.00022983679,0.0
231477380,0.0008123663,-0.00016713388,-0.00012334954,0.0
231677100,-0.00018266721,-0.00020401264,-0.0001614507,0.0
231873121,-5.3677395e-05,4.181827e-05,-0.0003324959,0.0
232077261,0.00014507714,-0.00028889318,-0.00021076169,0.0
232277169,-7.115402e-05,-0.00041369876,-0.00022186917,0.0
232476798,-0.001098122,-2.9995097e-05,1.7514565e-05,0.0
232677325,-0.0009741468,-0.0005020308,0.00021317325,0.0
232877339,-0.0004020098,-5.8397174e-05,0.00018306954,0.0
233077222,6.635678e-05,0.00010433641,-3.0379942e-05,0.0
233276656,-0.00023176677,-0.00028290667,0.00033417146,0.0
233476586,0.00017554204,-0.0002047501,0.00012458743,0.0
233677469,6.6127686e-05,0.0012878634,-4.070863e-05,0.0
233877454,0.00087655365,5.0732076e-05,-0.00034022515,0.0
234077463,-0.00022453403,4.154405e-05,-0.00037445308,0.0
234276841,-0.00051299646,0.0005179056,0.00042541392,0.0
234477483,-0.0009565367,-0.00076786365,0.00010355542,0.0
234673367,0.00035431611,0.0001463616,0.00029169268,0.0
234877493,-0.00077654596,3.952017e-05,0.00028717908,0.0
235073729,-0.00011404411,0.00039912775,0.0005788074,0.0
235276834,-0.0003231799,0.00020427455,0.00051606214,0.0
235476930,-6.425029e-05,9.1762806e-05,0.00016920379,0.0
235677311,-0.00022762422,-0.0006326252,-0.00013087716,0.0
235876828,-0.00083171244,-0.00013395917,-0.00018901932,0.0
236073321,-0.0006859876,-2.6743055e-05,0.00033498177,0.0
236276970,9.6275995e-05,-0.00040319544,0.00017572999,0.0
236477474,-0.0004820187,-0.0002569439,-1.305332e-05,0.0
236677736,0.00020925728,-0.00028055374,-0.00017613189,0.0
236876895,-0.00019427558,-0.00032349187,-0.00034369505,0.0
237077442,-6.790341e-05,0.00021979678,-0.000119357945,0.0
237273063,-0.00043329474,-0.000117233365,0.00036055126,0.0
237473471,0.00041685716,-0.0004449694,-1.3798924e-05,0.0
237677550,-0.0005101512,9.1304726e-05,9.4985924e-05,0.0
237877515,0.00042520041,-0.00055372954,0.0001619154,0.0
238077472,-8.711927e-05,-8.627509e-05,-8.077913e-05,0.0
238277273,-0.0007961058,0.00032629725,-0.00032181747,0.0
238477633,0.0002341253,-0.000108578875,6.29129e-05,0.0
238673767,3.1315965e-05,0.00055110693,5.6577665e-05,0.0
238873316,0.00039831334,-0.0002680264,0.00021021647,0.0
239076954,0.0003419956,-1.4434872e-05,0.00033311918,0.0
239277647,0.00046500837,-0.00012817438,0.0003149963,0.0
239477443,0.00044988337,-3.815631e-05,-0.0004556292,0.0
239677598,-0.0003383904,-0.00026337572,-0.00016473077,0.0
239877605,0.0004492572,-7.546347e-05,-0.00034464741,0.0
240073554,9.766354e-05,-0.00020401708,2.6014613e-05,0.0
240277076,-7.3067626e-05,0.000163047,-1.2450194e-05,0.0
240478003,2.3501336e-06,0.00048243182,0.00018729566,0.0
240677130,0.00015524362,0.0004327776,-2.6484671e-05,0.0
240877261,-0.0007618945,8.706834e-05,4.9279206e-05,0.0
241077729,0.0004153647,-0.00039974842,0.00066272606,0.0
241278201,-0.00024176667,0.00025931303,-7.716394e-06,0.0
241477401,-0.00043256007,-0.00035269457,-0.00041079422,0.0
241673558,0.00035249628,0.0004573808,-0.00043864732,0.0
241877484,0.0001381374,0.00025278985,-0.0003295857,0.0
242077590,0.00050604605,-0.00025443354,0.00016152226,0.0
242277046,-0.00048906,-1.5771499e-05,-0.00012875783,0.0
242477902,0.0004324363,2.9863593e-05,-0.00023750089,0.0
242677788,0.00056741416,-0.00043116816,-8.6490756e-05,0.0
242877724,0.0003958784,-0.0002602694,-0.0001802077,0.0
243073616,-2.893138e-06,0.0007977735,-0.00018051614,0.0
243277597,-0.00039064515,0.00037901342,-1.7808796e-05,0.0
243477639,0.00070414727,-0.000379886,-0.00012029757,0.0
243677646,-0.0008440828,-0.0007067377,0.00018448228,0.0
243877263,-0.00015533087,-7.36054e-05,0.0003453242,0.0
244077972,3.2289456e-05,-0.00017685957,-0.00016053271,0.0
244277075,-0.0005815066,-0.00010787406,-0.00043151635,0.0
244473611,0.00091221364,0.0008766892,-0.00051886914,0.0
244677361,-0.000253858,-0.00021000033,3.882899e-05,0.0
244877734,0.00032781297,0.0008980673,0.00012102398,0.0
245078022,-1.3086426e-05,0.00054205075,-0.00015979078,0.0
245277466,0.00035186976,-0.0003154893,-0.00025810054,0.0
245477893,0.00030846376,0.00031597397,-0.00016973367,0.0
245674024,0.00057522004,0.00018382943,-0.00041599036,0.0
245873886,0.0005302733,0.00028783,-0.00027818195,0.0
246077915,0.0010406727,-8.946059e-05,-7.831404e-05,0.0
246278054,-0.00022385783,0.0005283373,-4.754808e-05,0.0
246477510,-7.192527e-05,-0.0005617224,0.00039003702,0.0
246677988,-2.854333e-05,-0.00011075657,0.0004975535,0.0
246877346,0.00036095578,2.5239526e-05,0.00041829082,0.0
247073958,0.00022158737,-0.00022145115,-0.00029187376,0.0
247273926,7.296963e-05,0.00036800938,-0.0004961047,0.0
247477826,0.00054471195,-0.0004073632,-0.00064356934,0.0
247677598,-0.00013707909,-0.0003829858,-0.0005538976,0.0
247877668,-0.0004346038,-0.0005058303,-0.0001089346,0.0
248077870,9.339886e-05,-0.00021846895,-4.263048e-05,0.0
248278184,-0.0007229297,-0.00014438765,0.00044600468,0.0
248474012,0.00027685871,-0.0002146109,0.00068022305,0.0
248673377,0.00033539318,-0.000309465,0.0005968617,0.0
248878031,7.032166e-05,0.00022191186,0.000107339554,0.0
249077710,-7.569571e-05,-0.00025913204,-0.0004279466,0.0
249277263,0.0010192521,5.0805254e-05,-0.00045349484,0.0
249477454,-0.00056410447,0.0004948947,5.0489827e-05,0.0
249677705,0.000328522,0.00034869782,-0.000103670754,0.0
249873966,-0.00017613503,0.00034992138,-6.0645656e-05,0.0
250073942,0.00062976516,-0.0004587208,-0.00012142752,0.0
250278000,-0.00041585992,7.145938e-05,-0.0001390164,0.0
250477333,-0.0007320719,-0.00011140592,-0.00017591364,0.0
250678137,-0.00043667917,-0.0008214174,-2.0629348e-05,0.0
250877539,-0.00040424606,-0.000112573616,-5.3511416e-05,0.0
251077469,-0.0007644924,-0.00015216733,-0.00012469711,0.0
251273794,-4.7026566e-05,1.8974652e-05,-5.2404645e-05,0.0
251473874,0.00022158815,-5.264338e-05,-0.00028121457,0.0
251677893,-0.0003821622,-4.3276068e-05,-0.00032531758,0.0
251878176,0.00018250044,0.00054532645,-0.00013294948,0.0
252078015,-0.00014436337,-0.0003545882,-0.00024123528,0.0
252277456,0.00010371177,0.0011547196,0.0001470429,0.0
252477918,-0.00045575123,6.231797e-05,-5.012516e-05,0.0
252674010,-0.00048678886,0.000529543,0.00020665962,0.0
252874400,-0.00015310408,0.0002869985,-2.8499726e-06,0.0
253077456,-0.0005515395,0.00078209495,-0.00014744804,0.0
253278188,-0.000119551136,-0.00018197884,0.00018664428,0.0
253477921,-0.00035881542,5.491948e-05,-2.8372307e-05,0.0
253678332,-0.00061090774,-1.28328165e-05,-4.3843433e-05,0.0
253878029,-0.00020331032,0.0008143303,-6.7040615e-05,0.0
254074365,7.2224384e-07,0.00031223535,0.00026440993,0.0
254273398,-0.00011287708,0.000116931995,0.00014290493,0.0
254477758,-0.00022930089,0.0005199419,7.981701e-06,0.0
254677558,3.1233399e-06,0.00047734016,-5.6712433e-06,0.0
254878024,-0.00026747523,0.00059225946,-9.775929e-05,0.0
255077585,-0.0007639313,0.0007812734,-0.00013206417,0.0
255277554,-0.00013263698,-0.0009058726,0.00016423567,0.0
255474434,0.00037232012,-5.5501205e-05,2.2155367e-05,0.0
255674107,0.00047029383,-0.00053483085,1.6655336e-05,0.0
255878102,-3.0098974e-05,-0.00014508958,0.0004941919,0.0
256077729,0.00023518885,-0.00045774278,-0.00017751848,0.0
256277717,0.0005966044,-0.0005516645,-2.300662e-05,0.0
256473969,5.974126e-05,-0.000923731,0.00026761458,0.0
256678146,0.00020785909,-0.00047751644,0.00036150133,0.0
256874521,-4.7980275e-06,-0.0004966785,7.7321194e-05,0.0
257073720,5.724198e-05,9.2008864e-05,0.00016329192,0.0
257277715,0.00026922784,-0.00054982275,-1.721664e-05,0.0
257477770,-0.00024547457,9.252241e-05,0.00024336108,0.0
257678228,0.0005745964,0.00038850613,0.00010388453,0.0
257878387,-0.0004330692,-0.00011435555,0.00015242044,0.0
258074118,-1.4448815e-05,-0.00015547224,-0.00017987205,0.0
258273845,-0.00017794273,-0.00018135544,-0.00040311468,0.0
258474277,-0.0004975147,0.0008851963,-0.00010830433,0.0
258678393,0.00013795984,-0.0009399895,-0.0004777788,0.0
258878402,-0.00041329832,0.00020357566,-0.0006543603,0.0
259078971,-0.00021829829,5.7493573e-05,-0.00033317562,0.0
259277848,0.00022393987,0.00026095755,0.00027073585,0.0
259474277,-0.00035705577,0.0006258102,0.00028593096,0.0
259674377,0.00037058085,0.00022243615,-0.00010444951,0.0
259874445,-0.0003341082,-0.00014788848,-2.7816528e-05,0.0
260078344,0.00022768289,0.00019482677,-0.00036086226,0.0
260278590,-0.00040241724,2.0919853e-05,-0.0004219076,0.0
260478217,0.00043256252,0.00015357498,-0.000103972845,0.0
260678476,0.0004962563,-0.0011071746,0.00048651398,0.0
260874361,-0.0006265653,-0.00037999792,0.0005687414,0.0
261074490,-0.00047843345,3.2121014e-05,0.0006001902,0.0
261274392,-0.00046213562,-8.513483e-05,0.00011632509,0.0
261478634,-0.00065573875,0.00021402062,-0.000115149574,0.0
261678254,-0.0017396325,0.00015486278,0.0015540391,0.0
261878515,-0.0011996642,9.4792376e-05,0.0015540391,0.0
262078558,0.001155638,-0.0014433331,0.0015540391,0.0
262274330,-0.0026553178,-0.0022818244,0.0015540391,0.0
262474435,-0.013469335,-0.0033644836,0.0034250242,0.0
262674383,-0.014657625,-0.012689294,-0.002106101,0.0
262877866,-0.011407921,-0.015117913,-0.002106101,0.0
263078902,-0.007603601,-0.02189527,-0.002106101,0.0
263278438,-0.0046163574,-0.03257464,-0.002106101,0.0
263478085,-0.01503719,-0.03378507,-0.002106101,0.0
263674400,-0.02086719,-0.044692446,-0.002106101,0.0
263874597,-0.028122762,-0.05548557,-0.002106101,0.0
264074603,-0.040572163,-0.06327513,-0.002106101,0.0
264278442,-0.06407342,-0.06864744,-0.002106101,0.0
264478491,-0.08883613,-0.07239715,-0.002106101,0.0
264678395,-0.12205387,-0.075734824,-0.002106101,0.0
264878313,-0.15802713,-0.07767782,-0.002106101,0.0
265074490,-0.2002919,-0.07847965,-0.002106101,0.0
265274516,-0.24807282,-0.07847965,-0.002106101,0.0
265474407,-0.2967518,-0.07847965,-0.002106101,0.0
265678197,-0.3,-0.07847965,-0.002106101,0.0
265878536,-0.3,-0.07847965,-0.002106101,0.0
266078859,-0.3,-0.07847965,-0.002106101,0.0
266277916,-0.3,-0.07847965,-0.002106101,0.0
266474569,-0.3,-0.07847965,-0.002106101,0.0
266674514,-0.3,-0.07847965,-0.002106101,0.0
266874593,-0.3,-0.07847965,-0.002106101,0.0
267078445,-0.3,-0.07847965,-0.002106101,0.0
267278177,-0.3,-0.07901332,-0.002106101,0.0
267478924,-0.3,-0.07901332,-0.002106101,0.0
267674738,-0.3,-0.07901332,-0.002106101,0.0
267878216,-0.3,-0.07913874,-0.002106101,0.0
268074534,-0.3,-0.07985864,-0.002106101,0.0
268274761,-0.3,-0.08017067,-0.002106101,0.0
268478550,0.0,0.0,0.0,0.0
268678497,0.0,0.0,0.0,0.0
268878157,0.0,0.0,0.0,0.0
269074914,0.0,0.0,0.0,0.0
269274551,0.0,0.0,0.0,0.0
