timestamp,timestamp_sample,accel_device_id,gyro_device_id,delta_angle[0],delta_angle[1],delta_angle[2],delta_velocity[0],delta_velocity[1],delta_velocity[2],delta_angle_dt,delta_velocity_dt,delta_velocity_clipping,calibration_count
26049218,26045140,1310988,1310988,1.2128675e-05,-0.00031910877,-0.0003598624,0.00089623197,0.0016341979,-0.110168256,11349,11349,0,0
26053390,26049105,1310988,1310988,-0.00022296357,0.00023776118,-0.00010254499,-4.724134e-05,0.00050607783,-0.03915264,3965,3965,0,0
26549915,26549613,1310988,1310988,2.6642467e-05,-0.00012096893,-0.00028029137,-0.0006412025,0.00069565506,-0.03793327,4650,3900,0,0
27053536,27053363,1310988,1310988,7.0985145e-05,-4.486058e-05,6.876285e-05,-0.0011541084,0.0013623678,-0.03738259,4048,3899,0,0
27553881,27553707,1310988,1310988,0.00013471158,-0.00015100568,3.416651e-05,-0.00068233715,-0.0005611522,-0.03992907,4491,4092,0,0
28049595,28049422,1310988,1310988,-0.00016820975,0.00027263994,-0.0002574713,-0.0008118785,-0.0010437084,-0.03692698,3959,3908,0,0
28543046,28542880,1310988,1310988,2.4712781e-05,6.300636e-05,-0.00011998294,0.00013545522,-0.001661171,-0.11947924,1064,12562,0,0
29049313,29049137,1310988,1310988,6.2591193e-06,-0.00027624497,0.0001455631,9.648522e-05,-0.00096282386,-0.03590436,4046,3818,0,0
29549693,29549516,1310988,1310988,0.00023528317,0.00022268534,-0.0003194979,-0.00011834263,-0.0002799531,-0.037995294,4058,3936,0,0
30041575,30041402,1310988,1310988,-0.00026550033,0.00013214754,-7.2670984e-05,-0.00071846053,-0.0019814991,-0.102074355,4078,10349,0,0
30553622,30553445,1310988,1310988,-0.00020556568,0.000250963,0.00029879512,-0.0008632198,0.00041556562,-0.03853253,4179,3895,0,0
31053604,31053426,1310988,1310988,-0.00043710406,-0.00057388016,5.633239e-06,0.000388701,-0.00058141473,-0.038854893,4119,4086,0,0
31549772,31549592,1310988,1310988,0.0003159919,0.00026323908,-2.1504691e-05,-0.0006528315,-0.0006758856,-0.040200915,4063,4035,0,0
32049823,32049645,1310988,1310988,0.00012805939,-0.00030069277,-0.00023793921,0.00035020927,-0.00026413618,-0.03941707,4030,4028,0,0
32549619,32549444,1310988,1310988,-0.00019935952,7.832703e-05,-8.93283e-05,-0.0002793294,-0.00042415553,-0.039282616,3962,4001,0,0
33049836,33049660,1310988,1310988,2.1224803e-05,0.00012866213,-0.00013475385,-0.00033828837,-0.0016852146,-0.044979844,3847,4639,0,0
33547532,33547356,1310988,1310988,0.00029258092,-0.00092006393,9.373111e-05,-0.00021481529,-0.0013128963,-0.04055362,17589,4179,0,0
34049869,34049695,1310988,1310988,0.00023784315,-0.00035186976,0.0002829184,-4.6571895e-05,-0.0010540112,-0.075725876,4099,7520,0,0
34553807,34553628,1310988,1310988,-2.2096478e-05,0.00017394571,0.0001364254,0.0006556999,-0.00092823134,-0.041735575,4121,4214,0,0
35050182,35049955,1310988,1310988,7.627819e-05,-0.00013449533,1.6417662e-05,-0.00077188766,0.0008694938,-0.038314287,4228,3980,0,0
35549859,35549684,1310988,1310988,0.00018351943,-0.00032439438,0.00014665743,-0.000119189164,-1.9609972e-06,-0.039041735,4175,4005,0,0
36050010,36049835,1310988,1310988,-0.00016657925,-0.00019902397,-0.00016586126,0.0003307136,-0.00043322353,-0.03682975,4166,3783,0,0
36549891,36549718,1310988,1310988,-0.00012108029,0.00021513013,-8.4036474e-05,9.1572205e-05,0.0014529628,-0.03841806,4123,3874,0,0
37050036,37049861,1310988,1310988,-0.00029091345,0.00021511545,-0.00026357826,0.00011432211,-0.0004611951,-0.037185125,4264,3905,0,0
37550154,37549980,1310988,1310988,0.00018995763,-0.000158517,0.00042008888,0.00021187039,-0.0005557997,-0.041663807,4058,4076,0,0
38053828,38053654,1310988,1310988,-8.226377e-05,-0.00017801471,-9.2772934e-05,-0.00014841348,0.0003185468,-0.0409568,3942,4133,0,0
38549621,38549447,1310988,1310988,-0.00028930465,-0.00016555245,-0.00022875637,0.00018693529,-0.00017529337,-0.039824188,4115,3945,0,0
39049644,39049465,1310988,1310988,-3.443012e-05,-0.0002977091,-2.7050946e-05,-0.0004529459,-4.9662804e-06,-0.03606613,4052,3857,0,0
39550020,39549847,1310988,1310988,8.338512e-05,-0.0002822571,-0.00032996407,-0.0006670378,-0.00029990193,-0.03891251,3942,3905,0,0
40050194,40050019,1310988,1310988,0.00011341237,9.051858e-06,0.0002850985,0.0007074862,-0.0006444799,-0.038577404,4108,3892,0,0
40550103,40549926,1310988,1310988,0.0002188001,-5.16002e-05,-0.00027726183,0.0004673498,-9.663796e-05,-0.04006037,3983,3973,0,0
41050202,41049967,1310988,1310988,-8.819028e-05,-6.680018e-05,0.00032492814,-0.00082622597,-0.00092454307,-0.03924765,3915,3995,0,0
41550254,41550072,1310988,1310988,3.2987296e-06,-4.5732846e-05,8.4738276e-05,-0.0008593919,0.0002761162,-0.04073455,3980,4137,0,0
42050175,42050001,1310988,1310988,4.2195083e-05,-0.00021806611,0.0002190222,-8.274295e-05,-0.0002682987,-0.03890291,3864,4019,0,0
42550007,42549832,1310988,1310988,-0.00017489599,8.7513006e-05,0.0003448162,0.0010011725,-0.00032630764,-0.037825175,3983,3987,0,0
43049652,43049470,1310988,1310988,-7.682296e-05,-0.00012795381,0.00010309386,8.144824e-06,-0.00021836399,-0.03761695,3952,3995,0,0
43550219,43550038,1310988,1310988,1.3584933e-05,-0.00041130531,7.4850155e-05,-0.00021003534,0.00095169625,-0.040513642,3882,4007,0,0
44049550,44049377,1310988,1310988,-8.314526e-05,-0.0003304463,4.8449765e-05,-0.0010635628,-1.1152828e-06,-0.076881,4056,7932,0,0
44550190,44550008,1310988,1310988,0.00032459528,0.00010752714,0.00026774034,0.00053621206,-0.0010935726,-0.03950898,3987,4004,0,0
45053990,45053816,1310988,1310988,0.00033225032,-0.00042483633,0.0002317682,-0.00023311646,0.0008065708,-0.038202964,4485,3930,0,0
45550162,45549939,1310988,1310988,-8.130387e-05,6.465734e-05,-0.00016593636,0.0002949493,-0.0015315688,-0.03801243,3918,3920,0,0
46049672,46049492,1310988,1310988,0.0001668789,-0.00012020262,0.00022029161,-0.00025128783,0.0002742011,-0.03965044,3960,4036,0,0
46550568,46550393,1310988,1310988,4.9070743e-05,0.00013052601,0.00018595027,0.00033257986,0.0011013357,-0.044489503,4111,4390,0,0
47050307,47050130,1310988,1310988,0.00010598011,-0.00044807763,-6.0098137e-05,9.44176e-05,-0.0007838216,-0.036061607,4078,3763,0,0
47550667,47550485,1310988,1310988,-9.724388e-05,-5.744025e-05,0.00023665906,-0.00011815964,0.000340283,-0.048526365,4105,4569,0,0
48050220,48050037,1310988,1310988,-0.00048142287,9.182612e-05,0.00046093282,0.00079209486,-0.00031873243,-0.041099835,3890,3979,0,0
48550410,48550232,1310988,1310988,-1.0609018e-05,0.0003241045,6.683904e-05,0.0009767093,-0.00064895296,-0.039332926,4120,3989,0,0
49050487,49050311,1310988,1310988,0.00039095405,0.000866997,-2.4129326e-05,0.00010250548,0.0001322,-0.03703238,4174,3768,0,0
49550286,49550109,1310988,1310988,-0.00013503467,-0.000118067386,-0.00017680415,0.00041144545,-0.0013181615,-0.040613983,3722,4005,0,0
50050615,50050439,1310988,1310988,0.00023298191,9.850579e-05,0.00015833159,-0.00042559276,0.000823623,-0.042903237,4038,4208,0,0
50550291,50550110,1310988,1310988,0.00024766388,0.00017282764,0.00016301993,7.167091e-05,0.0005357589,-0.039219283,3985,3952,0,0
51050468,51050291,1310988,1310988,0.00037593098,0.000110490095,-6.442041e-05,3.5359477e-05,-0.00029424936,-0.040597852,3898,4179,0,0
51550761,51550581,1310988,1310988,0.00015492273,-9.630199e-05,-0.0001449606,-0.0021092782,-0.0014946834,-0.087759495,3977,8930,0,0
52050445,52050271,1310988,1310988,-0.0004084546,-0.000103850536,0.00027994518,-0.00032806915,0.0002638242,-0.038291752,4023,4025,0,0
52550555,52550382,1310988,1310988,-5.4139302e-05,-0.00031019267,3.7269605e-05,0.0003816601,-0.0014173252,-0.038414437,3879,3980,0,0
53050574,53050398,1310988,1310988,-5.6772944e-05,0.00048673636,-0.00012348717,-0.00020826494,4.2027175e-05,-0.037037186,3884,3994,0,0
53550423,53550248,1310988,1310988,-2.9923354e-05,-0.00014341422,-0.00016595818,-0.0014845607,-0.0010428294,-0.036746472,4064,3971,0,0
54050457,54050267,1310988,1310988,0.00035100788,-0.000656717,-0.00041673676,-0.0001028135,-0.0003366189,-0.038494244,3945,3954,0,0
54550362,54550181,1310988,1310988,0.00046002324,0.00015889159,-0.00015118711,-0.00016704509,5.9443333e-05,-0.036783017,4023,3819,0,0
55050591,55050417,1310988,1310988,-0.00048261715,-0.0006910993,0.00011113025,0.00024402105,-0.000812844,-0.041560363,4003,3955,0,0
55550139,55549965,1310988,1310988,-2.739928e-06,9.736616e-05,-0.00024710016,-0.00060163107,0.00047776342,-0.043008614,3980,3677,0,0
56050556,56050382,1310988,1310988,0.00025122895,-0.00048400255,-0.00011951021,0.00021709844,-0.00034352802,-0.04244767,3984,4506,0,0
56550168,56549991,1310988,1310988,0.00069419836,-0.00044549606,-0.00023432249,-0.00044611996,-0.0001874327,-0.037238166,3844,3771,0,0
57050895,57050716,1310988,1310988,-7.899188e-05,-0.0002922627,-0.00012857284,9.424513e-06,-0.00012314391,-0.038757835,3924,3995,0,0
57550385,57550205,1310988,1310988,-0.0004846746,0.00029271533,-0.00016090249,0.0007061506,-0.00041446142,-0.037338376,3977,3831,0,0
58050756,58050572,1310988,1310988,-0.0006200556,-0.00018406476,-0.0001451108,-0.00034015073,0.00039694968,-0.04027954,3864,4120,0,0
58550821,58550642,1310988,1310988,-7.282117e-05,-0.0006032581,0.00023734858,-0.001055068,0.0002370517,-0.0369953,4071,4022,0,0
59050452,59050276,1310988,1310988,0.0004036963,2.373341e-05,0.00027404664,-0.00035228222,-0.0009986168,-0.041730743,3961,4210,0,0
59550576,59550401,1310988,1310988,0.00024053935,-4.170155e-06,0.00014700381,-0.0017746871,-0.00022887472,-0.067570396,3961,6984,0,0
60050816,60050640,1310988,1310988,1.4454202e-05,-0.00037873737,9.0767346e-05,-0.0020352367,-0.0003861755,-0.03690671,3972,3864,0,0
60550860,60550684,1310988,1310988,0.00018030497,-0.00036978337,5.6738583e-05,-0.0009444272,-0.0009283995,-0.045564596,3181,4808,0,0
61051003,61050828,1310988,1310988,-0.00049924594,-0.00028159135,2.7333215e-06,-0.00028386677,-0.0005226503,-0.039057143,4078,4017,0,0
61550893,61550716,1310988,1310988,-0.00045030328,1.3013386e-06,0.00023272383,-0.00046714995,0.0011956744,-0.035074145,4081,3799,0,0
62041536,62041360,1310988,1310988,-0.004068845,0.0061414572,0.0012060065,-0.00553895,0.0021027601,-0.15834557,15008,16248,0,0
62550520,62550344,1310988,1310988,0.0011499863,0.00016286652,0.00043933044,-0.0005996298,0.00065735163,-0.040995847,4096,4124,0,0
63046259,63046030,1310988,1310988,0.0005955783,-1.3558071e-05,0.00034589338,-0.0016951753,-0.0002092888,-0.07169408,3918,7521,0,0
63551095,63550918,1310988,1310988,0.00023275768,-0.00070062926,-0.0002148246,-0.0010067086,0.0008845012,-0.037311748,4094,3906,0,0
64050342,64050164,1310988,1310988,0.0002994545,-0.00058897544,-0.00024330438,-8.992221e-05,8.937436e-05,-0.03793359,3941,3926,0,0
64550815,64550640,1310988,1310988,-3.1449203e-05,-0.00024520856,0.00010359695,-0.0011960831,-0.0010205586,-0.038457297,3999,4049,0,0
65051166,65050990,1310988,1310988,-0.0004319051,-8.1339924e-05,-0.00019859958,-0.0016145657,-8.4129424e-05,-0.04331264,4013,4514,0,0
65550667,65550487,1310988,1310988,-2.2899301e-05,7.0639717e-06,7.077074e-05,-0.0010032387,-0.00028469533,-0.03687392,3969,4007,0,0
66051064,66050889,1310988,1310988,-0.00016349509,-4.0911294e-05,0.00028836398,-0.0015776502,-0.0003678435,-0.035901397,4121,3909,0,0
66550664,66550477,1310988,1310988,8.621341e-05,-9.3272e-05,0.00014816009,-0.0012544165,-0.0005349188,-0.038793683,3438,3974,0,0
67051284,67051108,1310988,1310988,-0.00028297666,0.0003861371,0.00031179277,-0.0016601639,0.00017125091,-0.032645702,4055,3995,0,0
67551101,67550926,1310988,1310988,0.00013625654,0.00052933,-0.0002937868,-0.0004981598,0.00065815536,-0.04471335,3346,4684,0,0
68050972,68050791,1310988,1310988,8.546078e-05,0.00016168805,-0.000226495,5.0610128e-05,0.0009778036,-0.035579138,3893,3963,0,0
68550486,68550306,1310988,1310988,-0.00025845776,-0.00026735422,9.457976e-05,-0.0001276008,0.0004242116,-0.031514563,3908,3583,0,0
69050526,69050349,1310988,1310988,0.0009694795,0.0011173915,-0.0002031118,-0.000119574004,-0.0003070034,-0.035676453,7750,4044,0,0
69550705,69550520,1310988,1310988,0.0003501636,-0.00016403681,-0.00044064602,-0.0017879809,0.0003239623,-0.03730296,3986,3978,0,0
70047347,70047168,1310988,1310988,0.0005662253,0.00015357549,-3.1224045e-06,-0.0012531789,0.0014006147,-0.039129734,3870,4129,0,0
70551363,70551187,1310988,1310988,0.00022550745,-0.0003700232,0.00024455768,-0.0009282902,-8.143226e-05,-0.03581183,4133,3841,0,0
71051033,71050859,1310988,1310988,8.091265e-05,-0.0002868489,3.6601206e-05,-0.0011438477,-0.00012837542,-0.038182396,4017,3962,0,0
71551054,71550873,1310988,1310988,0.0004981841,-0.00016375523,0.00028911416,-0.003131338,0.0008557426,-0.08279015,3929,8552,0,0
72051289,72051112,1310988,1310988,-0.00034786243,-0.0021767258,0.0014107282,-0.00052097125,-0.00010765327,-0.036473848,4004,3853,0,0
72551347,72551171,1310988,1310988,0.00018678051,-0.0008856319,-0.0007280607,-0.0015213279,-0.00079180195,-0.036539607,3963,3834,0,0
73050966,73050791,1310988,1310988,0.00015726598,-0.00057072,0.00010888027,-0.0010988014,-0.0008631046,-0.03581079,4188,3518,0,0
73551048,73550870,1310988,1310988,0.00014853105,0.0014424105,0.00022225645,-0.0038572587,-0.00066504686,-0.038904943,3972,4011,0,0
74050752,74050573,1310988,1310988,9.589481e-05,0.0011919627,3.2933516e-05,-0.004211779,0.00029469864,-0.037302032,3452,4063,0,0
74551517,74551342,1310988,1310988,-0.00020476362,-4.7619007e-05,-0.00025139932,-0.003987976,0.0005049873,-0.038723312,3994,4006,0,0
75051542,75051366,1310988,1310988,0.0002741975,-0.00030502366,-0.00010037788,-0.005473193,4.274005e-05,-0.039581534,4084,4000,0,0
75551265,75551087,1310988,1310988,0.00045582757,-0.0004520303,0.00022189216,-0.0044542947,0.001005612,-0.037135936,3962,3921,0,0
76051354,76051177,1310988,1310988,-0.000683944,-0.00048560408,0.00023462278,-0.00356205,-0.00031941722,-0.0401663,4025,4011,0,0
76551773,76551591,1310988,1310988,-0.00010927722,8.1292106e-05,-8.825661e-05,-0.006258007,0.001041454,-0.047150295,4050,4870,0,0
77047533,77047358,1310988,1310988,-0.00033203512,0.00022185789,-0.00016966136,-0.0052254098,2.9101166e-05,-0.039293695,3852,4067,0,0
77551306,77551130,1310988,1310988,0.0006417021,-0.00014476368,-0.00021608702,-0.0036313632,0.00026754205,-0.036552716,4018,3772,0,0
78051704,78051522,1310988,1310988,-6.4569824e-05,0.00032467017,9.338943e-05,-0.004647815,-4.7746693e-05,-0.038655534,4167,3777,0,0
78551707,78551520,1310988,1310988,-0.00011495864,3.6340247e-05,0.00016936797,-0.00588652,-1.6375127e-06,-0.041558664,4120,4324,0,0
79051689,79051508,1310988,1310988,0.00028214286,-0.0001507986,-2.9744118e-05,-0.00401941,0.00045059083,-0.039236903,4087,3846,0,0
79551571,79551391,1310988,1310988,-0.00041758615,0.0005317604,7.784453e-05,-0.0048741098,0.00093909976,-0.03722119,4121,3882,0,0
80051683,80051499,1310988,1310988,-9.5619296e-05,0.00051188626,0.00020443238,-0.003558944,0.00030224817,-0.036207423,4112,3768,0,0
80547675,80547494,1310988,1310988,-0.0019155038,0.00041159047,0.0009094642,-0.0045803483,-0.00087268517,-0.039054707,3852,4170,0,0
81047864,81047691,1310988,1310988,0.0008648374,-8.959481e-05,-0.00016264811,-0.005021871,-0.00088280486,-0.037439715,4130,3846,0,0
81551348,81551169,1310988,1310988,-0.0005812969,0.00018864647,-0.000121363715,-0.0042756787,0.00075930817,-0.037994694,4030,4023,0,0
82051829,82051653,1310988,1310988,0.00027946293,-2.5085625e-05,0.00047845434,-0.0031062167,0.00030230347,-0.03694714,4184,3947,0,0
82551675,82551495,1310988,1310988,9.868821e-05,-0.0004775834,5.4172004e-05,-0.0035542613,0.0006207193,-0.0392051,4072,3915,0,0
83051753,83051572,1310988,1310988,0.00048273787,-0.0001835025,9.224171e-05,-0.0038590566,0.00070553686,-0.03821002,3874,3998,0,0
83551204,83550980,1310988,1310988,-5.548502e-05,0.00022474228,0.00034380125,-0.0035031273,0.00013871604,-0.03729659,3868,3801,0,0
84047362,84047168,1310988,1310988,-0.00021017203,0.00036263396,0.0003448512,-0.0045929607,0.0007502992,-0.03733419,3881,3992,0,0
84551599,84551424,1310988,1310988,0.00048582067,0.00034369662,-3.2734646e-05,-0.0032382114,-0.00015280614,-0.028908893,4476,3071,0,0
85051578,85051402,1310988,1310988,-0.0002772253,-0.000118777076,0.00011753209,-0.0043073148,0.00031137784,-0.03507469,4010,3644,0,0
85551650,85551465,1310988,1310988,-0.00016668621,0.00010512926,-0.00012079525,-0.005386749,0.0002596699,-0.041437607,3925,4412,0,0
86051612,86051432,1310988,1310988,-0.00029200726,-8.0029036e-05,0.0002383307,-0.0043085627,0.00077315985,-0.039323293,3970,4016,0,0
86551798,86551614,1310988,1310988,-7.8278565e-05,-0.00050029065,-0.0001762196,-0.0044104964,-0.001176264,-0.03843892,4196,3979,0,0
87051423,87051242,1310988,1310988,0.0008912235,-0.00025380592,5.1621584e-05,-0.0040510194,0.00020466263,-0.037515912,4124,3958,0,0
87547727,87547536,1310988,1310988,0.0004563942,0.000116408584,-0.00042822535,-0.00458439,0.00089173164,-0.03772853,3893,4006,0,0
88051708,88051520,1310988,1310988,-6.3061474e-05,-0.0005142994,0.00028560034,-0.004297285,5.558172e-05,-0.03913073,4000,4000,0,0
88551365,88551188,1310988,1310988,0.0005463976,-0.0006260361,-8.0484366e-05,-0.0037407093,-0.0005632979,-0.036478356,3999,3673,0,0
89052020,89051844,1310988,1310988,0.00031585235,-0.00056375517,-0.0007012106,-0.006213632,-0.0010291156,-0.043090608,4182,4515,0,0
89552028,89551850,1310988,1310988,0.00016025818,-0.00019147298,-0.0001011682,-0.0043133264,-6.304641e-05,-0.03955053,3744,4164,0,0
90051754,90051571,1310988,1310988,0.0005965831,-0.0005162063,-6.1056184e-05,-0.005174624,0.0002760053,-0.03695246,3979,3809,0,0
90552130,90551954,1310988,1310988,0.00035170233,-1.5283435e-05,0.00017110056,-0.0045786994,-0.00039760704,-0.040392816,3820,4180,0,0
91048213,91047986,1310988,1310988,-5.5557677e-05,-0.0003609274,3.908604e-05,-0.004824918,-0.00014729715,-0.038327504,3873,4111,0,0
91551553,91551374,1310988,1310988,-2.7428208e-05,-0.00060323416,0.0003176959,-0.0031852382,-0.00087803614,-0.037025854,4037,3872,0,0
92051804,92051622,1310988,1310988,-1.2539194e-06,-0.00039742177,0.00011648415,-0.0043228744,0.001028683,-0.03749958,4034,3960,0,0
92551995,92551817,1310988,1310988,8.7856875e-05,-0.00017108217,2.7470876e-05,-0.0028855854,-0.0012833421,-0.034970973,4152,3511,0,0
93051941,93051765,1310988,1310988,7.193825e-05,-0.0004603061,0.00018134854,-0.0045125256,0.0001618328,-0.037550066,4070,3881,0,0
93552379,93552200,1310988,1310988,-5.6705925e-05,-0.00036642016,0.00023355408,-0.003708896,-0.0009831474,-0.038191766,4117,3880,0,0
94052071,94051896,1310988,1310988,0.0005339796,6.6757006e-05,-1.3423481e-05,-0.0048910035,-0.0004741485,-0.03605847,4050,3753,0,0
94548106,94547930,1310988,1310988,0.00012910213,-0.00047611966,0.00039101896,-0.005212618,3.1462205e-05,-0.038446646,3823,3976,0,0
95048193,95048009,1310988,1310988,-6.1258164e-05,-0.00021988002,5.9719816e-05,-0.0049334755,-0.00023968088,-0.037839357,3876,4007,0,0
95552153,95551979,1310988,1310988,0.0010154773,0.0001332313,-3.1411415e-05,-0.0049945544,9.994536e-05,-0.036147945,4026,3927,0,0
96051806,96051620,1310988,1310988,-0.00022894853,0.0010297422,1.6456674e-05,-0.005035339,0.0005653657,-0.03609963,4115,3987,0,0
96551668,96551487,1310988,1310988,-0.00023458025,-8.3930965e-05,-0.00024146271,-0.0024802575,-0.00085745717,-0.032582343,4113,3373,0,0
97051628,97051450,1310988,1310988,0.00045092925,3.2990083e-05,0.00015190394,-0.0020953722,-0.00014221696,-0.03786308,4124,3891,0,0
97552081,97551900,1310988,1310988,0.0006732651,0.0002900887,-7.5732883e-06,-0.0021962917,0.0009826993,-0.037992995,4031,3875,0,0
98048080,98047904,1310988,1310988,4.300315e-05,-0.0008064452,-6.640003e-05,-0.0009871222,0.0003657821,-0.03909752,3879,3998,0,0
98548486,98548311,1310988,1310988,0.001479985,0.0026534258,0.0026845096,-0.0015444868,-0.001046555,-0.035326697,4050,3867,0,0
99051651,99051471,1310988,1310988,0.0007233007,-0.00026526037,0.0040290086,-0.0016041064,-0.00041164705,-0.041737754,3996,4026,0,0
99552598,99552422,1310988,1310988,-0.002290798,-0.00049547997,0.0031853213,-0.0014348491,-0.0006735381,-0.041218624,3968,4236,0,0
100052242,100052065,1310988,1310988,-0.0007346029,-0.001388901,0.001397523,-0.0014630458,-0.0013427719,-0.043159507,3937,4009,0,0
100552326,100552148,1310988,1310988,8.753744e-05,0.0012418772,-0.000938476,-0.0026312508,-0.00024408063,-0.036037527,4032,3655,0,0
101052540,101052364,1310988,1310988,0.0010943902,0.0010593153,0.00027172713,-0.0043395376,-0.0003090986,-0.039445378,4006,4146,0,0
101548555,101548380,1310988,1310988,0.00029774816,-0.00072511437,7.2377145e-05,-0.0045563094,4.080445e-05,-0.03930836,4632,3988,0,0
102048541,102048365,1310988,1310988,-0.00055208075,-6.903282e-05,0.00018568357,-0.0054129036,-0.00026064276,-0.039184794,4069,4026,0,0
102551777,102551596,1310988,1310988,-9.4399635e-05,-0.0006834921,0.00013170742,-0.0043774396,-0.0012783709,-0.03822912,4052,3894,0,0
103052370,103052189,1310988,1310988,0.00053446327,0.00037636954,7.519741e-05,-0.004681651,0.00039828153,-0.038843438,3939,4046,0,0
103552396,103552217,1310988,1310988,-6.37576e-05,-0.00040555972,5.341886e-05,-0.005271332,-0.0004109742,-0.038209055,3954,4028,0,0
104052538,104052365,1310988,1310988,-0.00068414194,2.9186867e-05,-0.00030719233,-0.004339766,-0.00044295285,-0.037624728,4091,3981,0,0
104552569,104552390,1310988,1310988,0.0005428228,0.00051469356,0.00016744256,-0.004684507,0.00050275604,-0.036455538,4063,3836,0,0
105048551,105048375,1310988,1310988,0.00067969604,0.00021294063,0.0003298701,-0.004509529,-0.00045763393,-0.038822193,3840,4027,0,0
105548549,105548373,1310988,1310988,-0.00047942836,0.0008026081,8.633894e-05,-0.0036417937,-0.00012364282,-0.03869746,3580,4097,0,0
106048835,106048547,1310988,1310988,-0.00031021595,0.0011677598,-0.00080658804,-0.00459751,-0.0004449752,-0.041316148,3853,4024,0,0
106552459,106552285,1310988,1310988,-0.00012836691,0.000106004925,0.00019523724,-0.005012701,-0.00040980912,-0.03840543,3941,3920,0,0
107052437,107052260,1310988,1310988,-8.020886e-05,-0.0005704757,0.00022721438,-0.004978221,-0.0011848535,-0.037435908,3939,3864,0,0
107552578,107552402,1310988,1310988,-0.00023304716,-0.0001731335,-8.7244676e-05,-0.004231871,-0.000587662,-0.040251534,4094,4011,0,0
108052339,108052160,1310988,1310988,6.4605774e-05,5.4572236e-05,0.00021781304,-0.004693926,-0.00089338294,-0.03673063,4185,3914,0,0
108548695,108548516,1310988,1310988,0.00012677083,9.0146124e-05,-0.00014740769,-0.004806297,-0.00019570011,-0.040085476,3860,3984,0,0
109048560,109048383,1310988,1310988,0.00020112218,8.641543e-05,0.00015907832,-0.0038620604,-0.0012292684,-0.036276437,3852,3856,0,0
109548604,109548428,1310988,1310988,7.138805e-05,-0.00030531033,3.2123015e-05,-0.004597909,-0.0017658604,-0.03625329,4059,3845,0,0
110052716,110052531,1310988,1310988,-0.0002404764,0.00022942075,-0.00015454442,-0.0041468353,-8.1821105e-05,-0.038354665,3977,4003,0,0
110552550,110552376,1310988,1310988,0.00034051805,-0.00012636154,0.00014028205,-0.00471591,0.0010599798,-0.036818426,4034,3869,0,0
111052918,111052743,1310988,1310988,-0.00020316288,6.145829e-05,-8.016765e-05,-0.0047124643,-0.0008102152,-0.033161942,4091,3578,0,0
111553075,111552890,1310988,1310988,-0.00017956515,-0.0001856998,-7.7327386e-05,-0.0056748744,0.0011827343,-0.046313524,4004,4771,0,0
112048823,112048642,1310988,1310988,-0.00020791517,-0.00046357207,0.00019654393,-0.0041623097,-0.0012668467,-0.036344856,3861,3904,0,0
112548894,112548718,1310988,1310988,-0.0002722443,-1.2978748e-07,0.00019193099,-0.0037290882,-0.0010379975,-0.035808954,3861,3934,0,0
113048665,113048481,1310988,1310988,-0.0001401057,-0.0003577623,6.521469e-05,-0.005098689,0.0003193495,-0.038043372,3862,3967,0,0
113552266,113552088,1310988,1310988,-0.00040477817,-0.0003447722,-0.00016094853,-0.008494944,-0.0005982738,-0.07425685,4078,7876,0,0
114052360,114052182,1310988,1310988,-0.00023951357,-0.0005452049,0.000105566454,-0.0043636872,-0.0007085169,-0.035462033,4039,3584,0,0
114552864,114552687,1310988,1310988,-0.0003775094,-0.00014745258,-6.713133e-06,-0.003146724,4.261362e-05,-0.036619335,4133,3962,0,0
115052526,115052350,1310988,1310988,-0.00062371365,-0.0005451391,0.00022848508,-0.004175187,0.00066280144,-0.037598092,3988,3952,0,0
115549313,115549136,1310988,1310988,-0.0019270855,-0.00072940945,0.0018380891,-0.0038221034,-0.0009109358,-0.023833828,4226,3957,0,0
116048398,116048119,1310988,1310988,-0.00038670067,-0.0006804584,0.00067164097,-0.0025749437,-0.00080340804,-0.021972982,7367,4438,0,0
116548933,116548654,1310988,1310988,0.0006641023,-0.0002272662,-0.00080473913,-0.0020699087,-0.0011609257,-0.029042274,3950,3940,0,0
117048942,117048768,1310988,1310988,0.000386638,-0.00011941586,-0.00032058373,-0.0027261938,-0.0013654805,-0.034343347,3766,4035,0,0
117549168,117548992,1310988,1310988,-1.0302863e-05,3.5849152e-05,-7.381081e-05,-0.0023691682,-0.00020906495,-0.03308555,3883,3871,0,0
118052969,118052790,1310988,1310988,0.00016235201,-0.00019928545,-6.073774e-05,-0.0004213041,-0.00056251395,-0.03232828,3985,4013,0,0
118549415,118549236,1310988,1310988,0.00019192215,-8.6624386e-05,-0.0002504419,-0.0018763256,-0.00083087606,-0.034387205,4547,3987,0,0
119049009,119048833,1310988,1310988,0.00033747996,-0.00021140039,-0.0012787497,-0.0014169428,-0.00030182334,-0.030234164,3783,4007,0,0
119548590,119548411,1310988,1310988,-0.0003393979,-1.0011002e-05,-0.0028910309,-0.00082209444,2.8065044e-05,-0.03265922,3492,3974,0,0
120049307,120049130,1310988,1310988,0.00034622027,7.545022e-05,-0.006152857,0.00013975981,-0.0027256028,-0.03498826,4319,3998,0,0
120549031,120548857,1310988,1310988,-0.0023175518,-0.00012440592,-0.006052917,1.6384035e-06,-0.00092585053,-0.04996093,3977,3903,0,0
121049330,121049151,1310988,1310988,-0.00021750433,0.0010229382,-0.0023726735,-0.0002433282,-0.0017930942,-0.05074366,3902,4007,0,0
121553229,121553053,1310988,1310988,0.00014364692,5.2894593e-05,0.0009367607,-0.0012199766,-0.0018943193,-0.056303732,3861,4732,0,0
122049346,122049170,1310988,1310988,0.00084440695,-0.00042730756,0.005224795,0.0006357868,-0.00034344947,-0.041557994,4576,3959,0,0
122549267,122549088,1310988,1310988,-0.00017333374,-0.0015456788,0.0013041123,-0.00019181953,-0.0003806737,-0.056909274,4599,4001,0,0
123049394,123049211,1310988,1310988,0.0006496645,8.752865e-05,0.004469098,-0.02056962,-0.021863557,-0.095256805,4010,3817,0,0
123548639,123548459,1310988,1310988,8.8914625e-05,-0.00025426887,-0.0013886148,-0.00038373162,0.00019395382,-0.034628674,3884,3743,0,0
124049415,124049135,1310988,1310988,-8.2558785e-05,-0.0016953009,1.4267571e-05,0.0007436043,-0.00024101963,-0.035890084,4104,3532,0,0
124549382,124549202,1310988,1310988,0.00030859705,0.0012057199,0.00032148333,0.00041440022,-0.00020281479,-0.037969843,3916,3932,0,0
125053468,125053290,1310988,1310988,0.00014669762,0.0007565189,0.0043801293,-0.000705222,-5.7018297e-05,-0.040493805,4002,3887,0,0
125553474,125553299,1310988,1310988,0.0019235257,0.00039841872,0.0043548485,-0.00081125303,-0.0020558015,-0.040217888,3877,4133,0,0
126048998,126048822,1310988,1310988,-0.0011565163,0.00086374424,0.0024641163,-0.001580856,-0.0012619107,-0.037951495,3383,3897,0,0
126549645,126549465,1310988,1310988,-0.0008903547,-0.0016994943,0.002716758,-0.0006721227,-0.0008678684,-0.0396695,3927,3867,0,0
127049417,127049239,1310988,1310988,0.00089017826,0.0009249789,-0.0014915392,-0.0012506482,-0.000830389,-0.041576397,4488,4074,0,0
127549431,127549137,1310988,1310988,-0.00028859254,0.0015571276,-0.00034985016,-0.0026222235,-0.0010199407,-0.039768424,3563,3947,0,0
128049424,128049248,1310988,1310988,0.00064795953,0.000291796,-0.0003685892,-0.0040876786,0.00015894925,-0.038083665,3975,3950,0,0
128548848,128548672,1310988,1310988,0.00037969663,0.00017005569,-2.1738006e-05,-0.0048600887,-0.0007077847,-0.038473863,3446,3977,0,0
129053200,129053025,1310988,1310988,-0.0003678289,-0.00024035305,-0.0004854001,-0.0033447058,0.0006177972,-0.034148242,3889,3587,0,0
129549516,129549342,1310988,1310988,7.076311e-05,-7.746991e-05,0.00018416464,-0.0039489204,-0.00047144786,-0.03781381,3897,3994,0,0
130049518,130049345,1310988,1310988,2.029797e-05,-0.00014134272,0.00010211631,-0.0040746247,-0.000532625,-0.03902265,4134,3918,0,0
130549593,130549419,1310988,1310988,-0.000304617,2.326293e-05,0.00016421231,-0.0033047237,-0.0011777915,-0.04011139,3937,4078,0,0
131048825,131048649,1310988,1310988,0.0001308837,0.0009622703,0.00051948975,-0.0041738427,-0.002051583,-0.045959573,6809,4853,0,0
131549625,131549450,1310988,1310988,-2.7223512e-05,0.000119642566,7.149753e-05,-0.0032868688,-0.0011442222,-0.03762902,3929,3868,0,0
132053705,132053511,1310988,1310988,0.0002647037,0.00048636715,-1.808444e-05,-0.0042228857,-0.0011874612,-0.036308657,4224,3743,0,0
132553811,132553628,1310988,1310988,-0.0002803292,-0.00016936767,0.00047825923,-0.0041242205,-0.0016771593,-0.03561378,4146,3800,0,0
133049465,133049290,1310988,1310988,0.00029277668,0.00054210844,-7.180223e-05,-0.0039247717,-0.0010029982,-0.036740497,4015,3879,0,0
133549511,133549331,1310988,1310988,0.0006287105,4.700609e-05,-4.17603e-05,-0.0050836476,-0.0012714099,-0.043005325,7547,4458,0,0
134049625,134049450,1310988,1310988,0.00029643025,-1.8430635e-05,0.000117203504,-0.00502069,-0.00013131968,-0.039630193,4012,4132,0,0
134549473,134549294,1310988,1310988,5.7961402e-05,0.000103325154,-0.00016561447,-0.0041019754,-0.00083227304,-0.039206244,4138,4065,0,0
135049602,135049427,1310988,1310988,-0.00011310147,0.0007826184,0.00035978117,-0.0046532294,-0.0013580525,-0.032371543,3898,3445,0,0
135553721,135553535,1310988,1310988,8.008978e-05,0.00013851387,0.00010395441,-0.0034985787,-0.0014477448,-0.038220737,4032,3914,0,0
136053479,136053303,1310988,1310988,-0.00056267495,0.0001177608,0.0010218739,-0.0044207643,-0.00097271876,-0.038844064,4019,4241,0,0
136549009,136548834,1310988,1310988,0.000112101516,-0.0005048612,-0.000149184,-0.009143361,-5.953329e-05,-0.07861555,3804,8087,0,0
137049722,137049538,1310988,1310988,-0.00030563178,3.4798548e-05,0.00024209646,-0.003523716,-0.00070469436,-0.037496686,3982,4076,0,0
137549661,137549480,1310988,1310988,-0.0003401903,0.00022501047,0.00017166564,-0.010792454,-0.0020801402,-0.07397549,4529,7582,0,0
138049694,138049512,1310988,1310988,0.0005957718,-3.859131e-06,0.00017118975,-0.0042882953,-0.00076249946,-0.026904713,4501,3855,0,0
138549650,138549470,1310988,1310988,-0.00045413186,0.00065691763,0.00026415713,-0.005265129,-0.001253641,-0.031772688,3973,4022,0,0
139050165,139049990,1310988,1310988,0.00035352487,6.734577e-05,-0.00013129276,-0.0041353046,-0.0013307247,-0.032409262,4373,3799,0,0
139553827,139553650,1310988,1310988,0.00027144363,0.0004148948,-5.5281093e-05,-0.0034665612,0.0008994017,-0.035476204,4060,4062,0,0
140049455,140049279,1310988,1310988,-0.0001455961,-4.2233583e-05,0.00010959478,-0.00249647,-0.001333722,-0.037743185,4061,4067,0,0
140549775,140549595,1310988,1310988,0.00048099217,0.00022829625,0.000115458024,-0.0016347197,-0.001911424,-0.038017336,3834,4125,0,0
141050058,141049882,1310988,1310988,0.0020446714,0.0002255635,0.0038443655,-0.00033076789,-0.0011958557,-0.037596293,3953,3930,0,0
141549569,141549395,1310988,1310988,-0.0010198237,9.570282e-05,0.003408723,-0.0006725756,-0.0007983046,-0.037210673,3500,3987,0,0
142049474,142049298,1310988,1310988,-0.0014555313,0.0010940696,0.0035851398,-0.00028810307,-0.000101376005,-0.03783645,3869,4003,0,0
142549967,142549790,1310988,1310988,-0.00054914993,-0.00039092134,0.0023799725,-0.0020876878,-0.0006503614,-0.03925177,3851,4186,0,0
143053800,143053621,1310988,1310988,0.0009256076,-0.0011797865,-0.0011260218,-0.0019036094,-0.00097995,-0.039290242,3484,3985,0,0
143549948,143549774,1310988,1310988,-0.0003294766,-0.00036685684,0.00014289262,-0.0015074568,0.0013269718,-0.037947927,4460,3835,0,0
144049999,144049823,1310988,1310988,-0.0007804543,0.00069829595,9.663643e-05,-0.003871153,-0.0012209055,-0.039774958,3821,3992,0,0
144550085,144549903,1310988,1310988,-0.0006809752,0.00012985697,-0.00010149022,-0.003837063,-8.750601e-05,-0.037301682,3873,3998,0,0
145049993,145049817,1310988,1310988,-0.0007127969,9.398448e-05,9.182993e-06,-0.0042760596,-0.001619644,-0.03778222,3923,4023,0,0
145550120,145549941,1310988,1310988,-0.00021818621,7.545689e-05,0.0004594595,-0.0052718585,-0.0007489388,-0.041292783,4519,4120,0,0
146049674,146049493,1310988,1310988,0.00029166916,-0.00030826713,0.000102366066,-0.004028712,-0.0016948604,-0.036208227,3415,4005,0,0
146550078,146549902,1310988,1310988,1.1490117e-06,1.6161191e-06,0.00024994885,-0.0034156379,-0.0002144963,-0.038695928,3810,3961,0,0
147049419,147049242,1310988,1310988,0.00015245727,-0.00023311516,-9.901293e-05,-0.007045879,-0.0003976413,-0.06824447,3845,7251,0,0
147550341,147550162,1310988,1310988,-0.0010806493,0.00041059207,5.6413057e-05,-0.0038141038,-0.0005633189,-0.03962355,3884,4134,0,0
148050335,148050160,1310988,1310988,9.3501934e-05,0.00038246432,-1.3828419e-05,-0.00352432,-0.0003866231,-0.037768662,3880,4004,0,0
148549884,148549707,1310988,1310988,0.00084981846,-0.00020512471,6.4808484e-07,-0.005615245,-0.0019474633,-0.05035493,7266,5030,0,0
149050422,149050242,1310988,1310988,-0.0003760301,-0.00017954555,6.393856e-05,-0.0041956366,-0.00046952508,-0.040062208,4685,4076,0,0
149550391,149550104,1310988,1310988,-0.00019906019,-0.00016610588,-1.2229928e-05,-0.0036529263,-0.0005035705,-0.03828781,3996,3896,0,0
150050293,150050111,1310988,1310988,-0.00033894723,-1.6708636e-05,0.00017522855,-0.0029207869,-0.0008029668,-0.03703824,3945,3941,0,0
150550376,150550189,1310988,1310988,-0.00023536084,0.0005339869,-1.944897e-05,-0.004654379,-0.00034548508,-0.035239484,4059,3619,0,0
151049568,151049394,1310988,1310988,-0.00021934138,0.00014045418,-0.0001599071,-0.0050090263,-0.0011350069,-0.042801846,6904,4591,0,0
151550247,151550070,1310988,1310988,-1.7320961e-05,-4.333278e-05,-4.5306515e-05,-0.0033847431,-0.0011371006,-0.03533078,3936,3846,0,0
152050392,152050217,1310988,1310988,-0.00023046022,-2.0495889e-05,-0.00016451451,-0.002934705,-0.00014277927,-0.038473796,3989,3884,0,0
152550231,152550052,1310988,1310988,0.00056095363,0.00013273889,0.00018794938,-0.0045538144,-0.0016005477,-0.035756506,3988,3891,0,0
153049861,153049683,1310988,1310988,-0.0003082082,0.00040660801,9.3042065e-05,-0.0035971925,-0.0009398519,-0.03880218,4016,3964,0,0
153550420,153550241,1310988,1310988,-0.00026341018,-6.641603e-05,0.00018885231,-0.0048842942,-0.0012111389,-0.037182648,3882,3992,0,0
154050468,154050289,1310988,1310988,0.00025948326,0.00032199442,0.00017994092,-0.003609641,-0.00058949087,-0.034649163,3878,3634,0,0
154550048,154549872,1310988,1310988,1.1697385e-06,0.00037146514,0.00024510227,-0.0048808064,-0.001376118,-0.03857783,3843,4051,0,0
155050592,155050416,1310988,1310988,0.00056929037,0.00022504221,-9.5774754e-05,-0.0032949853,-0.00027950114,-0.039234594,4088,4072,0,0
155550441,155550265,1310988,1310988,-0.00039083968,0.00027321573,0.00014916426,-0.0041611083,-0.0019449028,-0.035932176,4018,3897,0,0
156050344,156050167,1310988,1310988,-0.00025428357,0.00025276095,0.00030277378,-0.0048175943,-0.0013269909,-0.037157554,4000,4013,0,0
156550530,156550351,1310988,1310988,-0.00011593219,0.00017409502,-1.9467681e-05,-0.0062001008,-0.0014610538,-0.039568055,3563,4133,0,0
157054006,157053830,1310988,1310988,-0.0017191303,-0.00010095628,0.00032130504,-0.0039949655,-3.0332988e-06,-0.030898578,4149,3330,0,0
157550558,157550379,1310988,1310988,-7.2378665e-05,-0.0007245811,0.00014716554,-0.004628126,-0.0007726826,-0.035918735,3965,3663,0,0
158050353,158050171,1310988,1310988,-0.00034026665,1.4451531e-05,-4.5478944e-05,-0.0049803094,-0.0004556618,-0.032322932,3974,3502,0,0
158550524,158550347,1310988,1310988,0.00014512803,-0.0002484527,-0.00012355499,-0.0050932467,-0.00045110492,-0.040760856,3781,4290,0,0
159050055,159049880,1310988,1310988,-0.0004631061,-7.390422e-05,-0.00017617826,-0.0038981156,-0.0006101323,-0.03690913,3754,3753,0,0
159550641,159550461,1310988,1310988,-6.348609e-05,0.00025412743,-0.0002105069,-0.0050083445,-0.0023693969,-0.04108907,3651,4336,0,0
160050568,160050388,1310988,1310988,-0.00062379945,0.00012394603,0.0011269129,-0.0038424144,-0.0014349528,-0.035026904,8612,3763,0,0
160550663,160550484,1310988,1310988,-0.00016365961,2.2354247e-05,0.00024680095,-0.003937339,-0.00019997013,-0.038219657,3858,3992,0,0
161050390,161050204,1310988,1310988,-0.00045617862,-1.4069671e-05,0.0001369352,-0.0059245513,0.00016518569,-0.039019268,3906,4113,0,0
161550301,161550121,1310988,1310988,-2.3365736e-05,-0.00010972535,0.00020209464,-0.003927318,-0.0010110501,-0.03753873,3450,3991,0,0
162050720,162050540,1310988,1310988,0.00046939138,-0.0002429104,0.00018819737,-0.004037226,-0.0016510154,-0.04006809,3830,4027,0,0
162550882,162550707,1310988,1310988,-0.00055514975,-0.00031442227,0.00028923908,-0.005356805,-0.00086732104,-0.035072044,3883,3692,0,0
163050186,163050011,1310988,1310988,0.00026854724,0.000484848,0.00015244147,-0.004289907,-0.0010823176,-0.03873339,3997,4111,0,0
163551195,163551019,1310988,1310988,-0.00011539314,-0.0007141818,7.689075e-05,-0.0038540761,-0.00024645252,-0.03897765,4495,4030,0,0
164046972,164046795,1310988,1310988,0.00010003444,0.00017622104,-3.9275295e-05,-0.004428512,-0.0012114374,-0.04171001,4005,4587,0,0
164550878,164550700,1310988,1310988,0.00044514833,-0.0009683686,2.00998e-05,-0.0052687014,-0.001365127,-0.035522413,4425,4008,0,0
165050809,165050634,1310988,1310988,-0.00020866097,-2.5995253e-06,6.29843e-05,-0.0042952336,-0.0012680588,-0.039839245,3832,4099,0,0
165550757,165550578,1310988,1310988,-7.3972675e-05,0.000113941125,0.0004707756,-0.0031872438,-0.0022182176,-0.039007783,3894,3975,0,0
166051009,166050834,1310988,1310988,-1.8529503e-05,-0.0006219587,-1.3634539e-06,-0.0034833364,-0.00023219382,-0.038929842,3986,3871,0,0
166550930,166550754,1310988,1310988,-0.00021636217,0.00020537435,-0.00038506513,-0.004149818,-0.0016245896,-0.037181124,3901,3962,0,0
167050487,167050311,1310988,1310988,-0.00041384078,0.00049559586,2.1857597e-05,-0.004086106,-0.0016536554,-0.036981292,4096,3992,0,0
167546904,167546728,1310988,1310988,-1.7730072e-05,0.00026085708,-8.513063e-05,-0.0033748068,-0.0011611793,-0.041204702,3961,4332,0,0
168051013,168050835,1310988,1310988,0.00016666537,0.00040721722,-2.9184946e-05,-0.0042975834,-0.00070447143,-0.03749198,3917,3982,0,0
168550881,168550708,1310988,1310988,0.00048348948,5.9179216e-05,-7.434499e-05,-0.0045196726,-0.0016043324,-0.035308313,3988,3845,0,0
169051173,169050949,1310988,1310988,-1.1871099e-05,-0.00023293057,0.00023073175,-0.004216341,0.00017376183,-0.037640806,3959,4041,0,0
169546639,169546453,1310988,1310988,-0.00034536433,0.00019200973,0.00019168328,-0.0042780377,-0.0010463741,-0.03908717,4047,3905,0,0
170051293,170051116,1310988,1310988,-4.0790466e-05,-0.00031831444,0.0003894125,-0.0040105786,-0.0016934212,-0.039876208,4094,4035,0,0
170551233,170551011,1310988,1310988,2.0980222e-05,0.0012885147,0.000241508,-0.0036606123,-0.0017976841,-0.03876222,4122,3998,0,0
171050545,171050369,1310988,1310988,-6.728483e-05,-0.0003990408,-3.0576066e-05,-0.002862591,-0.0017427292,-0.03798019,4005,3948,0,0
171550591,171550416,1310988,1310988,3.2865508e-05,0.00034919856,-0.00015241563,-0.0027176742,-0.0011563866,-0.037754137,3500,4007,0,0
172051306,172051130,1310988,1310988,-0.00055844337,-3.7315935e-05,-0.00012659818,-0.001711409,-0.0004755304,-0.03138037,4062,3304,0,0
172551161,172550985,1310988,1310988,-0.00058154203,0.00027724492,-0.0004298047,-0.0025414946,-0.0025073753,-0.03925897,3864,4128,0,0
173051076,173050900,1310988,1310988,0.0023997428,0.00016872623,0.00046345138,-0.00035850776,-0.0017084642,-0.056769628,6731,5029,0,0
173550703,173550519,1310988,1310988,0.0014500995,0.0005435334,0.0047420994,-0.0024316001,-0.0016949615,-0.039561566,3932,4035,0,0
174051081,174050907,1310988,1310988,-0.0011880773,0.00025810974,0.0034874026,-0.0020808342,-0.0015023878,-0.03653523,3903,3989,0,0
174551084,174550907,1310988,1310988,0.00011223309,-0.0006125852,0.0033808888,-0.0014773575,-0.00172808,-0.030600341,4023,3334,0,0
175047192,175047018,1310988,1310988,0.00014541866,-0.0004442151,0.003050362,-0.000105751926,-0.00034425102,-0.039604995,3960,4242,0,0
175550534,175550359,1310988,1310988,0.0001773313,-0.0017254326,-0.00051229435,-0.0024138535,-0.003010627,-0.07430131,3933,7671,0,0
176051405,176051214,1310988,1310988,0.00046508937,0.0004334435,-0.00031142368,-0.0019068519,-0.0011374087,-0.04058471,4419,4192,0,0
176550824,176550648,1310988,1310988,-0.00030417205,0.0024368952,-0.00011809973,-0.0034961726,-0.0008937547,-0.038910773,4011,3975,0,0
177050721,177050540,1310988,1310988,-0.00042499875,-0.00034017573,0.00012281188,-0.0026698417,-0.0017462698,-0.037290283,3503,3864,0,0
177551290,177551113,1310988,1310988,-0.00033842033,-2.9398014e-05,0.00013212208,-0.0042596543,0.00018206493,-0.03652991,3902,3819,0,0
178051465,178051291,1310988,1310988,-0.00031488424,-0.0001549302,0.00012294648,-0.0044001797,-0.00082171446,-0.039701503,3948,3930,0,0
178547320,178547141,1310988,1310988,-0.0004123718,0.0002507439,-2.8123779e-05,-0.0029391227,-0.0011389774,-0.036657587,3962,3870,0,0
179050797,179050617,1310988,1310988,0.00036161405,-0.00069967937,0.00021335187,-0.004040791,-0.0014752976,-0.037031114,3410,4024,0,0
179551423,179551241,1310988,1310988,0.00027234477,-0.00026951297,0.00018648028,-0.004988194,-0.0016460777,-0.036847442,3883,3976,0,0
180050972,180050798,1310988,1310988,-9.149783e-05,6.434612e-05,0.00013451767,-0.0036886649,-0.0009153912,-0.03689986,3975,3893,0,0
180551399,180551222,1310988,1310988,-0.00036435164,0.00015878052,0.00050456874,-0.0042432444,-0.0006922944,-0.036392264,3996,3834,0,0
181051483,181051307,1310988,1310988,8.527064e-05,-7.595894e-05,0.00019119594,-0.0037963744,-0.00149802,-0.039637662,4320,4118,0,0
181551287,181551109,1310988,1310988,-7.374343e-05,3.5964422e-06,-8.728315e-05,-0.004138557,-0.0007624382,-0.039477535,3408,4150,0,0
182047181,182046954,1310988,1310988,-0.00072709005,-8.575244e-05,0.00013176487,-0.0039038295,-0.00085692824,-0.035147656,3965,3785,0,0
182551000,182550825,1310988,1310988,-1.6682707e-05,-3.4006713e-05,0.0005834958,-0.0053776717,-0.0014508332,-0.034975104,3629,3726,0,0
183051454,183051277,1310988,1310988,-0.00020462631,-0.00068423717,-0.00016582965,-0.0045305793,-0.0002507453,-0.038057547,3792,4002,0,0
183551130,183550954,1310988,1310988,-0.0002642035,-0.0001891303,0.0007126666,-0.004492077,-0.0018062724,-0.037264448,3603,3991,0,0
184051615,184051440,1310988,1310988,-0.00017865917,-1.8318196e-05,0.00027781032,-0.0044111027,-0.00091102446,-0.037852474,3896,4021,0,0
184551327,184551150,1310988,1310988,0.00030019812,2.4400737e-05,0.0002739226,-0.0043581664,-0.0015205718,-0.035285957,3953,3808,0,0
185051478,185051299,1310988,1310988,0.0001476269,-0.000104660314,2.962276e-05,-0.0045053414,-0.000805156,-0.03654129,3979,4016,0,0
185547024,185546848,1310988,1310988,-0.0018778769,-0.0022448145,-0.0005780091,-0.0035148882,-0.00091662025,-0.03515274,7514,3984,0,0
186051674,186051495,1310988,1310988,-0.0006762405,-0.00030979016,0.00027810017,-0.0042623663,-0.0014050093,-0.037409067,3856,4101,0,0
186551388,186551207,1310988,1310988,-0.00075431546,0.00013535288,-4.0923837e-06,-0.0040894877,-0.0012651326,-0.033349495,4080,3579,0,0
187051811,187051637,1310988,1310988,-0.00018725789,0.00053844927,-0.00016501441,-0.0048984825,-0.0009816893,-0.038727146,3853,3991,0,0
187551638,187551457,1310988,1310988,0.00037345666,4.0125036e-05,0.00021223498,-0.004176503,-0.0006704039,-0.03823505,4434,3915,0,0
188051425,188051251,1310988,1310988,0.0006130396,-0.0001571776,0.00041199033,-0.004920293,-0.0007595621,-0.036609557,3711,3889,0,0
188551400,188551217,1310988,1310988,0.00019223819,0.0008070251,0.00032867465,-0.004691231,-0.00067735475,-0.036384623,3818,3990,0,0
189047904,189047623,1310988,1310988,-0.00018044475,3.2607124e-05,0.0004781109,-0.0042337044,-0.00089497486,-0.0365931,3694,4041,0,0
189551405,189551225,1310988,1310988,6.3998006e-05,2.3123326e-05,0.00011525629,-0.0042453036,-0.0012084747,-0.03549406,3908,3891,0,0
190051674,190051494,1310988,1310988,-0.00020622918,-3.9732633e-05,0.00018543955,-0.004401963,-0.00033571757,-0.037724733,3897,3984,0,0
190551813,190551638,1310988,1310988,0.00039156136,-0.00031810792,0.0004368063,-0.003176655,-0.0010317398,-0.037568968,3743,4061,0,0
191051760,191051579,1310988,1310988,-0.000112903166,-0.00011269419,-4.2579053e-05,-0.0039542713,-0.00017001673,-0.03514401,3951,3867,0,0
191552018,191551843,1310988,1310988,0.00038892313,-4.932411e-06,0.00030127185,-0.0048083407,-0.0010908039,-0.03916799,3916,4046,0,0
192051516,192051341,1310988,1310988,-0.00022233432,0.00021830045,0.00020412146,-0.0038815269,-0.0018046264,-0.03250033,3887,3384,0,0
192548078,192547902,1310988,1310988,0.00019833712,0.00056576874,2.080648e-05,-0.004917126,-0.0011298141,-0.043325495,3291,4647,0,0
193048337,193048008,1310988,1310988,0.0005473939,-0.0003153456,4.919152e-05,-0.0031130977,-0.0014042065,-0.045217194,3928,4679,0,0
193548055,193547879,1310988,1310988,0.0001970776,0.0008936997,-1.2550727e-05,-0.001055017,-0.00043600702,-0.038363893,3903,3974,0,0
194051779,194051600,1310988,1310988,-0.0009488296,-0.00029750974,9.070587e-05,-0.0024435818,-0.0014569316,-0.037307482,3847,3927,0,0
194552107,194551931,1310988,1310988,-0.00049142045,0.0006391392,-0.000451804,-0.00013190867,-0.0012643161,-0.037516583,3890,4044,0,0
195051879,195051701,1310988,1310988,-4.237612e-05,0.00016285083,-0.00025640265,-0.0020155846,-0.0012632017,-0.03686782,3879,3897,0,0
195552139,195551961,1310988,1310988,-0.00030029519,-0.00022493108,8.18675e-05,0.0002372563,-0.0016016874,-0.036253806,4120,3860,0,0
196048067,196047885,1310988,1310988,0.00016329979,-0.00043688517,8.2869796e-05,-0.0012781924,-0.00034561526,-0.03091908,3847,3837,0,0
196548411,196548124,1310988,1310988,-2.7568176e-05,-0.00035430683,0.00054986554,-0.0020549074,0.00029940266,-0.03573813,3905,3786,0,0
197052109,197051934,1310988,1310988,-0.00012850054,-0.00065448874,0.00015318136,-0.0005092879,-0.00041711947,-0.041040853,3882,3927,0,0
197551424,197551247,1310988,1310988,0.0004040275,0.0004035423,-0.00011057766,-0.0018986821,-0.00053132727,-0.03641418,3832,3812,0,0
198051981,198051805,1310988,1310988,-0.00024273628,-4.7846906e-06,7.559669e-05,-0.0010351283,-0.0015854654,-0.033919908,3865,3800,0,0
198547980,198547802,1310988,1310988,-0.0002897133,-0.0005081811,-0.00012998041,-0.0012470159,-0.0016943101,-0.034743115,3922,3687,0,0
199052416,199052222,1310988,1310988,-9.280461e-05,-0.00021743527,0.00015120055,-0.0008836657,-0.00014437149,-0.03829307,3975,4085,0,0
199548473,199548297,1310988,1310988,0.00054834096,-0.00012459692,0.0005556757,-0.0002483224,-0.00088786037,-0.04026198,3889,4179,0,0
200048481,200048301,1310988,1310988,0.00018177414,-0.0003074939,8.962087e-05,-0.0004052654,-0.00035269163,-0.040787995,3992,4362,0,0
200548384,200548209,1310988,1310988,0.0004449553,6.652536e-05,0.000657812,-0.0010729628,-0.0015770852,-0.042220093,4121,4522,0,0
201052573,201052398,1310988,1310988,-5.5505065e-05,-5.9869897e-05,-0.00019565393,-0.0026635467,-0.000913042,-0.06906438,5078,7150,0,0
201552437,201552261,1310988,1310988,8.0165504e-05,0.00022378271,0.00032214905,-0.0005526233,-0.0019110357,-0.037217487,4223,3834,0,0
202052043,202051864,1310988,1310988,0.000586154,-0.0001575308,0.0003065699,-0.0012858378,-0.0013581602,-0.038403884,4128,4068,0,0
202552303,202552123,1310988,1310988,-0.00012746865,0.00010065351,0.00023818547,-0.00014201035,-0.00077210134,-0.03766558,4044,4103,0,0
203048544,203048367,1310988,1310988,0.00039215782,0.00019043975,0.00012454939,-0.0006179353,0.00025594453,-0.03655379,4009,3982,0,0
203548380,203548098,1310988,1310988,0.00018263604,7.7436634e-05,0.00023202888,-0.0006350396,-0.00020274408,-0.033687115,4112,3556,0,0
204047953,204047777,1310988,1310988,6.7255845e-05,-0.0006030923,0.00026805402,-0.0004460845,-0.00055982725,-0.032605767,4138,3440,0,0
204552141,204551967,1310988,1310988,-3.4868306e-05,0.00028721613,-5.4366e-05,-0.0007061957,-0.0014004399,-0.036156133,4016,3941,0,0
205052332,205052153,1310988,1310988,4.5843488e-05,-0.00015352281,0.00014443995,-0.0014088153,-0.0014223508,-0.037014127,4655,3962,0,0
205551647,205551465,1310988,1310988,-0.0002163232,-4.059945e-05,0.00016355889,-0.0012509356,-0.00077334704,-0.07450888,3862,7715,0,0
206052411,206052231,1310988,1310988,-6.295108e-05,-0.00014174411,1.5163256e-05,-0.001551394,-0.0016624655,-0.036580577,3986,3869,0,0
206548068,206547886,1310988,1310988,0.00047886654,-0.00024031958,9.7436685e-05,-0.0005192494,-0.00080013345,-0.031069232,4166,3320,0,0
207048706,207048525,1310988,1310988,0.00011251333,-6.0771e-05,-0.00037796955,-0.0015857829,-0.0014296422,-0.0447425,3986,4665,0,0
207548727,207548536,1310988,1310988,-0.00014062245,-0.00026032794,0.0003430926,-0.0014183114,-0.0005283755,-0.040224463,3996,4116,0,0
208052118,208051940,1310988,1310988,-0.000774465,-0.00024084639,0.0002329115,-0.0009104669,-0.001579219,-0.038228765,3928,3979,0,0
208552637,208552457,1310988,1310988,-0.00039970368,-2.2086262e-05,0.00029889474,-0.00062669074,-0.00078035734,-0.038831268,4006,3997,0,0
209052364,209052185,1310988,1310988,0.00043887817,-0.0002424559,0.0004645603,-0.00097000634,-0.00083942,-0.038575325,3902,4035,0,0
209552672,209552492,1310988,1310988,-0.0003397988,0.00029588252,0.00043739576,-0.00042593371,2.7574077e-05,-0.04030604,4471,4122,0,0
210048534,210048358,1310988,1310988,-0.00093734096,0.000567992,-0.00013648359,-0.00031843645,-0.0011669858,-0.036354803,4028,3819,0,0
210548715,210548532,1310988,1310988,0.00016004572,0.000428122,0.00030710222,-0.0021304581,-0.001108104,-0.04261126,3968,4603,0,0
211048499,211048324,1310988,1310988,9.7458964e-05,-7.4646334e-05,0.0002421584,-0.002194718,-0.0015336171,-0.034733903,3919,3802,0,0
211552694,211552498,1310988,1310988,0.0004598875,0.00024044326,-0.00018164417,-0.0009408476,-0.0011031508,-0.036724024,3904,3901,0,0
212052685,212052501,1310988,1310988,0.00025422845,8.848794e-05,3.1050666e-05,-0.0016187727,6.634429e-05,-0.03526702,4046,3993,0,0
212552426,212552251,1310988,1310988,0.000119524775,0.0006595886,0.00029101464,-0.0013819742,-0.00095734524,-0.039070074,3898,4113,0,0
213052820,213052634,1310988,1310988,-0.0009511918,0.0004440303,0.00011228266,-0.0018368682,-0.00063726195,-0.03782061,4451,4174,0,0
213548707,213548526,1310988,1310988,0.00024797168,0.000103886836,0.00013820201,-0.0015929851,-0.0010553598,-0.04293542,4037,4578,0,0
214048774,214048588,1310988,1310988,0.00010739412,0.0005554561,0.00016159326,-0.00075679587,-0.0013121521,-0.03919498,3927,3987,0,0
214548678,214548496,1310988,1310988,0.0005418762,0.00010493417,0.00012029301,-0.0012559746,-0.0012172348,-0.035261057,3998,3822,0,0
215048712,215048533,1310988,1310988,4.1029416e-05,0.00010434497,0.00051840127,-0.0015705904,-0.0011568016,-0.037487052,3838,3860,0,0
215552923,215552747,1310988,1310988,-8.0477e-05,0.00020610137,-0.00012761595,-0.0014304483,-0.0010135353,-0.03788899,4227,4043,0,0
216052836,216052658,1310988,1310988,-0.00036543852,0.00024490347,7.2155635e-05,-0.0012104018,-0.0016444237,-0.03506195,4064,3735,0,0
216552769,216552590,1310988,1310988,-0.0006117142,0.0002867741,-0.00021880644,-0.00024581834,-0.00064952264,-0.0355778,4010,3823,0,0
217049085,217048910,1310988,1310988,-0.00042036813,-6.72495e-05,0.0004362836,0.00036469693,-0.0016229523,-0.041948963,4130,4525,0,0
217548966,217548790,1310988,1310988,-5.3305976e-05,0.00046192663,0.00016282088,-0.0012948627,-0.0007558444,-0.035234544,4113,3767,0,0
218044317,218044137,1310988,1310988,-0.0005773036,0.00041949967,-9.306104e-05,-0.000956579,-0.0021474727,-0.03738226,3707,4329,0,0
218549041,218548864,1310988,1310988,0.000518614,0.00025781195,0.00031927638,-0.0010102801,-0.0008832072,-0.03809514,3907,3973,0,0
219052802,219052611,1310988,1310988,6.0739352e-05,-0.000112043104,7.933774e-05,-0.000948626,-0.0014589044,-0.03796016,3967,3984,0,0
219552589,219552412,1310988,1310988,-5.1134924e-05,-6.170674e-05,8.924639e-05,-0.00051095017,-0.0016763194,-0.03806664,3871,4177,0,0
220053059,220052885,1310988,1310988,0.00012608067,0.00012438343,0.00035359894,-5.8110454e-05,-0.000514472,-0.03655602,4293,4007,0,0
220549165,220548942,1310988,1310988,0.00017360924,-0.00042949646,0.00052228983,-0.0012057252,0.00040046888,-0.03721637,3898,3986,0,0
221049010,221048834,1310988,1310988,-0.0002814589,-0.0001799366,0.0002917149,-0.00017933107,-0.0015022084,-0.03690488,3939,3967,0,0
221549118,221548942,1310988,1310988,-0.0006328686,0.0001712339,-0.0003701869,-0.0007941424,-0.0011954972,-0.034584664,4122,3755,0,0
222048883,222048708,1310988,1310988,-0.00010786425,0.00025112164,-6.726859e-05,-0.0012571012,0.00010867326,-0.03611177,3865,3878,0,0
222553216,222552986,1310988,1310988,-0.00017928476,-0.00044041534,0.0001329148,-0.0017312326,-0.0005849692,-0.03799675,3882,3997,0,0
223053037,223052860,1310988,1310988,6.209198e-05,-0.00042662155,-2.537089e-05,0.00011688072,-4.295825e-05,-0.038463123,3857,4005,0,0
223552678,223552497,1310988,1310988,-4.567464e-05,-0.00011194561,0.00041246315,-0.0007130781,-0.0019445694,-0.037537288,4008,3997,0,0
224049137,224048954,1310988,1310988,-0.00031121503,-0.00038095444,-5.933011e-05,-0.0013893353,-0.0010870851,-0.0355333,3918,3911,0,0
224549162,224548987,1310988,1310988,-0.0004059527,-3.1314212e-06,0.00020327437,-0.0024374602,-0.0013527327,-0.036720462,4027,3896,0,0
225048845,225048562,1310988,1310988,0.00011464209,-4.189713e-05,0.0002221571,-0.0012995246,-0.0017301107,-0.031287596,4002,3481,0,0
225552509,225552329,1310988,1310988,4.6598907e-05,0.0001235232,0.00049045344,-0.00068606745,-0.00027295036,-0.036521588,3952,3910,0,0
226052974,226052797,1310988,1310988,0.00021716698,0.0006784966,0.00030553425,-0.00027368256,-0.0013620547,-0.03724026,3898,3969,0,0
226553434,226553259,1310988,1310988,-0.0002969344,9.337794e-05,0.00035762507,-0.0006681648,-0.0012619359,-0.036889218,3945,3989,0,0
227053232,227053010,1310988,1310988,-2.5371242e-05,0.00018579788,0.0006205684,-0.0017835109,-0.0010899287,-0.033106826,3993,3633,0,0
227549351,227549169,1310988,1310988,-0.00024741094,0.0012476846,-0.0002132283,-0.0013449088,-0.0009071259,-0.037016995,3994,3881,0,0
228033375,228033193,1310988,1310988,-0.00022328542,0.0018067998,0.0005172824,-0.0059486884,-0.0062166257,-0.24058816,4975,26764,0,0
228548936,228548653,1310988,1310988,0.00046828025,0.00011329728,0.00016196816,-0.0015025331,8.163806e-05,-0.03011395,4138,3308,0,0
229049505,229049330,1310988,1310988,-0.00016645026,-0.00049701607,-2.6840431e-05,-0.0009998777,-0.00089894107,-0.035918374,4182,3793,0,0
229549459,229549284,1310988,1310988,-0.00023034304,-0.0002760066,-0.000136823,-0.0005273959,-0.0010724571,-0.036448147,4032,3884,0,0
230053367,230053187,1310988,1310988,0.0004722025,0.0003232256,0.00010033336,-0.0009570809,-0.0009821035,-0.03911695,3915,4005,0,0
230553317,230553140,1310988,1310988,0.00047752386,0.00012731287,0.00059742795,0.00022565124,9.69847e-05,-0.0351082,4087,3919,0,0
231049367,231049189,1310988,1310988,-0.00037941046,-0.00020654072,0.00018563854,-0.0005106224,-0.00077679753,-0.04313674,4020,4493,0,0
231549682,231549503,1310988,1310988,-0.00025284052,0.00059462705,-6.521409e-05,-0.00022084115,-0.0011014342,-0.041067578,4134,4505,0,0
232049556,232049381,1310988,1310988,-0.0002569431,0.00023507129,0.0001126479,-0.000653399,-0.0017254872,-0.034488007,3986,3747,0,0
232549742,232549561,1310988,1310988,-7.9775775e-05,9.258955e-05,0.00012837647,-0.00025343703,-0.0001313344,-0.042838,4073,4506,0,0
233052996,233052819,1310988,1310988,-2.8139479e-05,-0.000103141625,0.0003098521,-0.00038654896,-0.00048220216,-0.037141874,3872,4036,0,0
233553305,233553126,1310988,1310988,-0.00035252096,-0.0005651268,0.0002841238,-0.0014537905,-0.0016872092,-0.03796336,4509,3931,0,0
234053597,234053419,1310988,1310988,0.00018372363,0.00019202926,4.3070282e-05,-0.0009686733,-0.00055562344,-0.03928179,3835,4166,0,0
234549340,234549165,1310988,1310988,-0.00015139914,0.00018388918,-2.3623832e-05,-0.0011016527,-0.001596409,-0.037732687,3827,4080,0,0
235049516,235049341,1310988,1310988,-0.00014679962,-5.7303638e-05,0.00030906257,-0.00050077774,4.0033156e-05,-0.034953896,3995,3878,0,0
235549444,235549269,1310988,1310988,1.3122507e-05,2.7695285e-05,-9.116387e-05,-0.00024258388,-0.0005308363,-0.033351105,3865,3556,0,0
236049534,236049357,1310988,1310988,0.00016235403,0.00013268039,0.000114804774,-0.00027496953,-0.00024007245,-0.04132751,3418,4435,0,0
236553106,236552931,1310988,1310988,-0.00010347311,-0.00011242458,6.438495e-05,-0.00048335467,-0.00049312564,-0.03747667,3522,3977,0,0
237052939,237052765,1310988,1310988,-0.00019877701,-0.00021510046,0.00020249905,-0.0032294278,-0.0019032406,-0.07200752,3911,7601,0,0
237553218,237552994,1310988,1310988,-0.0005781308,-0.00025809213,0.00039567644,-0.0011713894,-0.0008419892,-0.03870146,3551,4084,0,0
238049874,238049699,1310988,1310988,-0.00069541094,-0.00048682705,0.0003095325,-0.00016942088,-0.0019151474,-0.037306402,3969,4035,0,0
238549684,238549500,1310988,1310988,0.00015717767,-0.00015713139,-5.71393e-05,-0.0002725687,-0.0006649873,-0.037172906,3972,3910,0,0
239049534,239049355,1310988,1310988,-0.00064848585,0.00022908264,0.00012085938,-0.0016517505,-0.0012663252,-0.038251385,3482,4221,0,0
239549394,239549108,1310988,1310988,0.00010432945,0.00038850954,-5.5583994e-05,-0.00020378565,-0.000584715,-0.032101173,4106,3443,0,0
240049930,240049653,1310988,1310988,-0.00027485017,0.00046760545,0.000107602966,-0.00073701557,-0.0016554948,-0.035172492,4130,3730,0,0
240553669,240553490,1310988,1310988,0.00033438674,0.00044180095,0.00045163633,0.00048251497,-0.0010909266,-0.034818057,3779,3757,0,0
241053733,241053553,1310988,1310988,0.00021532025,0.00044327835,4.2634867e-05,-0.00062050717,-0.0015475567,-0.039065808,3867,3866,0,0
241549534,241549358,1310988,1310988,-0.00061696616,0.0011590346,-3.5785647e-06,0.00040443326,-0.0016429011,-0.031017458,4081,3410,0,0
242049833,242049647,1310988,1310988,-0.0005219251,0.0004731821,0.00069398084,-0.0008347586,-0.0008037133,-0.035102747,4028,3895,0,0
242549214,242549039,1310988,1310988,0.00030361838,7.505287e-05,0.00064479734,-0.00088992063,-0.0010388154,-0.0398661,7611,4176,0,0
243049848,243049671,1310988,1310988,0.00033226807,-0.0002349809,-0.00017384344,-0.0004275391,-0.0013121462,-0.03703374,3847,3945,0,0
243549254,243549073,1310988,1310988,-0.00083241146,-0.00018858016,-5.8574286e-05,-0.0010713226,-0.001744363,-0.03319599,3972,3650,0,0
244053537,244053362,1310988,1310988,3.483402e-05,7.904368e-05,0.0004725095,-0.0011469041,-0.00085282576,-0.03622621,4108,3860,0,0
244553902,244553765,1310988,1310988,9.957175e-05,-0.00039355687,-1.2428374e-05,-0.0008494375,-0.000818716,-0.04022695,3604,4224,0,0
245049493,245049318,1310988,1310988,0.00013616205,-0.00044592316,0.00042081124,-0.00013754246,-0.002112648,-0.034538917,3815,3666,0,0
245549802,245549624,1310988,1310988,0.000522969,0.0002770981,8.712549e-05,-0.00030804588,-0.0009787874,-0.036154278,3915,3973,0,0
246050058,246049883,1310988,1310988,-0.00047725672,0.00048598755,-0.00014425695,-0.00074353337,-0.00053385523,-0.037275016,3872,4001,0,0
246550236,246550014,1310988,1310988,3.9673603e-05,0.0001238626,0.0005510912,0.00022052605,-0.0017589321,-0.03727415,3987,4015,0,0
247046473,247046296,1310988,1310988,-6.531284e-05,0.00040523012,0.0002019941,-0.0011546527,-0.0017132704,-0.038323358,4802,4000,0,0
247553317,247553139,1310988,1310988,-0.00018467974,-8.752051e-05,0.00010199614,0.00024591165,-0.0004396949,-0.036947552,3870,3922,0,0
248053904,248053728,1310988,1310988,-0.000745884,0.00036596114,-0.00018195526,-0.0019766046,-0.0017340127,-0.042316776,7588,4588,0,0
248550034,248549857,1310988,1310988,0.00019868727,-0.00035692638,0.00036788327,-0.0008987958,-0.0013107305,-0.0346508,3987,3906,0,0
249050198,249050023,1310988,1310988,0.00033798133,0.00037398055,0.00020121306,-0.0015794149,-0.0009503992,-0.034443308,4305,3598,0,0
249550090,249549908,1310988,1310988,-0.0002577201,0.00019558486,0.00057317415,0.00011018761,-0.00051476597,-0.03650059,4028,3756,0,0
250050049,250049872,1310988,1310988,-0.00016410548,0.0003973459,0.00013586285,-4.521307e-05,-0.0010910275,-0.03937787,3714,4132,0,0
250550233,250550057,1310988,1310988,0.0004109933,0.000100793324,0.00038640684,-0.0006280435,-0.00048379527,-0.036771253,4175,3842,0,0
251050041,251049866,1310988,1310988,0.0001629229,6.773716e-05,0.00038301208,-0.0010171907,-0.00016324475,-0.03568249,4093,3857,0,0
251549973,251549798,1310988,1310988,-0.0004685414,0.00014329437,0.00017263874,-0.0007095051,-0.0014663764,-0.033602573,4009,3588,0,0
252050294,252050110,1310988,1310988,7.994571e-05,0.0007371806,0.00026503875,-0.00035025214,-0.0008665917,-0.036280327,3932,3854,0,0
252550194,252549971,1310988,1310988,-4.6819172e-05,0.00015104673,0.00040417377,-0.0018813042,-0.0010859483,-0.03339508,3989,3541,0,0
253050223,253050048,1310988,1310988,0.00021881668,-0.0004145697,0.00010225984,-0.0011345717,-0.00069750444,-0.035179283,3913,3764,0,0
253550241,253550066,1310988,1310988,1.3398389e-05,0.00017695322,0.00043079298,-0.0005597899,-0.0017905261,-0.033075776,4062,3682,0,0
254050203,254049981,1310988,1310988,-0.0005209828,0.00031987167,0.00040199293,-0.00033416555,-0.00035538967,-0.03669193,3920,3883,0,0
254550352,254550064,1310988,1310988,-4.3117612e-05,5.7522007e-05,0.0002813979,-0.0014257389,-0.00070976623,-0.034340214,3999,3640,0,0
255050037,255049862,1310988,1310988,-0.00040462858,-0.00043917168,0.00045979288,-0.0015523037,-0.0008815941,-0.03382506,3860,3667,0,0
255550289,255550110,1310988,1310988,-0.00060267514,-0.00017725951,0.00017706929,-0.0016103549,-0.0012495264,-0.034952074,3811,3809,0,0
256050431,256050257,1310988,1310988,-9.594832e-05,-0.00013847156,0.0002984489,0.00033543486,-0.00040961735,-0.037709225,3915,4085,0,0
256550126,256549951,1310988,1310988,4.3275202e-05,-4.7056612e-05,0.00046979924,-0.00031378295,-0.0019141093,-0.03753668,3840,4028,0,0
257050483,257050305,1310988,1310988,0.000107120926,-0.00058505434,0.00015930684,-0.0013484323,-0.002413006,-0.037713833,3775,4187,0,0
257550279,257550102,1310988,1310988,-0.000602146,-6.696301e-05,0.00013603369,-0.0018826374,-0.001926514,-0.03796465,3811,4095,0,0
258050561,258050384,1310988,1310988,0.0005160066,0.00016642342,-4.2463525e-06,-0.00030892878,-0.0021633285,-0.04513382,3947,4763,0,0
258550556,258550379,1310988,1310988,-0.0007357013,0.00020026811,-0.00015742719,0.00038973,-0.0025860982,-0.044700194,3968,4709,0,0
259050671,259050491,1310988,1310988,0.00036449873,4.148238e-05,0.00019255781,-0.001045861,-0.0031455357,-0.04164597,4029,4575,0,0
259550380,259550205,1310988,1310988,6.98458e-05,-0.0005034386,-5.7808786e-05,-0.0013924082,-0.0020474433,-0.034158774,3998,3650,0,0
260050711,260050529,1310988,1310988,0.0002047188,-0.00046232098,3.345143e-05,-0.0018134405,-0.0010996998,-0.04298014,4035,4580,0,0
260550343,260550166,1310988,1310988,-0.00019763445,-7.7906996e-05,-0.00023867852,-5.763063e-05,-0.0005243644,-0.035566658,3971,3812,0,0
261050789,261050605,1310988,1310988,0.000117631156,-4.4558564e-07,0.0007288575,-0.0013342844,-0.0011851673,-0.036169816,4091,3950,0,0
261550639,261550457,1310988,1310988,-6.2035065e-06,0.00016054463,0.0004350649,-0.0004351477,-0.0018755621,-0.037688147,3933,4067,0,0
262046870,262046694,1310988,1310988,-0.003280221,0.0028945839,-0.038976766,-0.0009757894,-0.0017536851,-0.035282075,4025,4062,0,0
262550403,262550224,1310988,1310988,-0.0026888554,-0.0005169058,-0.011703685,8.392821e-06,-0.0011082313,-0.006604032,3850,3643,0,0
263050746,263050559,1310988,1310988,0.00070963294,0.0011820297,-0.00055660214,-0.00060931104,-0.0009519486,-0.025587074,4116,4593,0,0
263550836,263550661,1310988,1310988,-0.0039812285,-0.00385089,2.0538839e-05,-0.00021072582,-0.0011578453,-0.015241776,4144,4333,0,0
264050878,264050703,1310988,1310988,0.00085124274,0.000548413,0.0001760693,-0.0029758185,0.00075039273,-0.04939465,4075,3947,0,0
264550673,264550488,1310988,1310988,0.00056339416,1.1402153e-05,0.00038016564,-0.00274705,0.00019144923,-0.05082578,3812,4350,0,0
265050141,265049965,1310988,1310988,-7.7309414e-05,0.00026019503,0.00040493664,-0.0014037667,-0.0013917612,-0.028963659,3899,3604,0,0
265550562,265550387,1310988,1310988,-7.2497605e-05,0.00013955434,0.00020320226,-0.0011125782,-0.0005887566,-0.041736934,3674,4187,0,0
266050345,266050167,1310988,1310988,0.0001975538,0.00016140372,0.00016085742,-0.0001350026,5.1188923e-05,-0.03399144,4018,3566,0,0
266550604,266550426,1310988,1310988,-2.2275426e-05,-6.817496e-05,-1.1412089e-05,-0.0012789296,-0.00063875277,-0.038151264,3872,4030,0,0
267050567,267050390,1310988,1310988,-2.044768e-05,-3.536829e-05,0.00021479519,-0.00076378975,-0.0013352493,-0.035738114,4109,3686,0,0
267550983,267550805,1310988,1310988,-0.00022387315,5.1005056e-05,-1.1229585e-05,-0.0010797824,-0.0013444809,-0.032870043,4053,3924,0,0
268050802,268050624,1310988,1310988,2.397485e-06,3.5659916e-05,0.00014557104,-0.0018102508,-0.00018132641,-0.033415075,4206,3608,0,0
268550668,268550487,1310988,1310988,-0.00023303385,-0.00018176128,0.00013268848,-0.0007213459,-0.0011050553,-0.037311945,3943,3999,0,0
269050378,269050198,1310988,1310988,0.00020074804,-0.0002027518,3.3257435e-05,-0.00079666136,-0.0005828073,-0.035124626,4091,3570,0,0
